id,name_cn,name_en,pinyin,category,period,region,summary,meaning,symbolism,carriers,composition,modern,visual_keywords,tags,colors,related,url,batch,card_image
001,缠枝莲纹,Interlocking Lotus Scroll Pattern,,植物花卉纹,,,以莲花与卷曲藤蔓连续展开，常见于瓷器、织锦与建筑装饰。,清雅、连绵、生生不息,,,,,莲花、卷草、连续藤蔓、青绿白描,,,,,第01批_001-010_植物花卉纹,patterns/001-020_植物花卉纹/001_缠枝莲纹/001_缠枝莲纹_卡片图.png
002,宝相花纹,Baoxiang Floral Pattern,,植物花卉纹,,,融合莲花、牡丹等花形的理想化花卉纹样，形态饱满华丽。,庄严、富贵、圆满,,,,,对称团花、层叠花瓣、鎏金边线,,,,,第01批_001-010_植物花卉纹,patterns/001-020_植物花卉纹/002_宝相花纹/002_宝相花纹_卡片图.png
003,牡丹纹,Peony Pattern,,植物花卉纹,,,牡丹被视为富贵之花，常用于瓷器、织绣、漆器与家具装饰。,富贵、繁荣、华美,,,,,盛开牡丹、卷叶、朱砂粉绿,,,,,第01批_001-010_植物花卉纹,patterns/001-020_植物花卉纹/003_牡丹纹/003_牡丹纹_卡片图.png
004,菊花纹,Chrysanthemum Pattern,,植物花卉纹,,,菊花纹线条舒展，常见于器物、织物和文人审美图案中。,高洁、长寿、清雅,,,,,重瓣菊花、圆形构图、淡黄墨线,,,,,第01批_001-010_植物花卉纹,patterns/001-020_植物花卉纹/004_菊花纹/004_菊花纹_卡片图.png
005,莲瓣纹,Lotus Petal Pattern,,植物花卉纹,,,由莲花花瓣环绕组成，常见于佛教器物、瓷器口沿和器座装饰。,清净、庄重、安宁,,,,,环形莲瓣、层层排列、对称构成,,,,,第01批_001-010_植物花卉纹,patterns/001-020_植物花卉纹/005_莲瓣纹/005_莲瓣纹_卡片图.png
006,卷草纹,Scroll Grass Pattern,,植物花卉纹,,,以卷曲草叶连续延展，常作为边饰或填充纹样。,生命力、延展、装饰韵律,,,,,藤草卷曲、连续边饰、墨绿线条,,,,,第01批_001-010_植物花卉纹,patterns/001-020_植物花卉纹/006_卷草纹/006_卷草纹_卡片图.png
007,忍冬纹,Honeysuckle Pattern,,植物花卉纹,,,忍冬纹枝叶翻卷灵动，常用于石刻、壁画和器物装饰。,生命延续、坚韧、繁盛,,,,,忍冬叶、翻卷叶片、古典石刻感,,,,,第01批_001-010_植物花卉纹,patterns/001-020_植物花卉纹/007_忍冬纹/007_忍冬纹_卡片图.png
008,唐草纹,Tang Scroll Pattern,,植物花卉纹,,,以蔓草连续缠绕为特征，结构自由华丽，适合背景与边饰设计。,繁盛、流动、华丽,,,,,蔓草、花叶交织、唐风装饰,,,,,第01批_001-010_植物花卉纹,patterns/001-020_植物花卉纹/008_唐草纹/008_唐草纹_卡片图.png
009,石榴纹,Pomegranate Pattern,,植物花卉纹,,,石榴多籽，常见于织绣、瓷器与民俗装饰。,多子多福、家族兴旺,,,,,裂开石榴、多籽、花叶环绕,,,,,第01批_001-010_植物花卉纹,patterns/001-020_植物花卉纹/009_石榴纹/009_石榴纹_卡片图.png
010,梅花纹,Plum Blossom Pattern,,植物花卉纹,,,梅花凌寒开放，是传统纹样中极具文人气质的花卉主题。,坚韧、高洁、春信,,,,,五瓣梅花、枝干、留白、墨色,,,,,第01批_001-010_植物花卉纹,patterns/001-020_植物花卉纹/010_梅花纹/010_梅花纹_卡片图.png
011,兰草纹,Orchid Pattern,,植物花卉纹,,,兰草纹清秀舒展，常表现幽雅、品格与文人气息。,清雅、品格、君子气,,,,,兰叶舒展、细线条、淡墨青绿,,,,,第02批_011-020_植物花卉纹,patterns/001-020_植物花卉纹/011_兰草纹/011_兰草纹_卡片图.png
012,竹叶纹,Bamboo Leaf Pattern,,植物花卉纹,,,竹叶纹常见于书画、器物和园林装饰图案。,虚心、气节、平安,,,,,竹叶、竹节、疏密构图,,,,,第02批_011-020_植物花卉纹,patterns/001-020_植物花卉纹/012_竹叶纹/012_竹叶纹_卡片图.png
013,松针纹,Pine Needle Pattern,,植物花卉纹,,,松针纹可用于表现古朴、沉稳、清雅的视觉氛围。,长寿、坚贞、稳重,,,,,松枝松针、墨绿、古雅构图,,,,,第02批_011-020_植物花卉纹,patterns/001-020_植物花卉纹/013_松针纹/013_松针纹_卡片图.png
014,桃花纹,Peach Blossom Pattern,,植物花卉纹,,,桃花纹轻盈明丽，适合表现春日与美好祝愿。,生机、姻缘、美好,,,,,桃花、枝叶、粉色淡彩,,,,,第02批_011-020_植物花卉纹,patterns/001-020_植物花卉纹/014_桃花纹/014_桃花纹_卡片图.png
015,海棠纹,Begonia Pattern,,植物花卉纹,,,海棠纹柔美端庄，常用于织绣、窗格、家具与器物装饰。,富贵满堂、柔美、雅致,,,,,海棠花形、圆润花瓣、对称,,,,,第02批_011-020_植物花卉纹,patterns/001-020_植物花卉纹/015_海棠纹/015_海棠纹_卡片图.png
016,荷叶纹,Lotus Leaf Pattern,,植物花卉纹,,,荷叶纹常与莲花组合出现，叶片舒展，具有自然意象。,清净、自然、舒展,,,,,大荷叶、莲茎、水面留白,,,,,第02批_011-020_植物花卉纹,patterns/001-020_植物花卉纹/016_荷叶纹/016_荷叶纹_卡片图.png
017,葡萄藤纹,Grape Vine Pattern,,植物花卉纹,,,葡萄藤蔓枝叶繁密，果实成串，适合丰收主题纹样。,丰收、多子、繁盛,,,,,葡萄串、藤蔓、叶片缠绕,,,,,第02批_011-020_植物花卉纹,patterns/001-020_植物花卉纹/017_葡萄藤纹/017_葡萄藤纹_卡片图.png
018,葫芦藤纹,Gourd Vine Pattern,,植物花卉纹,,,葫芦藤纹常用于吉祥主题装饰，形态亲切而富有民俗感。,福禄、绵延、护佑,,,,,葫芦、藤蔓、卷须、连续纹,,,,,第02批_011-020_植物花卉纹,patterns/001-020_植物花卉纹/018_葫芦藤纹/018_葫芦藤纹_卡片图.png
019,折枝花纹,Broken-Branch Floral Pattern,,植物花卉纹,,,折枝花以单枝花卉入纹，构图灵活，常见于瓷器、织物与装饰画。,雅致、自然、灵动,,,,,单枝花、花叶组合、留白,,,,,第02批_011-020_植物花卉纹,patterns/001-020_植物花卉纹/019_折枝花纹/019_折枝花纹_卡片图.png
020,团花纹,Medallion Floral Pattern,,植物花卉纹,,,团花纹以圆形花卉构成中心图案，结构完整饱满。,圆满、和美、富丽,,,,,圆形团花、中心对称、花叶层叠,,,,,第02批_011-020_植物花卉纹,patterns/001-020_植物花卉纹/020_团花纹/020_团花纹_卡片图.png
021,龙纹,Dragon Pattern,,动物瑞兽纹,,,龙纹是中国传统纹样中的核心祥瑞题材，常见于服饰、器物和建筑装饰。,威仪、力量、尊贵、雨水,,,,,游龙、祥云、鳞片、金青配色,,,,,第03批_021-030_动物瑞兽纹,patterns/021-040_动物瑞兽纹/021_龙纹/021_龙纹_卡片图.png
022,夔龙纹,Kui Dragon Pattern,,动物瑞兽纹,,,夔龙纹多见于青铜器装饰，形体抽象古拙。,礼制、威严、古朴,,,,,单足龙形、青铜感、几何化,,,,,第03批_021-030_动物瑞兽纹,patterns/021-040_动物瑞兽纹/022_夔龙纹/022_夔龙纹_卡片图.png
023,螭龙纹,Chi Dragon Pattern,,动物瑞兽纹,,,螭龙纹常见于玉器、建筑和家具装饰，形态盘曲灵动。,守护、祥瑞、灵动,,,,,盘曲小龙、卷尾、玉雕感,,,,,第03批_021-030_动物瑞兽纹,patterns/021-040_动物瑞兽纹/023_螭龙纹/023_螭龙纹_卡片图.png
024,凤鸟纹,Phoenix Pattern,,动物瑞兽纹,,,凤鸟纹常与花卉、云纹组合，视觉华丽优雅。,祥瑞、高贵、和美,,,,,凤凰、羽尾、祥云、朱砂鎏金,,,,,第03批_021-030_动物瑞兽纹,patterns/021-040_动物瑞兽纹/024_凤鸟纹/024_凤鸟纹_卡片图.png
025,夔凤纹,Kui Phoenix Pattern,,动物瑞兽纹,,,夔凤纹形态古雅，多以抽象鸟形和卷曲线条构成。,庄重、祥瑞、礼器感,,,,,抽象凤鸟、青铜绿、对称构图,,,,,第03批_021-030_动物瑞兽纹,patterns/021-040_动物瑞兽纹/025_夔凤纹/025_夔凤纹_卡片图.png
026,麒麟纹,Qilin Pattern,,动物瑞兽纹,,,麒麟是传统瑞兽，常用于建筑、织绣与器物装饰。,仁德、太平、吉祥,,,,,麒麟、火焰云、鳞甲、祥瑞感,,,,,第03批_021-030_动物瑞兽纹,patterns/021-040_动物瑞兽纹/026_麒麟纹/026_麒麟纹_卡片图.png
027,瑞狮纹,Guardian Lion Pattern,,动物瑞兽纹,,,狮纹常有镇守、威严与辟邪意味，适合作为气势强的纹样主题。,镇守、威严、辟邪,,,,,瑞狮、卷毛、绣球、威严造型,,,,,第03批_021-030_动物瑞兽纹,patterns/021-040_动物瑞兽纹/027_瑞狮纹/027_瑞狮纹_卡片图.png
028,饕餮纹,Taotie Mask Pattern,,动物瑞兽纹,,,饕餮纹常见于青铜器，以对称兽面构成，神秘厚重。,神秘、威慑、礼制,,,,,对称兽面、青铜纹理、粗线条,,,,,第03批_021-030_动物瑞兽纹,patterns/021-040_动物瑞兽纹/028_饕餮纹/028_饕餮纹_卡片图.png
029,兽面纹,Animal Mask Pattern,,动物瑞兽纹,,,兽面纹以抽象动物面部为主体，风格庄重、神秘、古朴。,守护、威严、古意,,,,,正面对称兽面、目纹、角纹,,,,,第03批_021-030_动物瑞兽纹,patterns/021-040_动物瑞兽纹/029_兽面纹/029_兽面纹_卡片图.png
030,蝙蝠纹,Bat Pattern,,动物瑞兽纹,,,蝙蝠因“蝠”谐音“福”，常用于吉祥图案。,福气、好运、吉祥,,,,,五只蝙蝠、祥云、圆形构图,,,,,第03批_021-030_动物瑞兽纹,patterns/021-040_动物瑞兽纹/030_蝙蝠纹/030_蝙蝠纹_卡片图.png
031,鹤纹,Crane Pattern,,动物瑞兽纹,,,鹤纹多用于服饰、瓷器、屏风和吉祥图案。,长寿、高洁、仙意,,,,,仙鹤、云气、松枝、水面,,,,,第04批_031-040_动物瑞兽纹,patterns/021-040_动物瑞兽纹/031_鹤纹/031_鹤纹_卡片图.png
032,鹿纹,Deer Pattern,,动物瑞兽纹,,,鹿与“禄”谐音，常与松、鹤、灵芝等元素组合。,俸禄、祥瑞、长寿,,,,,梅花鹿、灵芝、松树、山石,,,,,第04批_031-040_动物瑞兽纹,patterns/021-040_动物瑞兽纹/032_鹿纹/032_鹿纹_卡片图.png
033,鱼纹,Fish Pattern,,动物瑞兽纹,,,鱼纹常见于瓷器、民俗年画和织物装饰。,年年有余、丰足、繁盛,,,,,双鱼、水波、莲花、圆形,,,,,第04批_031-040_动物瑞兽纹,patterns/021-040_动物瑞兽纹/033_鱼纹/033_鱼纹_卡片图.png
034,鲤鱼纹,Carp Pattern,,动物瑞兽纹,,,鲤鱼纹常与跃水、龙门意象相关，具有进取意味。,奋进、顺达、富足,,,,,鲤鱼跃浪、水花、云纹,,,,,第04批_031-040_动物瑞兽纹,patterns/021-040_动物瑞兽纹/034_鲤鱼纹/034_鲤鱼纹_卡片图.png
035,鸳鸯纹,Mandarin Duck Pattern,,动物瑞兽纹,,,鸳鸯纹常用于婚庆、织绣与爱情主题装饰。,夫妻和美、成双成对,,,,,一对鸳鸯、莲叶、水纹,,,,,第04批_031-040_动物瑞兽纹,patterns/021-040_动物瑞兽纹/035_鸳鸯纹/035_鸳鸯纹_卡片图.png
036,喜鹊纹,Magpie Pattern,,动物瑞兽纹,,,喜鹊纹常与梅花组合，形成喜上眉梢的吉祥意象。,喜事临门、吉庆,,,,,喜鹊、梅枝、花苞,,,,,第04批_031-040_动物瑞兽纹,patterns/021-040_动物瑞兽纹/036_喜鹊纹/036_喜鹊纹_卡片图.png
037,马纹,Horse Pattern,,动物瑞兽纹,,,马纹表现速度、力量与进取精神，常见于壁画、器物与民俗装饰。,奔腾、力量、进取,,,,,奔马、飘带、云气、动感,,,,,第04批_031-040_动物瑞兽纹,patterns/021-040_动物瑞兽纹/037_马纹/037_马纹_卡片图.png
038,龟纹,Turtle Pattern,,动物瑞兽纹,,,龟在传统文化中常与长寿、稳固相关。,长寿、稳固、安宁,,,,,龟形、龟甲、几何纹,,,,,第04批_031-040_动物瑞兽纹,patterns/021-040_动物瑞兽纹/038_龟纹/038_龟纹_卡片图.png
039,蝴蝶纹,Butterfly Pattern,,动物瑞兽纹,,,蝴蝶纹轻盈灵动，常与花卉组合。,美好、长寿、自由,,,,,双蝶、花枝、对称翅纹,,,,,第04批_031-040_动物瑞兽纹,patterns/021-040_动物瑞兽纹/039_蝴蝶纹/039_蝴蝶纹_卡片图.png
040,金蟾纹,Golden Toad Pattern,,动物瑞兽纹,,,金蟾纹带有招财、纳福意味，适合民俗吉祥类纹样展示。,招财、纳福、富足,,,,,三足金蟾、铜钱、云纹,,,,,第04批_031-040_动物瑞兽纹,patterns/021-040_动物瑞兽纹/040_金蟾纹/040_金蟾纹_卡片图.png
041,回纹,Key Fret Pattern,,几何锦纹,,,回纹由连续折线构成，结构规整，适合边框和底纹。,循环往复、生生不息,,,,,方形折线、连续边框、黑绿配色,,,,,第05批_041-050_几何锦纹,patterns/041-060_几何锦纹/041_回纹/041_回纹_卡片图.png
042,雷纹,Thunder Pattern,,几何锦纹,,,雷纹形似旋转折线，常见于青铜器和陶瓷装饰。,力量、威仪、古朴,,,,,方折旋纹、青铜器感、重复排列,,,,,第05批_041-050_几何锦纹,patterns/041-060_几何锦纹/042_雷纹/042_雷纹_卡片图.png
043,云雷纹,Cloud-Thunder Pattern,,几何锦纹,,,云雷纹融合云气与雷纹结构，常作为青铜器底纹。,神秘、礼制、祥瑞,,,,,云形卷曲、雷纹底、青铜绿,,,,,第05批_041-050_几何锦纹,patterns/041-060_几何锦纹/043_云雷纹/043_云雷纹_卡片图.png
044,龟背纹,Tortoiseshell Pattern,,几何锦纹,,,龟背纹由六边形或龟甲形连续组成，结构稳定有序。,长寿、坚固、秩序,,,,,六边形网格、花心点缀,,,,,第05批_041-050_几何锦纹,patterns/041-060_几何锦纹/044_龟背纹/044_龟背纹_卡片图.png
045,菱格纹,Diamond Lattice Pattern,,几何锦纹,,,菱格纹结构简洁明快，常用于织锦、陶瓷和建筑装饰。,秩序、连绵、稳定,,,,,菱形网格、连续重复、淡绿,,,,,第05批_041-050_几何锦纹,patterns/041-060_几何锦纹/045_菱格纹/045_菱格纹_卡片图.png
046,连珠纹,Beaded Pattern,,几何锦纹,,,连珠纹由连续圆点组成，常用于边饰和器物分隔线。,华丽、秩序、连贯,,,,,连续圆珠、边框、金色点线,,,,,第05批_041-050_几何锦纹,patterns/041-060_几何锦纹/046_连珠纹/046_连珠纹_卡片图.png
047,方胜纹,Double-Diamond Pattern,,几何锦纹,,,方胜纹由相连菱形构成，常有同心、相合与吉祥意味。,同心、相合、吉祥,,,,,双菱形、交叠结构、锦纹质感,,,,,第05批_041-050_几何锦纹,patterns/041-060_几何锦纹/047_方胜纹/047_方胜纹_卡片图.png
048,盘长纹,Endless Knot Pattern,,几何锦纹,,,盘长纹线条回环不断，是常见吉祥装饰纹样。,绵延、长久、圆满,,,,,无限结、连续线条、朱砂金线,,,,,第05批_041-050_几何锦纹,patterns/041-060_几何锦纹/048_盘长纹/048_盘长纹_卡片图.png
049,万字锦纹,Wan Character Brocade Pattern,,几何锦纹,,,万字锦纹由传统吉祥符号连续组合，适合作为锦地背景。,万福、绵长、繁盛,,,,,几何连续纹、传统吉祥、锦地,,,,,第05批_041-050_几何锦纹,patterns/041-060_几何锦纹/049_万字锦纹/049_万字锦纹_卡片图.png
050,锁子纹,Chainmail Pattern,,几何锦纹,,,锁子纹由环状结构连续相扣，装饰感强。,连接、坚固、连续,,,,,环环相扣、金属感、连续排列,,,,,第05批_041-050_几何锦纹,patterns/041-060_几何锦纹/050_锁子纹/050_锁子纹_卡片图.png
051,冰裂纹,Crackle Ice Pattern,,几何锦纹,,,冰裂纹形似自然冰面裂纹，常见于瓷器和窗格。,雅致、清冷、自然变化,,,,,不规则裂线、蓝白瓷感,,,,,第06批_051-060_几何锦纹,patterns/041-060_几何锦纹/051_冰裂纹/051_冰裂纹_卡片图.png
052,锦地纹,Brocade Ground Pattern,,几何锦纹,,,锦地纹常作为复杂纹样底纹，细密华丽。,繁复、华美、秩序,,,,,细密几何底纹、低对比,,,,,第06批_051-060_几何锦纹,patterns/041-060_几何锦纹/052_锦地纹/052_锦地纹_卡片图.png
053,十字花纹,Cross Floral Pattern,,几何锦纹,,,十字花纹由中心花形与四向结构构成，常见于织物装饰。,四方、平衡、雅致,,,,,十字对称、小花、重复排列,,,,,第06批_051-060_几何锦纹,patterns/041-060_几何锦纹/053_十字花纹/053_十字花纹_卡片图.png
054,六角花纹,Hexagonal Floral Pattern,,几何锦纹,,,六角花纹兼具几何秩序与花卉柔美。,稳定、繁盛、秩序,,,,,六角格、花心、青绿白底,,,,,第06批_051-060_几何锦纹,patterns/041-060_几何锦纹/054_六角花纹/054_六角花纹_卡片图.png
055,八角星纹,Eight-Point Star Pattern,,几何锦纹,,,八角星纹具有放射状结构，视觉稳定醒目。,光明、秩序、中心感,,,,,八角星、中心放射、对称,,,,,第06批_051-060_几何锦纹,patterns/041-060_几何锦纹/055_八角星纹/055_八角星纹_卡片图.png
056,波折纹,Zigzag Wave Pattern,,几何锦纹,,,波折纹由连续折线构成，可表现水势、边界和节奏。,流动、变化、节奏,,,,,锯齿折线、水波感、边饰,,,,,第06批_051-060_几何锦纹,patterns/041-060_几何锦纹/056_波折纹/056_波折纹_卡片图.png
057,曲尺纹,Angular Meander Pattern,,几何锦纹,,,曲尺纹以直角转折形成连续路径，风格理性规整。,规矩、秩序、延续,,,,,直角转折、边框、墨黑,,,,,第06批_051-060_几何锦纹,patterns/041-060_几何锦纹/057_曲尺纹/057_曲尺纹_卡片图.png
058,格锦纹,Lattice Brocade Pattern,,几何锦纹,,,格锦纹由网格与小型花纹组合而成，适合作为织锦底纹。,华美、秩序、丰富,,,,,网格、小花、织锦肌理,,,,,第06批_051-060_几何锦纹,patterns/041-060_几何锦纹/058_格锦纹/058_格锦纹_卡片图.png
059,菱花锦纹,Diamond Floral Brocade Pattern,,几何锦纹,,,菱花锦纹以菱形框架包裹花卉，兼具秩序和装饰性。,和美、规整、繁盛,,,,,菱形内花、重复单元,,,,,第06批_051-060_几何锦纹,patterns/041-060_几何锦纹/059_菱花锦纹/059_菱花锦纹_卡片图.png
060,连环纹,Linked Ring Pattern,,几何锦纹,,,连环纹由圆环连续相扣，适合作为边饰或背景纹样。,连接、圆满、延续,,,,,圆环相扣、对称重复、金线,,,,,第06批_051-060_几何锦纹,patterns/041-060_几何锦纹/060_连环纹/060_连环纹_卡片图.png
061,祥云纹,Auspicious Cloud Pattern,,云水山石纹,,,祥云纹是传统装饰中常见的吉祥纹样，线条圆润流动。,祥瑞、升腾、美好征兆,,,,,卷曲云朵、柔和线条、青蓝,,,,,第07批_061-070_云水山石纹,patterns/061-075_云水山石纹/061_祥云纹/061_祥云纹_卡片图.png
062,如意云纹,Ruyi Cloud Pattern,,云水山石纹,,,如意云纹结合云形与如意头造型，常用于器物和织物装饰。,称心如意、吉祥圆满,,,,,如意头、云气卷曲、对称,,,,,第07批_061-070_云水山石纹,patterns/061-075_云水山石纹/062_如意云纹/062_如意云纹_卡片图.png
063,卷云纹,Rolling Cloud Pattern,,云水山石纹,,,卷云纹线条盘旋流动，常见于器物、服饰和壁画装饰。,灵动、仙意、升腾,,,,,大小卷云、流动节奏,,,,,第07批_061-070_云水山石纹,patterns/061-075_云水山石纹/063_卷云纹/063_卷云纹_卡片图.png
064,海水江崖纹,Sea Wave and Mountain Pattern,,云水山石纹,,,海水江崖纹常见于服饰下摆，表现浪涛与山石。,江山永固、福泽绵长,,,,,海浪、山崖、龙袍边饰感,,,,,第07批_061-070_云水山石纹,patterns/061-075_云水山石纹/064_海水江崖纹/064_海水江崖纹_卡片图.png
065,水波纹,Water Wave Pattern,,云水山石纹,,,水波纹以连续弧线表现水面流动，是常见辅助纹样。,润泽、流转、生命力,,,,,层层波浪、靛蓝、白线,,,,,第07批_061-070_云水山石纹,patterns/061-075_云水山石纹/065_水波纹/065_水波纹_卡片图.png
066,浪花纹,Spray Wave Pattern,,云水山石纹,,,浪花纹比水波纹更具动感，适合海涛、江河和龙鱼主题。,活力、流动、奋进,,,,,飞溅浪花、曲线、蓝白,,,,,第07批_061-070_云水山石纹,patterns/061-075_云水山石纹/066_浪花纹/066_浪花纹_卡片图.png
067,山纹,Mountain Pattern,,云水山石纹,,,山纹以层叠山形构成，视觉稳重，适合底纹或主视觉。,稳固、崇高、自然秩序,,,,,层叠山峰、几何化、墨青,,,,,第07批_061-070_云水山石纹,patterns/061-075_云水山石纹/067_山纹/067_山纹_卡片图.png
068,山水纹,Landscape Pattern,,云水山石纹,,,山水纹将山、云、水组合成装饰图案，具有东方空间感。,清雅、自然、文人意境,,,,,远山、流水、云雾、留白,,,,,第07批_061-070_云水山石纹,patterns/061-075_云水山石纹/068_山水纹/068_山水纹_卡片图.png
069,太湖石纹,Taihu Rock Pattern,,云水山石纹,,,太湖石纹以奇石轮廓和孔洞造型为特征，常见于园林审美。,雅趣、文人气、自然奇巧,,,,,奇石、孔洞、墨线、淡彩,,,,,第07批_061-070_云水山石纹,patterns/061-075_云水山石纹/069_太湖石纹/069_太湖石纹_卡片图.png
070,火焰纹,Flame Pattern,,云水山石纹,,,火焰纹常用于佛教、瑞兽和法器装饰，线条上扬有力量感。,神圣、能量、护佑,,,,,火焰尖卷、朱砂金线,,,,,第07批_061-070_云水山石纹,patterns/061-075_云水山石纹/070_火焰纹/070_火焰纹_卡片图.png
071,流云纹,Flowing Cloud Pattern,,云水山石纹,,,流云纹强调长线条的飘动感，适合表现轻盈和仙气。,飘逸、自由、祥和,,,,,横向流动云带、柔线,,,,,第08批_071-080_云水山石纹_吉祥器物纹,patterns/061-075_云水山石纹/071_流云纹/071_流云纹_卡片图.png
072,云气纹,Cloud Vapor Pattern,,云水山石纹,,,云气纹更抽象，常以卷曲气流构成，适合作为辅助底纹。,升腾、灵动、气韵,,,,,抽象气流、淡墨、低密度,,,,,第08批_071-080_云水山石纹_吉祥器物纹,patterns/061-075_云水山石纹/072_云气纹/072_云气纹_卡片图.png
073,涡纹,Spiral Pattern,,云水山石纹,,,涡纹由旋转线条构成，可表现水流、云气或古代器物气息。,旋转、流转、神秘,,,,,螺旋、重复、古朴,,,,,第08批_071-080_云水山石纹_吉祥器物纹,patterns/061-075_云水山石纹/073_涡纹/073_涡纹_卡片图.png
074,雨点纹,Raindrop Pattern,,云水山石纹,,,雨点纹以点状或泪滴状连续分布，视觉轻巧。,润泽、自然、清新,,,,,小雨滴、规律排列、淡蓝,,,,,第08批_071-080_云水山石纹_吉祥器物纹,patterns/061-075_云水山石纹/074_雨点纹/074_雨点纹_卡片图.png
075,星宿纹,Star Constellation Pattern,,云水山石纹,,,星宿纹源于天象想象，以星点、圆形和线条表现宇宙秩序。,天象、秩序、宏远,,,,,星点、圆轨、深蓝金色,,,,,第08批_071-080_云水山石纹_吉祥器物纹,patterns/061-075_云水山石纹/075_星宿纹/075_星宿纹_卡片图.png
076,如意纹,Ruyi Pattern,,吉祥器物纹,,,如意纹由如意头造型发展而来，常见于边饰与器物装饰。,顺遂、称心、吉祥,,,,,如意头、卷草、对称边饰,,,,,第08批_071-080_云水山石纹_吉祥器物纹,patterns/076-090_吉祥器物纹/076_如意纹/076_如意纹_卡片图.png
077,宝瓶纹,Treasure Vase Pattern,,吉祥器物纹,,,宝瓶纹常作为吉祥器物出现，可与花枝、祥云组合。,平安、富足、聚福,,,,,宝瓶、花枝、祥云,,,,,第08批_071-080_云水山石纹_吉祥器物纹,patterns/076-090_吉祥器物纹/077_宝瓶纹/077_宝瓶纹_卡片图.png
078,双钱纹,Double Coin Pattern,,吉祥器物纹,,,双钱纹由钱币形态组合而成，结构简洁，寓意明确。,财运、圆满、连通,,,,,两枚古钱、方孔、金线,,,,,第08批_071-080_云水山石纹_吉祥器物纹,patterns/076-090_吉祥器物纹/078_双钱纹/078_双钱纹_卡片图.png
079,铜钱纹,Coin Pattern,,吉祥器物纹,,,铜钱纹以外圆内方为基本形，适合连续纹和底纹设计。,财富、秩序、福运,,,,,方孔钱、连续排列、古铜色,,,,,第08批_071-080_云水山石纹_吉祥器物纹,patterns/076-090_吉祥器物纹/079_铜钱纹/079_铜钱纹_卡片图.png
080,花篮纹,Flower Basket Pattern,,吉祥器物纹,,,花篮纹常盛放花卉果实，富有生活美学气息。,富足、祝福、生活美满,,,,,花篮、牡丹、石榴、彩色,,,,,第08批_071-080_云水山石纹_吉祥器物纹,patterns/076-090_吉祥器物纹/080_花篮纹/080_花篮纹_卡片图.png
081,八宝纹,Eight Treasures Pattern,,吉祥器物纹,,,八宝纹由多种吉祥器物组合而成，常见于瓷器和织物。,吉祥、护佑、圆满,,,,,八件宝物、环形排列,,,,,第09批_081-090_吉祥器物纹,patterns/076-090_吉祥器物纹/081_八宝纹/081_八宝纹_卡片图.png
082,暗八仙纹,Hidden Eight Immortals Pattern,,吉祥器物纹,,,暗八仙纹以八仙所持器物代指人物，常用于祝寿与吉祥装饰。,祝寿、祥瑞、仙意,,,,,扇、剑、葫芦、花篮等器物,,,,,第09批_081-090_吉祥器物纹,patterns/076-090_吉祥器物纹/082_暗八仙纹/082_暗八仙纹_卡片图.png
083,灵芝纹,Lingzhi Pattern,,吉祥器物纹,,,灵芝纹形态柔曲，常与云纹组合成祥瑞图案。,长寿、祥瑞、仙草意象,,,,,灵芝、祥云、卷曲菌盖,,,,,第09批_081-090_吉祥器物纹,patterns/076-090_吉祥器物纹/083_灵芝纹/083_灵芝纹_卡片图.png
084,珊瑚纹,Coral Pattern,,吉祥器物纹,,,珊瑚纹多见于珍宝组合图案，色彩鲜明。,富贵、珍稀、祥瑞,,,,,红珊瑚枝、宝石、海波,,,,,第09批_081-090_吉祥器物纹,patterns/076-090_吉祥器物纹/084_珊瑚纹/084_珊瑚纹_卡片图.png
085,书卷纹,Scroll Pattern,,吉祥器物纹,,,书卷纹常与文运、学识、雅趣相关，适合文房主题。,学识、文运、雅趣,,,,,卷轴、书册、云纹,,,,,第09批_081-090_吉祥器物纹,patterns/076-090_吉祥器物纹/085_书卷纹/085_书卷纹_卡片图.png
086,灯笼纹,Lantern Pattern,,吉祥器物纹,,,灯笼纹富有节庆气息，常用于喜庆主题装饰。,团圆、光明、喜庆,,,,,宫灯、流苏、红金配色,,,,,第09批_081-090_吉祥器物纹,patterns/076-090_吉祥器物纹/086_灯笼纹/086_灯笼纹_卡片图.png
087,香炉纹,Incense Burner Pattern,,吉祥器物纹,,,香炉纹具有礼仪、清供与文人空间气质。,清雅、礼仪、安定,,,,,香炉、烟云、铜器感,,,,,第09批_081-090_吉祥器物纹,patterns/076-090_吉祥器物纹/087_香炉纹/087_香炉纹_卡片图.png
088,玉璧纹,Jade Bi Pattern,,吉祥器物纹,,,玉璧纹以圆形玉器为灵感，适合简洁庄重的图案设计。,圆满、礼仪、天圆意象,,,,,圆璧、玉质纹理、中心孔,,,,,第09批_081-090_吉祥器物纹,patterns/076-090_吉祥器物纹/088_玉璧纹/088_玉璧纹_卡片图.png
089,扇面纹,Fan Pattern,,吉祥器物纹,,,扇面纹结合折扇形态与花鸟装饰，具有文雅气质。,清雅、生活美学、风雅,,,,,折扇、花鸟、扇骨,,,,,第09批_081-090_吉祥器物纹,patterns/076-090_吉祥器物纹/089_扇面纹/089_扇面纹_卡片图.png
090,编磬纹,Chime Stone Pattern,,吉祥器物纹,,,编磬纹取自古代礼乐器形，适合表现礼乐文明。,礼乐、典雅、秩序,,,,,磬形、悬挂、青铜金石感,,,,,第09批_081-090_吉祥器物纹,patterns/076-090_吉祥器物纹/090_编磬纹/090_编磬纹_卡片图.png
091,寿字纹,Longevity Character Pattern,,文字福寿与组合纹,,,寿字纹以“寿”字变体构成装饰，常见于祝寿器物与织绣。,长寿安康、福泽绵长,,,,,篆体寿字、圆形团寿、边饰,,,,,第10批_091-100_文字福寿与组合纹,patterns/091-100_文字福寿与组合纹/091_寿字纹/091_寿字纹_卡片图.png
092,团寿纹,Round Longevity Pattern,,文字福寿与组合纹,,,团寿纹将寿字置于圆形构图中，结构完整。,圆满长寿、安康,,,,,圆形寿字、云纹环绕,,,,,第10批_091-100_文字福寿与组合纹,patterns/091-100_文字福寿与组合纹/092_团寿纹/092_团寿纹_卡片图.png
093,福字纹,Fortune Character Pattern,,文字福寿与组合纹,,,福字纹以“福”字装饰化展开，常用于年节与家宅装饰。,幸福、福气、家宅安宁,,,,,篆体福字、祥云、朱砂,,,,,第10批_091-100_文字福寿与组合纹,patterns/091-100_文字福寿与组合纹/093_福字纹/093_福字纹_卡片图.png
094,喜字纹,Double Happiness Pattern,,文字福寿与组合纹,,,喜字纹常用于婚庆和喜事场景，视觉识别度高。,成双成对、喜庆圆满,,,,,双喜字、花卉、红金配色,,,,,第10批_091-100_文字福寿与组合纹,patterns/091-100_文字福寿与组合纹/094_喜字纹/094_喜字纹_卡片图.png
095,福寿纹,Fortune and Longevity Pattern,,文字福寿与组合纹,,,福寿纹将福、寿或蝙蝠、寿桃等元素组合。,福寿双全、圆满安康,,,,,蝙蝠、寿桃、寿字、云纹,,,,,第10批_091-100_文字福寿与组合纹,patterns/091-100_文字福寿与组合纹/095_福寿纹/095_福寿纹_卡片图.png
096,五福捧寿纹,Five Bats Around Longevity Pattern,,文字福寿与组合纹,,,五只蝙蝠围绕寿字，是经典吉祥组合纹。,五福临门、长寿圆满,,,,,五蝠、团寿、圆形对称,,,,,第10批_091-100_文字福寿与组合纹,patterns/091-100_文字福寿与组合纹/096_五福捧寿纹/096_五福捧寿纹_卡片图.png
097,双鱼莲花纹,Twin Fish and Lotus Pattern,,文字福寿与组合纹,,,双鱼与莲花组合，常见于民俗和器物装饰。,富足、和美、清净,,,,,双鱼、莲花、水波、圆形,,,,,第10批_091-100_文字福寿与组合纹,patterns/091-100_文字福寿与组合纹/097_双鱼莲花纹/097_双鱼莲花纹_卡片图.png
098,鹿鹤同春纹,Deer and Crane Spring Pattern,,文字福寿与组合纹,,,鹿、鹤、松树组合，常用于祝寿和祥瑞主题。,长寿、祥瑞、春和景明,,,,,鹿、鹤、松树、祥云,,,,,第10批_091-100_文字福寿与组合纹,patterns/091-100_文字福寿与组合纹/098_鹿鹤同春纹/098_鹿鹤同春纹_卡片图.png
099,岁寒三友纹,Three Friends of Winter Pattern,,文字福寿与组合纹,,,松、竹、梅并称岁寒三友，极具文人审美。,坚贞、高洁、君子品格,,,,,松竹梅组合、文人画风,,,,,第10批_091-100_文字福寿与组合纹,patterns/091-100_文字福寿与组合纹/099_岁寒三友纹/099_岁寒三友纹_卡片图.png
100,方圆合璧纹,Square and Circle Harmony Pattern,,文字福寿与组合纹,,,方与圆组合体现秩序、圆融与和谐，适合现代新中式抽象纹样。,和谐、平衡、圆融,,,,,外圆内方、几何平衡、金青配色,,,,,第10批_091-100_文字福寿与组合纹,patterns/091-100_文字福寿与组合纹/100_方圆合璧纹/100_方圆合璧纹_卡片图.png
101,团龙纹,Round Dragon Medallion Pattern,tuán lóng wén,动物瑞兽纹,,,以圆形团龙为主体，常见于服饰、瓷器与宫廷装饰之中，寓意尊贵、圆满与权威。,富贵、圆满、威仪,尊贵、圆满、权威,,通常以盘绕成圆的龙形为主体，龙首、龙身、龙爪与祥云、火珠共同组成团形结构。龙身随圆形边界回转，形成完整、凝聚而有中心感的装饰画面。,品牌徽章、文创卡片、包装中心纹、服饰印花、博物馆视觉系统,整体构图呈圆形或近圆形、龙身盘绕回旋，具有团形秩序、常配祥云、火珠和金线边饰、适合做团花、器物中心纹和服饰胸背纹、视觉重心集中，装饰感庄重,龙纹、团龙纹、团纹、瑞兽纹、吉祥纹样、宫廷纹样、尊贵、圆满、权威、盘龙、祥云、火珠、团形边框、鳞片、富贵、威仪,深青、古金、朱砂、米白,云龙纹、行龙纹、升龙纹,https://wenyang.net/#/p/round-dragon-medallion-pattern,第06批_101-120_动物瑞兽纹,patterns/101-120_动物瑞兽纹/101_团龙纹_卡片图.jpg
102,行龙纹,Walking Dragon Pattern,xíng lóng wén,动物瑞兽纹,,,以行进姿态的龙形入纹，身姿舒展，气势流动，常寓威仪、行运与腾达。,威仪、吉祥、升腾,威仪、行运、腾达,,行龙纹多表现侧身行进的龙形，龙首前探，龙身舒展，龙爪张开，周围常以云气、飘带和流动线条衬托其动势。,横向包装纹样、网页分隔装饰、服装局部印花、文创边饰、展览视觉延展图案,龙身较长，姿态舒展、强调横向行进和流动感、龙爪、鬃毛和须发具有动势、常与云气和流线组合、适合做横向边饰或器物环带纹,龙纹、行龙纹、瑞兽纹、动态纹样、吉祥纹样、威仪、行运、腾达、连续纹样、侧身龙形、龙爪、云气、长身曲线、鳞片、吉祥、升腾,深青、古金、墨绿、朱砂,团龙纹、云龙纹、升龙纹、降龙纹,https://wenyang.net/#/p/walking-dragon-pattern,第06批_101-120_动物瑞兽纹,patterns/101-120_动物瑞兽纹/102_行龙纹_卡片图.jpg
103,升龙纹,Ascending Dragon Pattern,shēng lóng wén,动物瑞兽纹,,,表现龙向上腾升的姿态，常与云气和火焰组合，寓意升腾、进取与祥瑞。,升腾、祥瑞,升腾、进取、祥瑞,,升龙纹通常以龙身上扬、龙首昂起的姿态构成，周围辅以祥云、火焰和放射式流线，使画面形成明显的向上动势。,升迁祝福视觉、品牌主视觉、礼盒包装、海报中心图案、纪念章纹样,构图方向明显向上、龙首昂起，龙身盘旋升腾、常配云气、火焰和金线、画面动势强，空间感充足、适合表达进取、升迁和祥瑞主题,龙纹、升龙纹、云火纹、祥瑞纹样、动态纹样、升腾、进取、祥瑞、瑞兽纹、升腾龙形、祥云、火焰、龙爪、金线,深蓝、古金、朱砂、青绿,行龙纹、降龙纹、云龙纹、火龙纹、团龙纹,https://wenyang.net/#/p/ascending-dragon-pattern,第06批_101-120_动物瑞兽纹,patterns/101-120_动物瑞兽纹/103_升龙纹_卡片图.jpg
104,降龙纹,Descending Dragon Pattern,jiàng lóng wén,动物瑞兽纹,,,以龙自云中俯降的姿态入纹，富有动势与威严，寓意护佑、威仪与降福。,护佑、威仪、福气,护佑、威仪、降福,,降龙纹多以龙首向下、龙身盘旋俯降为主体，云层和火珠穿插其间，突出龙从云中降临的威严与动势。,护佑主题包装、文创海报、空间装饰纹样、服饰印花、传统文化视觉符号,龙首下探，姿态有俯冲感、龙爪张开，威势明显、常配层云、火珠和卷云边饰、构图富有纵向变化、适合表现护佑与降福主题,龙纹、降龙纹、云纹、瑞兽纹、吉祥纹样、护佑、威仪、降福、俯降龙形、云层、龙爪、火珠、金线、福气,深蓝、古金、青绿、朱砂,升龙纹、云龙纹、行龙纹、团龙纹、火龙纹,https://wenyang.net/#/p/descending-dragon-pattern,第06批_101-120_动物瑞兽纹,patterns/101-120_动物瑞兽纹/104_降龙纹_卡片图.jpg
105,云龙纹,Cloud Dragon Pattern,yún lóng wén,动物瑞兽纹,,,龙纹与祥云组合形成经典图案，常用于服饰与器物，寓意祥瑞、腾达与护佑。,祥瑞、升腾、护佑,祥瑞、腾达、护佑,,云龙纹以龙形和祥云共同构成画面，龙身穿行于云气之间，云头、卷云和流线围绕龙形展开，形成腾跃流动的整体结构。,新中式品牌纹样、服饰印花、礼盒包装、展览主视觉、网页背景装饰,龙与云纹关系紧密、云气环绕，层次丰富、龙身多呈游动或腾跃状态、色彩常见金、青、朱砂组合、适合作为满地纹、团纹或器物主纹,龙纹、云龙纹、祥云纹、瑞兽纹、吉祥纹样、祥瑞、腾达、护佑、云纹、游龙、祥云、卷云、火珠、金线、升腾,金色、青蓝、朱砂、墨绿,团龙纹、行龙纹、升龙纹、降龙纹、如意云纹,https://wenyang.net/#/p/cloud-dragon-pattern,第06批_101-120_动物瑞兽纹,patterns/101-120_动物瑞兽纹/105_云龙纹_卡片图.jpg
106,水龙纹,Water Dragon Pattern,shuǐ lóng wén,动物瑞兽纹,,,以龙与水波、浪涛组合，强调水势与灵动气息，寓意润泽、雨水与力量。,自然、威仪,润泽、雨水、力量,,水龙纹以龙形和水波、浪涛共同组织画面。龙身常在浪花中穿行或盘绕，水线与龙身走势相互呼应，形成流动而有力量感的装饰结构。,茶饮包装、水文化品牌视觉、夏季主题文创、海报底纹、服饰局部纹样,水波与龙身形成连续动势、浪花层叠，线条流畅、常使用青蓝、白浪和金线强调水感、画面兼具灵动与力量、适合用于水、雨、润泽等主题,龙纹、水龙纹、水波纹、海水纹、瑞兽纹、润泽、雨水、力量、水纹、龙形、水波、浪涛、浪花、云气、自然、威仪,青蓝、白色、古金、米白,云龙纹、海水江崖纹、水波纹、行龙纹,https://wenyang.net/#/p/water-dragon-pattern,第06批_101-120_动物瑞兽纹,patterns/101-120_动物瑞兽纹/106_水龙纹_卡片图.jpg
107,火龙纹,Fire Dragon Pattern,huǒ lóng wén,动物瑞兽纹,,,以龙与火焰纹组合，视觉强烈，充满力量感，寓意能量、威慑与护佑。,威仪、护佑,能量、威慑、护佑,,火龙纹以龙形与火焰纹相互缠绕为主体，火焰围绕龙身、龙首和火珠展开，形成强烈的旋转与爆发感。,节庆海报、品牌视觉符号、礼盒包装、游戏与国风插画、舞台视觉纹样,红金色彩鲜明，视觉张力强、火焰线条围绕龙身流动、龙首和龙爪常被强化、动势强烈，适合中心构图、常表达威慑、护佑与力量,龙纹、火龙纹、火焰纹、瑞兽纹、力量纹样、能量、威慑、护佑、龙形、火焰、火珠、云火、金线、威仪,朱砂、古金、墨褐、墨绿,云龙纹、升龙纹、降龙纹、火焰纹,https://wenyang.net/#/p/fire-dragon-pattern,第06批_101-120_动物瑞兽纹,patterns/101-120_动物瑞兽纹/107_火龙纹_卡片图.jpg
108,草龙纹,Grass Dragon Pattern,cǎo lóng wén,动物瑞兽纹,,,以卷草线条构成龙形，装饰性强，常见于民间纹样，寓意生机、灵动与吉祥。,生机、祥瑞、吉祥,生机、灵动、吉祥,,草龙纹常以卷草、藤蔓和叶片组织出龙的轮廓，龙形被植物化处理，线条连续缠绕，兼具龙纹的瑞兽意味和草木纹的生机。,新中式边框、文创包装、植物主题国风图案、服饰印花、网页背景纹样,龙形由卷草和藤蔓转化而来、线条柔和、连续、装饰性强、龙首常简化或植物化、适合二方连续和满地纹、兼有民间趣味与吉祥意味,龙纹、草龙纹、卷草纹、民间纹样、连续纹样、生机、灵动、吉祥、卷草、藤蔓、草叶、简化龙首、连续曲线、祥瑞,青绿、浅金、米白、朱红,卷草纹、拐子龙纹、云龙纹、穿花龙纹、唐草纹,https://wenyang.net/#/p/grass-dragon-pattern,第06批_101-120_动物瑞兽纹,patterns/101-120_动物瑞兽纹/108_草龙纹_卡片图.jpg
109,拐子龙纹,Angular Dragon Pattern,guǎi zǐ lóng wén,动物瑞兽纹,,,以方折线条表现龙形，结构规整，多见于家具与器物装饰，寓意守护、秩序与威严。,护佑、秩序、威仪,守护、秩序、威严,,拐子龙纹以方折、转角和回环线条构成龙形，龙首、龙身和尾部常被几何化处理，形成规整、对称而富有装饰秩序的结构。,中式家具纹样、品牌边框、几何图案系统、文创礼盒、空间导视装饰,以直线、折线和回纹为主、龙形高度几何化、符号化、结构规整，节奏明确、常见木雕、家具和器物装饰感、适合做边框、角饰和连续纹样,龙纹、拐子龙纹、几何纹、回纹、器物纹样、守护、秩序、威严、方折线、几何龙形、云角、器物边饰、护佑、威仪,青绿、古金、赭石、墨黑,回纹、雷纹、草龙纹、团龙纹、夔龙纹,https://wenyang.net/#/p/angular-dragon-pattern,第06批_101-120_动物瑞兽纹,patterns/101-120_动物瑞兽纹/109_拐子龙纹_卡片图.jpg
110,穿花龙纹,Dragon Among Flowers Pattern,chuān huā lóng wén,动物瑞兽纹,,,龙形穿行于花卉枝叶之间，兼具威仪与华丽装饰感，寓意富贵、祥瑞与繁盛。,富贵、祥瑞、生机,富贵、祥瑞、繁盛,,穿花龙纹以龙形穿行于花卉枝叶之间为主体，常见牡丹、卷草、花叶与龙身互相穿插，形成华丽而连续的装饰结构。,高端礼盒包装、服饰大面积印花、国风海报、文创卡片、空间装饰壁纸,龙纹与花卉纹交织出现、花叶层次丰富，装饰性强、常以牡丹、卷草衬托龙形、画面华丽，适合满地纹和团形构图、兼具威仪、富贵与繁盛气息,龙纹、穿花龙纹、花卉纹、牡丹纹、吉祥纹样、富贵、祥瑞、繁盛、缠枝纹、龙形、牡丹、卷草、花叶、祥云、生机,朱砂、古金、青绿、米白,云龙纹、草龙纹、宝相花纹,https://wenyang.net/#/p/dragon-among-flowers-pattern,第06批_101-120_动物瑞兽纹,patterns/101-120_动物瑞兽纹/110_穿花龙纹_卡片图.jpg
111,双龙戏珠纹,Two Dragons Chasing Pearl Pattern,shuāng lóng xì zhū wén,动物瑞兽纹,,,两条龙围绕宝珠相对或环绕，是经典祥瑞组合纹。,圆满、威仪、吉祥,圆满、权威、吉庆,,,新中式品牌视觉、文创产品、包装设计、服饰印花、网页装饰背景、展览视觉物料,双龙相对或环绕，形成强烈的中心感、宝珠常置于画面中心，强化圆满寓意、祥云与火焰线条穿插，增强流动感、适合采用红金、青金等庄重配色,龙凤瑞兽细分纹、龙纹、瑞兽纹、组合吉祥纹、圆满、权威、吉庆、龙、火珠、祥云、火焰纹、团形构图、威仪、吉祥,朱砂、金色、墨绿、青绿、米白、浅金、深蓝、墨黑、古金、青铜绿,团龙纹、云龙纹、火龙纹、龙凤呈祥纹、祥云纹,https://wenyang.net/#/p/shuang-long-xi-zhu-wen,第06批_101-120_动物瑞兽纹,patterns/101-120_动物瑞兽纹/111_双龙戏珠纹_卡片图.jpg
112,龙凤呈祥纹,Dragon and Phoenix Auspicious Pattern,lóng fèng chéng xiáng wén,动物瑞兽纹,,,龙与凤相对成纹，常用于婚庆、礼仪与吉祥主题。,圆满、祥瑞、富贵,和美、祥瑞、尊贵,,,新中式品牌视觉、文创产品、包装设计、服饰印花、网页装饰背景、展览视觉物料,龙凤相对，形成礼仪感和仪式感、常以红金为主色，配合青绿云气、牡丹、祥云等元素增强富贵与祥瑞气息、构图多强调对称、平衡和圆满,龙凤瑞兽细分纹、龙纹、凤纹、婚庆吉祥纹、和美、祥瑞、尊贵、龙、凤凰、祥云、牡丹、火珠、圆满、富贵,朱砂、金色、墨绿、青绿、米白、浅金、深蓝、墨黑、古金、青铜绿,双龙戏珠纹、团龙纹、团凤纹、凤穿牡丹纹、牡丹纹、祥云纹,https://wenyang.net/#/p/long-feng-cheng-xiang-wen,第06批_101-120_动物瑞兽纹,patterns/101-120_动物瑞兽纹/112_龙凤呈祥纹_卡片图.jpg
113,团凤纹,Round Phoenix Medallion Pattern,tuán fèng wén,动物瑞兽纹,,,以圆形凤鸟为主体，结构完整，常见于织绣与服饰。,圆满、富贵、吉祥,圆满、高贵、吉庆,,,新中式品牌视觉、文创产品、包装设计、服饰印花、网页装饰背景、展览视觉物料,凤鸟身体与尾羽构成圆形动势、羽尾舒展华丽，装饰性强、花枝与祥云填补团形空间、适合做圆章、团花和局部装饰,龙凤瑞兽细分纹、凤纹、团花纹、服饰纹样、圆满、高贵、吉庆、凤凰、长尾羽、花枝、团形边饰、祥云、富贵、吉祥,朱砂、金色、墨绿、青绿、米白、浅金、深蓝、墨黑、古金、青铜绿,双凤纹、凤衔花纹、凤穿牡丹纹、团龙纹、团花纹、牡丹纹,https://wenyang.net/#/p/tuan-feng-wen,第06批_101-120_动物瑞兽纹,patterns/101-120_动物瑞兽纹/113_团凤纹_卡片图.jpg
114,双凤纹,Double Phoenix Pattern,shuāng fèng wén,动物瑞兽纹,,,两只凤鸟相对或相伴构成纹样，画面华丽和谐。,圆满、祥瑞,和美、成双、祥瑞,,,新中式品牌视觉、文创产品、包装设计、服饰印花、网页装饰背景、展览视觉物料,两只凤鸟相对或成双飞舞、尾羽与云花构成柔美曲线、画面强调成双、对称与和谐、色彩可用青绿、朱红与金色搭配,龙凤瑞兽细分纹、凤纹、对称纹样、组合吉祥纹、和美、成双、祥瑞、双凤、花卉、祥云、长尾羽、对称轴、圆满,朱砂、金色、墨绿、青绿、米白、浅金、深蓝、墨黑、古金、青铜绿,团凤纹、凤衔花纹、凤穿牡丹纹、龙凤呈祥纹、牡丹纹、祥云纹,https://wenyang.net/#/p/shuang-feng-wen,第06批_101-120_动物瑞兽纹,patterns/101-120_动物瑞兽纹/114_双凤纹_卡片图.jpg
115,凤穿牡丹纹,Phoenix Among Peonies Pattern,fèng chuān mǔ dān wén,动物瑞兽纹,,,凤凰与牡丹组合，是传统富贵祥瑞图案。,富贵、祥瑞,富贵、祥瑞、高贵,,,新中式品牌视觉、文创产品、包装设计、服饰印花、网页装饰背景、展览视觉物料,凤凰穿行于牡丹花叶之间、牡丹花形饱满，强化富贵气质、凤羽与卷草形成连续曲线、适合朱砂、金色、墨绿等华丽配色,龙凤瑞兽细分纹、凤纹、花卉纹、富贵纹样、富贵、祥瑞、高贵、凤凰、牡丹、卷草、花叶、祥云,朱砂、金色、墨绿、青绿、米白、浅金、深蓝、墨黑、古金、青铜绿,牡丹纹、团凤纹、双凤纹、凤衔花纹、龙凤呈祥纹,https://wenyang.net/#/p/feng-chuan-mu-dan-wen,第06批_101-120_动物瑞兽纹,patterns/101-120_动物瑞兽纹/115_凤穿牡丹纹_卡片图.jpg
116,凤衔花纹,Phoenix Holding Flower Pattern,fèng xián huā wén,动物瑞兽纹,,,凤鸟口衔花枝或瑞草，常见于织绣和器物纹饰。,吉祥、祥瑞、圆满,吉庆、献瑞、和美,,,新中式品牌视觉、文创产品、包装设计、服饰印花、网页装饰背景、展览视觉物料,凤鸟姿态优雅，常作飞翔或回首状、口衔花枝成为画面识别点、云气与尾羽形成流动线条、整体气质轻盈、华丽而吉祥,龙凤瑞兽细分纹、凤纹、花鸟纹、吉祥纹样、吉庆、献瑞、和美、凤鸟、花枝、瑞草、祥云、长尾羽、吉祥、祥瑞、圆满,朱砂、金色、墨绿、青绿、米白、浅金、深蓝、墨黑、古金、青铜绿,团凤纹、双凤纹、凤穿牡丹纹、牡丹纹、祥云纹,https://wenyang.net/#/p/feng-xian-hua-wen,第06批_101-120_动物瑞兽纹,patterns/101-120_动物瑞兽纹/116_凤衔花纹_卡片图.jpg
117,鸾鸟纹,Luan Bird Pattern,luán niǎo wén,动物瑞兽纹,,,以神鸟鸾为主题，形态优雅，常与云花组合。,祥瑞、清雅、圆满,祥瑞、清雅、和鸣,,,新中式品牌视觉、文创产品、包装设计、服饰印花、网页装饰背景、展览视觉物料,鸾鸟身形修长，姿态清雅、尾羽细长舒展，线条富有节奏、常配合云气、花枝和团形构图、整体比凤纹更轻盈、文雅,龙凤瑞兽细分纹、神鸟纹、凤鸟纹、瑞兽纹、祥瑞、清雅、和鸣、鸾鸟、长尾羽、祥云、花枝、青绿金线、圆满,朱砂、金色、墨绿、青绿、米白、浅金、深蓝、墨黑、古金、青铜绿,团凤纹、双凤纹、凤衔花纹、祥云纹,https://wenyang.net/#/p/luan-niao-wen,第06批_101-120_动物瑞兽纹,patterns/101-120_动物瑞兽纹/117_鸾鸟纹_卡片图.jpg
118,天马纹,Heavenly Horse Pattern,tiān mǎ wén,动物瑞兽纹,,,表现带有神话气质的奔马或翼马，富有速度感。,升腾,腾达、自由、进取,,,新中式品牌视觉、文创产品、包装设计、服饰印花、网页装饰背景、展览视觉物料,奔马或翼马姿态舒展，强调速度感、云气环绕，带有升腾意象、马身与飘带形成斜向动势、适合青金、白金与深蓝配色,龙凤瑞兽细分纹、瑞兽纹、走兽纹、神话纹样、腾达、自由、进取、天马、云气、羽翼、飘带、星点、升腾,朱砂、金色、墨绿、青绿、米白、浅金、深蓝、墨黑、古金、青铜绿,行龙纹、云龙纹、云气纹,https://wenyang.net/#/p/tian-ma-wen,第06批_101-120_动物瑞兽纹,patterns/101-120_动物瑞兽纹/118_天马纹_卡片图.jpg
119,辟邪纹,Bixie Guardian Beast Pattern,bì xié wén,动物瑞兽纹,,,以辟邪瑞兽为主体，常用于镇守和护佑装饰。,护佑、威仪,驱邪、守护、威仪,,,新中式品牌视觉、文创产品、包装设计、服饰印花、网页装饰背景、展览视觉物料,瑞兽形态威严，常具角、獠牙和兽爪、青铜、石雕质感强化古雅气息、云火纹增加镇守与护佑氛围、构图可偏厚重、庄严和力量感,龙凤瑞兽细分纹、瑞兽纹、镇守纹样、器物纹样、驱邪、守护、威仪、辟邪瑞兽、獠牙、角、云火、青铜纹理、护佑,朱砂、金色、墨绿、青绿、米白、浅金、深蓝、墨黑、古金、青铜绿,天禄纹、兽面纹、夔龙纹,https://wenyang.net/#/p/bi-xie-wen,第06批_101-120_动物瑞兽纹,patterns/101-120_动物瑞兽纹/119_辟邪纹_卡片图.jpg
120,天禄纹,Tianlu Auspicious Beast Pattern,tiān lù wén,动物瑞兽纹,,,天禄为瑞兽题材，常与辟邪并用，带有镇守意味。,福气、护佑、祥瑞,福禄、守护、祥瑞,,,新中式品牌视觉、文创产品、包装设计、服饰印花、网页装饰背景、展览视觉物料,瑞兽形态庄重，带有神话气质、角与鬃毛是重要识别点、云气和山石增强守护氛围、色彩适合青绿、古金、米白与墨色,龙凤瑞兽细分纹、瑞兽纹、福禄纹样、镇守纹样、福禄、守护、祥瑞、天禄瑞兽、角、云气、山石、古雅金线、福气、护佑,朱砂、金色、墨绿、青绿、米白、浅金、深蓝、墨黑、古金、青铜绿,辟邪纹、兽面纹、云气纹、天马纹,https://wenyang.net/#/p/tian-lu-wen,第06批_101-120_动物瑞兽纹,patterns/101-120_动物瑞兽纹/120_天禄纹_卡片图.jpg
121,虎纹,Tiger Pattern,hǔ wén,动物瑞兽纹,,,以虎形或虎皮斑纹入饰，常用于威猛主题装饰。,威仪、护佑,威武、镇守、勇力,,虎纹通常以虎形、虎首或虎皮斑纹为主体，并配合山石、松树、云气等环境元素。虎形可居于画面中心，也可作为局部边饰或团形构图中的主视觉，重点强调力量感与镇守意味。,文创产品、包装设计、服饰印花、网页背景、新中式品牌视觉、展览视觉物料,虎身姿态有力，常以行进、回首或蹲踞姿态出现、虎斑线条节奏强，具有鲜明识别度、常配合山石、松树、云气形成镇守气势、整体适合厚重、威猛、古雅的视觉语气,走兽禽鸟纹、走兽纹、瑞兽寓意纹、威猛主题纹样、威武、镇守、勇力、中国传统纹样、吉祥纹样、猛虎、虎斑、山石、松树、云气、威仪、护佑,青绿、米白、浅金、朱砂、金色、墨绿、赭石、古金、墨黑、淡粉,狮子戏球纹、辟邪纹、天禄纹、兽面纹,https://wenyang.net/#/p/hu-wen,第07批_121-140_动物瑞兽纹,patterns/121-140_动物瑞兽纹/121_虎纹_卡片图.jpg
122,狮子戏球纹,Lion Playing with Ball Pattern,shī zi xì qiú wén,动物瑞兽纹,,,瑞狮与绣球组合，富有民俗喜庆气息。,护佑、吉祥、圆满,镇守、喜庆、圆满,,狮子戏球纹由瑞狮、绣球、祥云、飘带和花叶构成。瑞狮常作奔跃、回首或踏球姿态，绣球位于足下或画面中心，周围以云纹和飘带补充节奏，形成喜庆而有守护意味的图案。,文创产品、包装设计、服饰印花、网页背景、新中式品牌视觉、展览视觉物料,瑞狮造型圆润饱满，表情活泼威严、绣球作为中心或前景元素，形成喜庆焦点、云纹与飘带增强动势和民俗感、常用红金配色，视觉热烈明快,走兽禽鸟纹、瑞兽纹、民俗吉祥纹、喜庆纹样、镇守、喜庆、圆满、中国传统纹样、吉祥纹样、瑞狮、绣球、祥云、飘带、花叶、护佑、吉祥,青绿、米白、浅金、朱砂、金色、墨绿、赭石、古金、墨黑、淡粉,虎纹、辟邪纹、天禄纹、祥云纹,https://wenyang.net/#/p/shi-zi-xi-qiu-wen,第07批_121-140_动物瑞兽纹,patterns/121-140_动物瑞兽纹/122_狮子戏球纹_卡片图.jpg
123,象纹,Elephant Pattern,xiàng wén,动物瑞兽纹,,,以大象形象入纹，常与宝瓶、花草组合。,护佑、祥瑞,太平、有象、祥瑞,,象纹以大象为主体，常搭配宝瓶、花枝、祥云、鞍饰和流苏。大象多作侧身或行进姿态，宝瓶置于背部或附近，花枝与云气用于形成柔和、祥瑞的装饰氛围。,文创产品、包装设计、服饰印花、网页背景、新中式品牌视觉、展览视觉物料,大象形态稳重，画面气质安定、宝瓶和花枝强化平安祥瑞主题、鞍饰、珠串等细节增强华丽感、适合青绿、米白、浅金等温润配色,走兽禽鸟纹、走兽纹、祥瑞纹样、器物组合纹、太平、有象、祥瑞、中国传统纹样、吉祥纹样、大象、宝瓶、花枝、祥云、鞍饰、护佑,青绿、米白、浅金、朱砂、金色、墨绿、赭石、古金、墨黑、淡粉,白象纹、宝瓶纹、祥云纹、牡丹纹,https://wenyang.net/#/p/xiang-wen,第07批_121-140_动物瑞兽纹,patterns/121-140_动物瑞兽纹/123_象纹_卡片图.jpg
124,白象纹,White Elephant Pattern,bái xiàng wén,动物瑞兽纹,,,白象纹带有佛教与祥瑞色彩，视觉庄重安宁。,祥瑞、威仪、护佑,祥瑞、庄严、安定,,白象纹以白象为主体，常配合莲花、宝盖、宝伞、祥云和璎珞。白象通常居于画面中心或右侧主视觉区域，莲花与宝盖作为辅助元素，营造庄重、清净而祥瑞的装饰语境。,文创产品、包装设计、服饰印花、网页背景、新中式品牌视觉、展览视觉物料,白象形象洁净庄重，整体气质安宁、莲花、宝盖和璎珞强化宗教仪式感、金色线条适合表现华贵与庄严、构图常偏稳定、平衡和柔和,走兽禽鸟纹、走兽纹、佛教祥瑞纹、庄严纹样、祥瑞、庄严、安定、中国传统纹样、吉祥纹样、白象、莲花、宝盖、祥云、璎珞、威仪、护佑,青绿、米白、浅金、朱砂、金色、墨绿、赭石、古金、墨黑、淡粉,象纹、祥云纹,https://wenyang.net/#/p/bai-xiang-wen,第07批_121-140_动物瑞兽纹,patterns/121-140_动物瑞兽纹/124_白象纹_卡片图.jpg
125,犀牛纹,Rhinoceros Pattern,xī niú wén,动物瑞兽纹,,,以犀牛或犀角意象入纹，较少见但具有器物感。,坚贞、护佑、富贵,坚固、镇守、珍贵,,犀牛纹以犀牛或犀角形象为主体，常配合青铜纹理、回纹、雷纹、云气和几何边饰。构图多偏厚重稳定，适合表现坚固、守护和珍贵之意。,文创产品、包装设计、服饰印花、网页背景、新中式品牌视觉、展览视觉物料,犀牛体量厚重，适合表现坚固感、犀角是主要识别点，线条可强化力量感、青铜绿、古金和墨色能突出器物感、常配合回纹、雷纹形成古雅背景,走兽禽鸟纹、走兽纹、器物感纹样、镇守纹样、坚固、镇守、珍贵、中国传统纹样、吉祥纹样、犀牛、犀角、青铜纹理、回纹、云气、坚贞、护佑、富贵,青绿、米白、浅金、朱砂、金色、墨绿、赭石、古金、墨黑、淡粉,辟邪纹、天禄纹、兽面纹、回纹、雷纹,https://wenyang.net/#/p/xi-niu-wen,第07批_121-140_动物瑞兽纹,patterns/121-140_动物瑞兽纹/125_犀牛纹_卡片图.jpg
126,牛纹,Ox Pattern,niú wén,动物瑞兽纹,,,以牛形或牛首入纹，常与农耕、勤勉相关。,坚贞、富贵,勤劳、丰收、稳重,,牛纹以牛形、牛首或耕牛场景为主体，常配合田野、稻穗、山石、农具和云气。构图多采用横向或斜向行进关系，表现农耕生活、勤勉与丰收。,文创产品、包装设计、服饰印花、网页背景、新中式品牌视觉、展览视觉物料,牛形稳重朴素，常有低头行进或耕作姿态、田野、稻穗和山石强化农耕气息、整体色彩宜温润、低饱和、自然、画面节奏不宜过度华丽，重在踏实稳定,走兽禽鸟纹、走兽纹、农耕纹样、生活题材纹、勤劳、丰收、稳重、中国传统纹样、吉祥纹样、牛、田野、稻穗、山石、云气、坚贞、富贵,青绿、米白、浅金、朱砂、金色、墨绿、赭石、古金、墨黑、淡粉,云气纹,https://wenyang.net/#/p/niu-wen,第07批_121-140_动物瑞兽纹,patterns/121-140_动物瑞兽纹/126_牛纹_卡片图.jpg
127,羊纹,Sheep Pattern,yáng wén,动物瑞兽纹,,,羊纹常取吉祥谐意，适合温和柔美的瑞兽主题。,吉祥、护佑、圆满,吉祥、温顺、和美,,羊纹以羊形、羊首或卷角为主体，常搭配花草、祥云、山石和自然背景。构图可采用单羊居中、侧身卧姿或与花草相伴的方式，表现温顺、吉祥与和美。,文创产品、包装设计、服饰印花、网页背景、新中式品牌视觉、展览视觉物料,羊形温和，卷角是重要识别点、可与花草、祥云组合，形成柔和瑞意、米白、青绿和浅金适合表现温润气质、整体画面宜舒缓、安静、亲和,走兽禽鸟纹、走兽纹、吉祥纹样、温和瑞兽纹、吉祥、温顺、和美、中国传统纹样、羊、卷角、花草、祥云、山石、护佑、圆满,青绿、米白、浅金、朱砂、金色、墨绿、赭石、古金、墨黑、淡粉,三羊开泰纹、祥云纹、牡丹纹,https://wenyang.net/#/p/yang-wen,第07批_121-140_动物瑞兽纹,patterns/121-140_动物瑞兽纹/127_羊纹_卡片图.jpg
128,三羊开泰纹,Three Rams Auspicious Pattern,sān yáng kāi tài wén,动物瑞兽纹,,,三只羊组合成吉祥图案，是传统迎春题材。,自然、吉祥,开泰、迎春、吉庆,,三羊开泰纹以三只羊为主体，常配合祥云、春花、山石、草木和团形布局。三只羊可呈站立、卧姿或相互呼应的组合关系，形成开泰迎春、吉庆圆满的画面。,文创产品、包装设计、服饰印花、网页背景、新中式品牌视觉、展览视觉物料,三只羊形成稳定的群组关系、常配合春花、祥云和山石，表达迎春氛围、构图宜圆满、温和、层次清楚、色彩可用米白、浅金、青绿和淡朱色,走兽禽鸟纹、羊纹、迎春吉祥纹、组合纹样、开泰、迎春、吉庆、中国传统纹样、吉祥纹样、三只羊、祥云、春花、山石、草木、自然、吉祥,青绿、米白、浅金、朱砂、金色、墨绿、赭石、古金、墨黑、淡粉,羊纹、梅花纹、祥云纹,https://wenyang.net/#/p/san-yang-kai-tai-wen,第07批_121-140_动物瑞兽纹,patterns/121-140_动物瑞兽纹/128_三羊开泰纹_卡片图.jpg
129,猴纹,Monkey Pattern,hóu wén,动物瑞兽纹,,,猴纹常与封侯、灵巧等寓意相关，民俗意味较强。,祥瑞,灵巧、封侯、机敏,,猴纹以猴子形象为主体，常搭配桃枝、山石、树木、祥云和民俗器物。猴子可作攀枝、坐石、抱桃等姿态，通过动作和表情表现灵巧、机敏和封侯谐意。,文创产品、包装设计、服饰印花、网页背景、新中式品牌视觉、展览视觉物料,猴形姿态灵活，常攀枝、抱桃或回首、桃枝与山石增强民俗和吉祥意味、画面可偏活泼，但仍保持传统图谱感、适合温润纸色、青绿、桃红和古金,走兽禽鸟纹、走兽纹、民俗谐音纹、灵巧主题纹、灵巧、封侯、机敏、中国传统纹样、吉祥纹样、猴子、桃枝、山石、树枝、祥云、祥瑞,青绿、米白、浅金、朱砂、金色、墨绿、赭石、古金、墨黑、淡粉,马上封侯纹,https://wenyang.net/#/p/hou-wen,第07批_121-140_动物瑞兽纹,patterns/121-140_动物瑞兽纹/129_猴纹_卡片图.jpg
130,马上封侯纹,Monkey on Horse Pattern,mǎ shàng fēng hóu wén,动物瑞兽纹,,,马与猴组合，取“马上封侯”谐意。,升腾、吉祥,功名、升迁、吉庆,,马上封侯纹以马和猴的组合为核心，常表现猴骑于马背、猴立马上或马猴相伴。周围可配合松石、桃枝、祥云、官印等元素，强化功名、升迁与吉庆寓意。,文创产品、包装设计、服饰印花、网页背景、新中式品牌视觉、展览视觉物料,马形表现速度与行动感，猴子强化谐音寓意、猴骑马或立于马上是主要识别方式、松石、桃枝和云气补充吉祥氛围、画面适合向上、行进或腾跃的构图,走兽禽鸟纹、组合吉祥纹、民俗谐音纹、功名纹样、功名、升迁、吉庆、中国传统纹样、吉祥纹样、马、猴、桃枝、松石、云气、升腾、吉祥,青绿、米白、浅金、朱砂、金色、墨绿、赭石、古金、墨黑、淡粉,猴纹、天马纹、马纹,https://wenyang.net/#/p/ma-shang-feng-hou-wen,第07批_121-140_动物瑞兽纹,patterns/121-140_动物瑞兽纹/130_马上封侯纹_卡片图.jpg
131,兔纹,Rabbit Pattern,tù wén,动物瑞兽纹,,,兔纹常与月宫、灵巧、温和意象相连，寓意祥和、敏捷与月意之美。,吉祥、祥瑞、自然,祥和、敏捷、月意,,,文创产品、包装设计、服饰印花、网页背景、新中式品牌视觉,,祥和、敏捷、月意、玉兔、月亮、桂枝、云纹、花枝、吉祥、祥瑞、自然,深蓝、米白、浅金、青绿,玉兔捣药纹、月纹、云月纹、桂花纹、花卉锦地纹,https://wenyang.net/#/p/131-rabbit-pattern,第07批_121-140_动物瑞兽纹,patterns/121-140_动物瑞兽纹/131_兔纹_卡片图.jpg
132,玉兔捣药纹,Jade Rabbit Pounding Medicine Pattern,yù tù dǎo yào wén,动物瑞兽纹,,,玉兔与药臼组合，常带有月宫与长生意象，寓意长生、祥瑞与清雅。,长寿、祥瑞,长生、月宫、祥瑞,,,文创产品、包装设计、服饰印花、网页背景、新中式品牌视觉,,长生、月宫、祥瑞、玉兔、药臼、月桂、月亮、祥云、长寿,深蓝、米白、浅金、青绿,兔纹、月纹、桂花纹、云月纹,https://wenyang.net/#/p/132-jade-rabbit-pounding-medicine-pattern,第07批_121-140_动物瑞兽纹,patterns/121-140_动物瑞兽纹/132_玉兔捣药纹_卡片图.jpg
133,雁纹,Wild Goose Pattern,yàn wén,动物瑞兽纹,,,大雁纹常用于表达信义、迁徙与成双意象，寓意守约、思念与清远之美。,坚贞、圆满,信义、守约、思念,,,文创产品、包装设计、服饰印花、网页背景、新中式品牌视觉,,信义、守约、思念、飞雁、云水、芦苇、远山、水岸、坚贞、圆满,青蓝、米白、浅金、青灰,燕纹、鸽纹、云水纹、远山纹、江水纹,https://wenyang.net/#/p/133-wild-goose-pattern,第07批_121-140_动物瑞兽纹,patterns/121-140_动物瑞兽纹/133_雁纹_卡片图.jpg
134,燕纹,Swallow Pattern,yàn wén,动物瑞兽纹,,,燕子纹轻盈明快，常与春日、家宅相关，寓意春信、安居与吉祥如意。,自然、护佑、吉祥,春信、安居、吉祥,,,文创产品、包装设计、服饰印花、网页背景、新中式品牌视觉,,春信、安居、吉祥、燕子、柳枝、春花、花枝、清风、自然、护佑,淡青、米白、墨绿、浅金,雁纹、花草边纹、折枝桃纹、杏花纹、云头边纹,https://wenyang.net/#/p/134-swallow-pattern,第07批_121-140_动物瑞兽纹,patterns/121-140_动物瑞兽纹/134_燕纹_卡片图.jpg
135,鹦鹉纹,Parrot Pattern,yīng wǔ wén,动物瑞兽纹,,,鹦鹉纹色彩鲜明，常见于花鸟装饰与织物图案，寓意聪慧、美好与华丽生姿。,清雅、圆满、富贵,聪慧、美好、华丽,,,文创产品、包装设计、服饰印花、网页背景、新中式品牌视觉,,聪慧、美好、华丽、鹦鹉、花枝、牡丹、卷草、枝叶、清雅、圆满、富贵,朱砂、青绿、金色、米白,锦鸡纹、孔雀纹、孔雀牡丹纹、凤衔花纹、花卉锦地纹,https://wenyang.net/#/p/135-parrot-pattern,第07批_121-140_动物瑞兽纹,patterns/121-140_动物瑞兽纹/135_鹦鹉纹_卡片图.jpg
136,孔雀纹,Peacock Pattern,kǒng què wén,动物瑞兽纹,,,孔雀纹以开屏羽尾为主体，视觉华丽庄美，寓意华美、尊贵与吉祥。,富贵、吉祥,华美、尊贵、吉祥,,,文创产品、包装设计、服饰印花、网页背景、新中式品牌视觉,,华美、尊贵、吉祥、孔雀、羽尾、牡丹、花枝、卷草、富贵,孔雀蓝、青绿、浅金、米白,孔雀牡丹纹、锦鸡纹、凤穿牡丹纹、团凤纹、花卉锦地纹,https://wenyang.net/#/p/136-peacock-pattern,第07批_121-140_动物瑞兽纹,patterns/121-140_动物瑞兽纹/136_孔雀纹_卡片图.jpg
137,孔雀牡丹纹,Peacock and Peony Pattern,kǒng què mǔ dān wén,动物瑞兽纹,,,孔雀与牡丹组合，富有华丽富贵之气，寓意富贵、华美与吉庆。,富贵、吉祥,富贵、华美、吉庆,,,文创产品、包装设计、服饰印花、网页背景、新中式品牌视觉,,富贵、华美、吉庆、孔雀、牡丹、团花、花叶、卷草、吉祥,墨绿、朱砂、浅金、米白,孔雀纹、凤穿牡丹纹、缠枝牡丹纹、牡丹纹、花卉锦地纹,https://wenyang.net/#/p/137-peacock-and-peony-pattern,第07批_121-140_动物瑞兽纹,patterns/121-140_动物瑞兽纹/137_孔雀牡丹纹_卡片图.jpg
138,锦鸡纹,Golden Pheasant Pattern,jǐn jī wén,动物瑞兽纹,,,锦鸡纹色彩华丽，常见于花鸟题材，寓意华彩、吉庆与文雅之美。,吉祥、清雅,华彩、吉庆、文雅,,,文创产品、包装设计、服饰印花、网页背景、新中式品牌视觉,,华彩、吉庆、文雅、锦鸡、花枝、山石、彩羽、枝叶、吉祥、清雅,朱砂、浅金、青绿、墨黑,鹦鹉纹、孔雀纹、鸾鸟纹、花草边纹、折枝梅纹,https://wenyang.net/#/p/138-golden-pheasant-pattern,第07批_121-140_动物瑞兽纹,patterns/121-140_动物瑞兽纹/138_锦鸡纹_卡片图.jpg
139,鸽纹,Dove Pattern,gē wén,动物瑞兽纹,,,鸽纹较温和清雅，可用于和平与安宁主题，寓意安宁、和合与平和。,护佑、圆满、清雅,安宁、和合、平和,,,文创产品、包装设计、服饰印花、网页背景、新中式品牌视觉,,安宁、和合、平和、白鸽、花枝、祥云、白花、枝叶、护佑、圆满、清雅,米白、淡青、浅金、青灰,雁纹、燕纹、鹌鹑纹、花草边纹、云头边纹,https://wenyang.net/#/p/139-dove-pattern,第07批_121-140_动物瑞兽纹,patterns/121-140_动物瑞兽纹/139_鸽纹_卡片图.jpg
140,鹌鹑纹,Quail Pattern,ān chún wén,动物瑞兽纹,,,鹌鹑纹常与平安谐音相关，具有民俗吉祥意味，寓意平安、安居与吉祥。,护佑、吉祥,平安、安居、吉祥,,,文创产品、包装设计、服饰印花、网页背景、新中式品牌视觉,,平安、安居、吉祥、鹌鹑、谷穗、草丛、稻麦、田野、护佑,古金、米白、青绿、墨褐,鸽纹、稻穗纹、麦穗纹、谷穗纹、花草边纹,https://wenyang.net/#/p/140-quail-pattern,第07批_121-140_动物瑞兽纹,patterns/121-140_动物瑞兽纹/140_鹌鹑纹_卡片图.jpg
141,虾纹,Shrimp Pattern,xiā wén,动物瑞兽纹,,,虾纹线条灵动多姿，常与水草水波相配，寓意丰足、活力与生机。,祥瑞、富贵、生机,灵动、丰足、活力,,,文创产品、包装设计、服饰印花、网页背景、新中式品牌视觉,,灵动、丰足、活力、虾、水草、水波、气泡、墨线、祥瑞、富贵、生机,米白、墨黑、浅金、青绿,蟹纹、水草纹、荷塘鱼藻纹、水波纹、云水纹,https://wenyang.net/#/p/141-shrimp-pattern,第08批_141-160_动物瑞兽纹,patterns/141-160_动物瑞兽纹/141_虾纹_卡片图.jpg
142,蟹纹,Crab Pattern,xiè wén,动物瑞兽纹,,,蟹纹常与水波芦草组合，富有民俗趣味，寓意富足、甲第与坚韧。,富贵、坚贞,富足、甲第、坚韧,,,文创产品、包装设计、服饰印花、网页背景、新中式品牌视觉,,富足、甲第、坚韧、螃蟹、水波、芦苇、浪花、水草、富贵、坚贞,青蓝、米白、浅金、青绿,虾纹、水草纹、海水边纹、荷塘鱼藻纹、江水纹,https://wenyang.net/#/p/142-crab-pattern,第08批_141-160_动物瑞兽纹,patterns/141-160_动物瑞兽纹/142_蟹纹_卡片图.jpg
143,贝壳纹,Shell Pattern,bèi ké wén,动物瑞兽纹,,,贝壳纹以扇形与螺旋壳体入饰，具有海洋气息，寓意珍宝与丰足。,自然、富贵,珍宝、海洋、富足,,,文创产品、包装设计、服饰印花、网页背景、新中式品牌视觉,,珍宝、海洋、富足、贝壳、海浪、珍珠、螺壳、水波、自然、富贵,淡蓝、米白、白色、浅金,螺纹、蚌纹、海螺纹、云水纹、海水边纹,https://wenyang.net/#/p/143-shell-pattern,第08批_141-160_动物瑞兽纹,patterns/141-160_动物瑞兽纹/143_贝壳纹_卡片图.jpg
144,螺纹,Conch Pattern,luó wén,动物瑞兽纹,,,螺纹以旋壳线形为主，兼具自然与几何之美，寓意流转、珍贵与生机。,秩序、富贵、自然,流转、珍贵、自然,,,文创产品、包装设计、服饰印花、网页背景、新中式品牌视觉,,流转、珍贵、自然、螺壳、旋线、水波、贝纹、珍珠、秩序、富贵,深青、米白、浅金、白色,贝壳纹、海螺纹、蚌纹、旋波纹、云水纹,https://wenyang.net/#/p/144-conch-pattern,第08批_141-160_动物瑞兽纹,patterns/141-160_动物瑞兽纹/144_螺纹_卡片图.jpg
145,蚌纹,Clam Pattern,bàng wén,动物瑞兽纹,,,蚌纹多与珍珠水波组合，造型圆润温雅，寓意珍贵、圆满与富足。,富贵、圆满,珍贵、圆满、富足,,,文创产品、包装设计、服饰印花、网页背景、新中式品牌视觉,,珍贵、圆满、富足、蚌壳、珍珠、水波、浪花、贝纹、富贵,浅金、米白、白色、青灰,贝壳纹、螺纹、海螺纹、连珠边饰、水波纹,https://wenyang.net/#/p/145-clam-pattern,第08批_141-160_动物瑞兽纹,patterns/141-160_动物瑞兽纹/145_蚌纹_卡片图.jpg
146,海螺纹,Sea Snail Pattern,hǎi luó wén,动物瑞兽纹,,,海螺纹强调螺旋壳形与浪花节奏，富有海洋气息，寓意吉祥与流转。,自然、秩序、吉祥,海洋、流转、吉祥,,,文创产品、包装设计、服饰印花、网页背景、新中式品牌视觉,,海洋、流转、吉祥、海螺、螺旋、浪花、水波、贝壳、自然、秩序,白色、米白、淡蓝、浅金,螺纹、贝壳纹、蚌纹、海水边纹、旋波纹,https://wenyang.net/#/p/146-sea-snail-pattern,第08批_141-160_动物瑞兽纹,patterns/141-160_动物瑞兽纹/146_海螺纹_卡片图.jpg
147,水草纹,Aquatic Grass Pattern,shuǐ cǎo wén,动物瑞兽纹,,,水草纹线条柔软舒展，常作鱼纹水纹陪衬，寓意生机、流动与柔和。,生机、圆满、连绵,生机、柔和、流动,,,文创产品、包装设计、服饰印花、网页背景、新中式品牌视觉,,生机、柔和、流动、水草、游鱼、水波、涡线、青叶、圆满、连绵,青绿、米白、深蓝、浅金,荷塘鱼藻纹、虾纹、蟹纹、鱼纹、云水纹,https://wenyang.net/#/p/147-aquatic-grass-pattern,第08批_141-160_动物瑞兽纹,patterns/141-160_动物瑞兽纹/147_水草纹_卡片图.jpg
148,荷塘鱼藻纹,Fish and Aquatic Plants Pattern,hé táng yú zǎo wén,动物瑞兽纹,,,鱼藻与荷叶水草交织成景，是经典水族题材，寓意丰足、和美与生机。,富贵、圆满、生机,丰足、和美、生机,,,文创产品、包装设计、服饰印花、网页背景、新中式品牌视觉,,丰足、和美、生机、游鱼、水草、荷叶、荷花、水波、富贵、圆满,墨绿、米白、朱砂、浅金,水草纹、鱼纹、莲蓬纹、荷花纹、云水纹,https://wenyang.net/#/p/148-fish-and-aquatic-plants-pattern,第08批_141-160_动物瑞兽纹,patterns/141-160_动物瑞兽纹/148_荷塘鱼藻纹_卡片图.jpg
149,蝉纹,Cicada Pattern,chán wén,动物瑞兽纹,,,蝉纹造型古拙凝练，常见于玉器与古器装饰，寓意清高、再生与长鸣。,生机、升腾,清高、再生、长鸣,,,文创产品、包装设计、服饰印花、网页背景、新中式品牌视觉,,清高、再生、长鸣、蝉形、玉器纹、对称线条、回纹、古器感、生机、升腾,深青、米白、浅金、青灰,玉蝉纹、乳钉纹、回纹边饰、雷纹边饰、玉佩纹,https://wenyang.net/#/p/149-cicada-pattern,第08批_141-160_动物瑞兽纹,patterns/141-160_动物瑞兽纹/149_蝉纹_卡片图.jpg
150,玉蝉纹,Jade Cicada Pattern,yù chán wén,动物瑞兽纹,,,玉蝉纹取玉蝉造型为灵感，气质古雅含蓄，寓意高洁、复生与守护。,清雅、生机、护佑,高洁、复生、守护,,,文创产品、包装设计、服饰印花、网页背景、新中式品牌视觉,,高洁、复生、守护、玉蝉、青玉、对称线条、云纹、古器装饰、清雅、生机、护佑,深青、米白、青灰、浅金,蝉纹、玉佩纹、乳钉纹、回纹边饰,https://wenyang.net/#/p/150-jade-cicada-pattern,第08批_141-160_动物瑞兽纹,patterns/141-160_动物瑞兽纹/150_玉蝉纹_卡片图.jpg
151,蜻蜓纹,Dragonfly Pattern,qīng tíng wén,动物瑞兽纹,宋元以来花鸟草虫题材逐渐丰富，明清织绣、瓷器与绘画中较为常见。,,蜻蜓纹轻盈灵动，常与荷花水草相配，寓意轻盈、清新与夏意之美。,祥瑞、清雅,轻盈、清新、夏意,,,文创产品、包装设计、服饰印花、网页背景、装饰边框、博物馆图录、新中式品牌视觉,蜻蜓翅膀透明纤细，线条轻快、常与荷花、荷叶、水草、水波组合、构图多留白，气质清新、适合表现夏日、水边与自然生趣,轻盈、清新、夏意、草虫纹、花鸟纹、自然纹样、吉祥纹样、蜻蜓、荷叶、水面、淡色、祥瑞、清雅,青绿、米白、浅金、深蓝、墨黑、水青,荷花纹、水草纹、荷塘鱼藻纹、蝶恋花纹、团蝶纹,https://wenyang.net/#/p/dragonfly-pattern,第08批_141-160_动物瑞兽纹,patterns/141-160_动物瑞兽纹/151_蜻蜓纹_卡片图.jpg
152,蜜蜂纹,Bee Pattern,mì fēng wén,动物瑞兽纹,宋元以来花鸟草虫题材逐渐丰富，明清织绣、瓷器与绘画中较为常见。,,蜜蜂纹常与花卉、蜂巢组合，寓意勤勉、甜美、繁盛与丰收吉庆。,坚贞、圆满、富贵,勤勉、甜美、丰收,,,文创产品、包装设计、服饰印花、网页背景、装饰边框、博物馆图录、新中式品牌视觉,蜜蜂体形小巧，黄黑纹理清晰、常与花枝、花朵、蜂巢六边形搭配、画面细密而有生机、适合用于春夏花鸟草虫题材,勤勉、甜美、丰收、草虫纹、花鸟纹、自然纹样、吉祥纹样、蜜蜂、花朵、蜂巢、金黄、坚贞、圆满、富贵,浅金、米白、青绿、暖白、墨黑、米色,蜂蝶恋花纹、蝶恋花纹、花草边纹、蔷薇纹、牡丹纹,https://wenyang.net/#/p/bee-pattern,第08批_141-160_动物瑞兽纹,patterns/141-160_动物瑞兽纹/152_蜜蜂纹_卡片图.jpg
153,蜂蝶恋花纹,Bees and Butterflies Among Flowers Pattern,fēng dié liàn huā wén,动物瑞兽纹,宋元以来花鸟草虫题材逐渐丰富，明清织绣、瓷器与绘画中较为常见。,,蜂蝶与花卉相伴成纹，富有春日生机，寓意美好、繁盛与自然生趣。,圆满、生机,美好、生机、繁盛,,,文创产品、包装设计、服饰印花、网页背景、装饰边框、博物馆图录、新中式品牌视觉,蜂蝶造型轻盈，动势明显、花枝与叶片形成柔和背景、色彩可清雅也可华丽、适合表现春日、繁盛和生机,美好、生机、繁盛、草虫纹、花鸟纹、自然纹样、吉祥纹样、蜂蝶、花枝、春色、轻盈、圆满,淡粉、青绿、米白、浅金、朱红、墨绿、米色,蜜蜂纹、团蝶纹、蝶恋花纹、折枝桃纹、牡丹纹,https://wenyang.net/#/p/bees-and-butterflies-among-flowers-pattern,第08批_141-160_动物瑞兽纹,patterns/141-160_动物瑞兽纹/153_蜂蝶恋花纹_卡片图.jpg
154,蟋蟀纹,Cricket Pattern,xī shuài wén,动物瑞兽纹,宋元以来花鸟草虫题材逐渐丰富，明清织绣、瓷器与绘画中较为常见。,,蟋蟀纹多与秋草、枝叶组合，富有民俗趣味，寓意秋趣、灵动与生活气息。,自然、祥瑞、生机,秋趣、灵动、生活气息,,,文创产品、包装设计、服饰印花、网页背景、装饰边框、博物馆图录、新中式品牌视觉,草虫造型细小而灵活、草叶线条舒展，秋意明显、构图偏清雅写生、适合做秋日、民俗和自然题材装饰,秋趣、灵动、生活气息、草虫纹、花鸟纹、自然纹样、吉祥纹样、蟋蟀、草叶、秋色、线描、自然、祥瑞、生机,浅金、墨绿、米白、赭石、青绿、墨黑、米色,蝈蝈纹、螳螂纹、水草纹、谷穗纹、麦穗纹,https://wenyang.net/#/p/cricket-pattern,第08批_141-160_动物瑞兽纹,patterns/141-160_动物瑞兽纹/154_蟋蟀纹_卡片图.jpg
155,螳螂纹,Mantis Pattern,táng láng wén,动物瑞兽纹,宋元以来花鸟草虫题材逐渐丰富，明清织绣、瓷器与绘画中较为常见。,,螳螂纹以草虫写生为基础，造型独特，寓意机敏、自然与灵巧之趣。,祥瑞、自然,机敏、自然、灵巧,,,文创产品、包装设计、服饰印花、网页背景、装饰边框、博物馆图录、新中式品牌视觉,螳螂前肢造型醒目，姿态有张力、草叶与石块增强自然场景、线描感强，适合清雅图谱风、构图可局部放大，强调观察感,机敏、自然、灵巧、草虫纹、花鸟纹、自然纹样、吉祥纹样、螳螂、草叶、淡墨、微观构图、祥瑞,青绿、米白、墨黑、浅金、赭石、米色,蟋蟀纹、蝈蝈纹、蜘蛛纹、水草纹,https://wenyang.net/#/p/mantis-pattern,第08批_141-160_动物瑞兽纹,patterns/141-160_动物瑞兽纹/155_螳螂纹_卡片图.jpg
156,蜘蛛纹,Spider Pattern,zhī zhū wén,动物瑞兽纹,宋元以来花鸟草虫题材逐渐丰富，明清织绣、瓷器与绘画中较为常见。,,蜘蛛纹常以蛛网结构入饰，兼具民俗与几何意味，寓意巧思、连接与守护。,连绵、护佑,巧思、连接、守护,,,文创产品、包装设计、服饰印花、网页背景、装饰边框、博物馆图录、新中式品牌视觉,蛛网呈放射状或网格状结构、蜘蛛造型小而醒目、画面兼具自然与几何秩序、适合圆形、边饰和符号化设计,巧思、连接、守护、草虫纹、花鸟纹、自然纹样、吉祥纹样、蜘蛛、蛛网、圆形构图、连绵、护佑,墨绿、浅金、米白、深青、墨黑、青绿、米色,螳螂纹、蟋蟀纹、团蝶纹、回纹、几何锦地纹,https://wenyang.net/#/p/spider-pattern,第08批_141-160_动物瑞兽纹,patterns/141-160_动物瑞兽纹/156_蜘蛛纹_卡片图.jpg
157,蝈蝈纹,Katydid Pattern,guō guō wén,动物瑞兽纹,宋元以来花鸟草虫题材逐渐丰富，明清织绣、瓷器与绘画中较为常见。,,蝈蝈纹多见于草虫题材，常与草叶或竹笼相配，寓意生趣、秋声与自然之美。,生机、自然,生趣、秋声、自然,,,文创产品、包装设计、服饰印花、网页背景、装饰边框、博物馆图录、新中式品牌视觉,蝈蝈体形细长，触角明显、草叶与竹笼增强生活感、色调多淡绿清雅、适合表现秋声、草虫和文人闲趣,生趣、秋声、自然、草虫纹、花鸟纹、自然纹样、吉祥纹样、蝈蝈、草叶、竹笼、淡绿、生机,青绿、米白、墨黑、深青、浅金、米色、赭石,蟋蟀纹、螳螂纹、水草纹、竹叶纹、花草边纹,https://wenyang.net/#/p/katydid-pattern,第08批_141-160_动物瑞兽纹,patterns/141-160_动物瑞兽纹/157_蝈蝈纹_卡片图.jpg
158,螟蛉纹,Insect Larva Pattern,míng líng wén,动物瑞兽纹,宋元以来花鸟草虫题材逐渐丰富，明清织绣、瓷器与绘画中较为常见。,,螟蛉纹以小虫与叶片入饰，适合自然博物图谱风格，寓意生命、细微与生长。,生机、清雅,生命、细微、生长,,,文创产品、包装设计、服饰印花、网页背景、装饰边框、博物馆图录、新中式品牌视觉,小虫形态细微，常依附叶片、叶脉与枝条细节丰富、带有博物图谱与写生感、适合自然观察、生命主题与细节装饰,生命、细微、生长、草虫纹、花鸟纹、自然纹样、吉祥纹样、小虫、叶片、放大图谱感、生机、清雅,青绿、米白、浅金、赭石、墨黑、米色,蝈蝈纹、蟋蟀纹、螳螂纹、水草纹、花草边纹,https://wenyang.net/#/p/insect-larva-pattern,第08批_141-160_动物瑞兽纹,patterns/141-160_动物瑞兽纹/158_螟蛉纹_卡片图.jpg
159,团蝶纹,Butterfly Medallion Pattern,tuán dié wén,动物瑞兽纹,宋元以来花鸟草虫题材逐渐丰富，明清织绣、瓷器与绘画中较为常见。,,团蝶纹以蝴蝶组成圆形或对称团纹，轻盈华美，寓意美好、成双与长寿吉意。,圆满、长寿,美好、成双、长寿,,,文创产品、包装设计、服饰印花、网页背景、装饰边框、博物馆图录、新中式品牌视觉,蝴蝶多成双或多只对称排列、团形结构完整，适合中心纹样、花枝与卷草增强华丽感、常用于团花、织锦和装饰图案,美好、成双、长寿、草虫纹、花鸟纹、自然纹样、吉祥纹样、双蝶、团形、花枝、对称、圆满,墨绿、金色、朱红、米白、青绿、浅金、米色,蝶恋花纹、蜂蝶恋花纹、团花纹、花卉锦地纹、牡丹纹,https://wenyang.net/#/p/butterfly-medallion-pattern,第08批_141-160_动物瑞兽纹,patterns/141-160_动物瑞兽纹/159_团蝶纹_卡片图.jpg
160,蝶恋花纹,Butterflies Among Flowers Pattern,dié liàn huā wén,动物瑞兽纹,宋元以来花鸟草虫题材逐渐丰富，明清织绣、瓷器与绘画中较为常见。,,蝶恋花纹以蝴蝶与花卉组合成景，是常见花鸟装饰题材，寓意美好、爱情与春日生趣。,圆满,美好、爱情、春日,,,文创产品、包装设计、服饰印花、网页背景、装饰边框、博物馆图录、新中式品牌视觉,蝴蝶姿态轻盈，花朵柔美饱满、色彩多用粉、绿、米白等柔和组合、画面具有春日气息和爱情意象、适合花鸟、织物、包装与文创应用,美好、爱情、春日、草虫纹、花鸟纹、自然纹样、吉祥纹样、蝴蝶、花枝、粉绿配色、圆满,淡粉、青绿、米白、浅金、墨绿、淡青,团蝶纹、蜂蝶恋花纹、蜜蜂纹、折枝桃纹、牡丹纹,https://wenyang.net/#/p/butterflies-among-flowers-pattern,第08批_141-160_动物瑞兽纹,patterns/141-160_动物瑞兽纹/160_蝶恋花纹_卡片图.jpg
161,荷花纹,Lotus Flower Pattern,hé huā wén,植物花卉纹,,,以盛开的荷花为主，常与荷叶、水波组合，画面清雅澄净，寓意高洁和美。,清雅、圆满,清净、高洁、和美,,,文创产品、包装设计、服饰印花、网页背景、新中式品牌视觉、展览图录,主体形态清晰，便于识别、枝叶与花形层次分明、右侧半圆主视觉保留传统图谱感、适合用于卡片、详情页与网站瀑布流展示,清净、高洁、和美、荷花、荷叶、莲蓬、水波、清雅、圆满,米白、墨绿、浅金、青绿、朱砂、淡粉,莲瓣纹、折枝莲纹、缠枝莲纹,https://wenyang.net/#/p/lotus-flower-pattern,第09批_161-180_植物花卉纹,patterns/161-180_植物花卉纹/161_荷花纹_卡片图.jpg
162,缠枝牡丹纹,Interlocking Peony Scroll Pattern,chán zhī mǔ dān wén,植物花卉纹,,,牡丹与卷草连续缠绕成纹，枝蔓绵延不断，寓意富贵繁盛与连绵吉祥。,富贵、生机、连绵,富贵、繁盛、连绵,,,文创产品、包装设计、服饰印花、网页背景、新中式品牌视觉、展览图录,主体形态清晰，便于识别、枝叶与花形层次分明、右侧半圆主视觉保留传统图谱感、适合用于卡片、详情页与网站瀑布流展示,富贵、繁盛、连绵、牡丹、卷草、藤蔓、花苞、叶片、生机,米白、墨绿、浅金、青绿、朱砂、淡粉,牡丹纹、折枝牡丹纹、缠枝菊纹、缠枝宝相花纹、卷草纹,https://wenyang.net/#/p/interlocking-peony-scroll-pattern,第09批_161-180_植物花卉纹,patterns/161-180_植物花卉纹/162_缠枝牡丹纹_卡片图.jpg
163,缠枝菊纹,Interlocking Chrysanthemum Scroll Pattern,chán zhī jú wén,植物花卉纹,,,菊花与卷草连缀成纹，层次舒展清雅，寓意长寿、淡泊与绵延之美。,长寿、清雅、连绵,长寿、清雅、延绵,,,文创产品、包装设计、服饰印花、网页背景、新中式品牌视觉、展览图录,主体形态清晰，便于识别、枝叶与花形层次分明、右侧半圆主视觉保留传统图谱感、适合用于卡片、详情页与网站瀑布流展示,长寿、清雅、延绵、菊花、卷草、枝叶、连续藤蔓、连绵,米白、墨绿、浅金、青绿、朱砂、淡粉,菊花纹、折枝菊纹、缠枝牡丹纹、卷草纹、团花纹,https://wenyang.net/#/p/interlocking-chrysanthemum-scroll-pattern,第09批_161-180_植物花卉纹,patterns/161-180_植物花卉纹/163_缠枝菊纹_卡片图.jpg
164,缠枝梅纹,Interlocking Plum Blossom Pattern,chán zhī méi wén,植物花卉纹,,,梅花与枝蔓连续展开，花枝疏朗而有韧性，寓意春信、坚贞与延续。,坚贞、自然、连绵,坚贞、春信、延续,,,文创产品、包装设计、服饰印花、网页背景、新中式品牌视觉、展览图录,主体形态清晰，便于识别、枝叶与花形层次分明、右侧半圆主视觉保留传统图谱感、适合用于卡片、详情页与网站瀑布流展示,坚贞、春信、延续、梅花、枝干、花苞、卷枝、自然、连绵,米白、墨绿、浅金、青绿、朱砂、淡粉,梅花纹、折枝梅纹、缠枝菊纹、卷草纹、岁寒三友纹,https://wenyang.net/#/p/interlocking-plum-blossom-pattern,第09批_161-180_植物花卉纹,patterns/161-180_植物花卉纹/164_缠枝梅纹_卡片图.jpg
165,缠枝宝相花纹,Interlocking Baoxiang Floral Pattern,chán zhī bǎo xiàng huā wén,植物花卉纹,,,宝相花与卷草相连成华丽底纹，结构庄严繁复，寓意富贵与圆满。,威仪、富贵、圆满,庄严、富贵、圆满,,,文创产品、包装设计、服饰印花、网页背景、新中式品牌视觉、展览图录,主体形态清晰，便于识别、枝叶与花形层次分明、右侧半圆主视觉保留传统图谱感、适合用于卡片、详情页与网站瀑布流展示,庄严、富贵、圆满、宝相花、卷草、莲瓣、花叶、连续纹、威仪,米白、墨绿、浅金、青绿、朱砂、淡粉,宝相花纹、缠枝莲纹、卷草纹、忍冬纹、团花纹,https://wenyang.net/#/p/interlocking-baoxiang-floral-pattern,第09批_161-180_植物花卉纹,patterns/161-180_植物花卉纹/165_缠枝宝相花纹_卡片图.jpg
166,折枝牡丹纹,Broken-Branch Peony Pattern,zhé zhī mǔ dān wén,植物花卉纹,,,单枝牡丹入纹，构图疏朗留白得宜，寓意富贵、秀美与吉祥。,富贵、圆满、吉祥,富贵、秀美、吉祥,,,文创产品、包装设计、服饰印花、网页背景、新中式品牌视觉、展览图录,主体形态清晰，便于识别、枝叶与花形层次分明、右侧半圆主视觉保留传统图谱感、适合用于卡片、详情页与网站瀑布流展示,富贵、秀美、吉祥、牡丹、花苞、枝叶、单枝构图、圆满,米白、墨绿、浅金、青绿、朱砂、淡粉,牡丹纹、缠枝牡丹纹、宝相花纹、团花纹,https://wenyang.net/#/p/broken-branch-peony-pattern,第09批_161-180_植物花卉纹,patterns/161-180_植物花卉纹/166_折枝牡丹纹_卡片图.jpg
167,折枝梅纹,Broken-Branch Plum Pattern,zhé zhī méi wén,植物花卉纹,,,梅枝入纹，构图清简高洁，常见于器物装饰，寓意坚韧、高洁与报春。,坚贞、清雅、自然,坚韧、高洁、报春,,,文创产品、包装设计、服饰印花、网页背景、新中式品牌视觉、展览图录,主体形态清晰，便于识别、枝叶与花形层次分明、右侧半圆主视觉保留传统图谱感、适合用于卡片、详情页与网站瀑布流展示,坚韧、高洁、报春、梅枝、五瓣梅、花苞、山石、坚贞、清雅、自然,米白、墨绿、浅金、青绿、朱砂、淡粉,梅花纹、缠枝梅纹、岁寒三友纹、折枝桃纹、折枝菊纹,https://wenyang.net/#/p/broken-branch-plum-pattern,第09批_161-180_植物花卉纹,patterns/161-180_植物花卉纹/167_折枝梅纹_卡片图.jpg
168,折枝莲纹,Broken-Branch Lotus Pattern,zhé zhī lián wén,植物花卉纹,,,单枝莲花与莲叶组合，气息宁和雅致，寓意和合、清雅与洁净。,清雅、圆满,清雅、和合、清净,,,文创产品、包装设计、服饰印花、网页背景、新中式品牌视觉、展览图录,主体形态清晰，便于识别、枝叶与花形层次分明、右侧半圆主视觉保留传统图谱感、适合用于卡片、详情页与网站瀑布流展示,清雅、和合、清净、莲花、莲叶、莲蓬、水波、圆满,米白、墨绿、浅金、青绿、朱砂、淡粉,荷花纹、莲瓣纹、缠枝莲纹,https://wenyang.net/#/p/broken-branch-lotus-pattern,第09批_161-180_植物花卉纹,patterns/161-180_植物花卉纹/168_折枝莲纹_卡片图.jpg
169,折枝菊纹,Broken-Branch Chrysanthemum Pattern,zhé zhī jú wén,植物花卉纹,,,一枝菊花入饰，枝叶疏秀留白清雅，寓意高洁、长寿与淡泊自守。,清雅、长寿,高洁、长寿、淡泊,,,文创产品、包装设计、服饰印花、网页背景、新中式品牌视觉、展览图录,主体形态清晰，便于识别、枝叶与花形层次分明、右侧半圆主视觉保留传统图谱感、适合用于卡片、详情页与网站瀑布流展示,高洁、长寿、淡泊、菊花、枝叶、花苞、单枝构图、清雅,米白、墨绿、浅金、青绿、朱砂、淡粉,菊花纹、缠枝菊纹、折枝梅纹、折枝牡丹纹、团花纹,https://wenyang.net/#/p/broken-branch-chrysanthemum-pattern,第09批_161-180_植物花卉纹,patterns/161-180_植物花卉纹/169_折枝菊纹_卡片图.jpg
170,折枝桃纹,Broken-Branch Peach Blossom Pattern,zhé zhī táo wén,植物花卉纹,,,桃花折枝成纹，花苞嫩叶相映，寓意春意、美好姻缘与盎然生机。,自然、圆满,春意、姻缘、美好,,,文创产品、包装设计、服饰印花、网页背景、新中式品牌视觉、展览图录,主体形态清晰，便于识别、枝叶与花形层次分明、右侧半圆主视觉保留传统图谱感、适合用于卡片、详情页与网站瀑布流展示,春意、姻缘、美好、桃花、花苞、嫩叶、枝干、自然、圆满,米白、墨绿、浅金、青绿、朱砂、淡粉,桃花纹、折枝梅纹,https://wenyang.net/#/p/broken-branch-peach-blossom-pattern,第09批_161-180_植物花卉纹,patterns/161-180_植物花卉纹/170_折枝桃纹_卡片图.jpg
171,折枝海棠纹,Broken-Branch Begonia Pattern,zhé zhī hǎi táng wén,植物花卉纹,,,海棠折枝温润雅致，枝叶圆转舒展，寓意富贵、和美与清雅之气。,富贵、圆满、清雅,富贵、和美、雅致,,,文创产品、包装设计、服饰印花、网页背景、新中式品牌视觉,主体花形清晰、枝叶走势有节奏、适合半圆主视觉、适合线稿辅助装饰,富贵、和美、雅致、海棠、花苞、枝叶、圆润花瓣、圆满、清雅,米白、墨绿、青绿、浅金,海棠纹、折枝桃纹、折枝梅纹、折枝牡丹纹、花卉锦地纹,https://wenyang.net/#/p/broken-branch-begonia-pattern,第09批_161-180_植物花卉纹,patterns/161-180_植物花卉纹/171_折枝海棠纹_卡片图.jpg
172,玉兰纹,Magnolia Pattern,yù lán wén,植物花卉纹,,,玉兰花形舒展洁净，枝干疏朗挺拔，寓意高洁、清香与雅致。,清雅,高洁、清香、雅致,,,文创产品、包装设计、服饰印花、网页背景、新中式品牌视觉,主体花形清晰、枝叶走势有节奏、适合半圆主视觉、适合线稿辅助装饰,高洁、清香、雅致、玉兰花、花苞、枝干、叶片、清雅,米白、墨绿、青绿、浅金,折枝梅纹、梨花纹、杏花纹、兰草纹,https://wenyang.net/#/p/magnolia-pattern,第09批_161-180_植物花卉纹,patterns/161-180_植物花卉纹/172_玉兰纹_卡片图.jpg
173,桂花纹,Osmanthus Pattern,guì huā wén,植物花卉纹,,,细密桂花与枝叶成簇铺陈，气质清香雅正，寓意荣誉、吉祥与秋日清华。,清雅、生机、吉祥,清香、荣誉、吉祥,,,文创产品、包装设计、服饰印花、网页背景、新中式品牌视觉,主体花形清晰、枝叶走势有节奏、适合半圆主视觉、适合线稿辅助装饰,清香、荣誉、吉祥、桂花、小花簇、枝叶、花枝、清雅、生机,米白、墨绿、青绿、浅金,菊花纹、折枝菊纹、杏花纹、梨花纹、花卉锦地纹,https://wenyang.net/#/p/osmanthus-pattern,第09批_161-180_植物花卉纹,patterns/161-180_植物花卉纹/173_桂花纹_卡片图.jpg
174,茶花纹,Camellia Pattern,chá huā wén,植物花卉纹,,,茶花花形饱满端庄，厚瓣层叠华美，寓意雅致、富丽与坚韧。,清雅、富贵、坚贞,雅致、富丽、坚韧,,,文创产品、包装设计、服饰印花、网页背景、新中式品牌视觉,主体花形清晰、枝叶走势有节奏、适合半圆主视觉、适合线稿辅助装饰,雅致、富丽、坚韧、茶花、厚瓣、花苞、枝叶、清雅、富贵、坚贞,米白、墨绿、青绿、浅金,牡丹纹、芙蓉纹、芍药纹、蔷薇纹、折枝牡丹纹,https://wenyang.net/#/p/camellia-pattern,第09批_161-180_植物花卉纹,patterns/161-180_植物花卉纹/174_茶花纹_卡片图.jpg
175,芙蓉纹,Hibiscus Pattern,fú róng wén,植物花卉纹,,,芙蓉花舒展清丽，枝叶柔美自然，寓意美好、荣华与清雅之姿。,清雅、圆满、富贵,清丽、美好、荣华,,,文创产品、包装设计、服饰印花、网页背景、新中式品牌视觉,主体花形清晰、枝叶走势有节奏、适合半圆主视觉、适合线稿辅助装饰,清丽、美好、荣华、芙蓉花、绿叶、花苞、水边纹样、清雅、圆满、富贵,米白、墨绿、青绿、浅金,荷花纹、茶花纹、芍药纹、折枝莲纹、花草边纹,https://wenyang.net/#/p/hibiscus-pattern,第09批_161-180_植物花卉纹,patterns/161-180_植物花卉纹/175_芙蓉纹_卡片图.jpg
176,萱草纹,Daylily Pattern,xuān cǎo wén,植物花卉纹,,,萱草长叶舒展，橙黄花姿明朗，寓意忘忧、亲情、安康与家庭祝愿。,清雅、圆满、护佑,忘忧、亲情、安康,,,文创产品、包装设计、服饰印花、网页背景、新中式品牌视觉,主体花形清晰、枝叶走势有节奏、适合半圆主视觉、适合线稿辅助装饰,忘忧、亲情、安康、萱草、长叶、橙黄花、花苞、清雅、圆满、护佑,米白、墨绿、青绿、浅金,兰草纹、竹叶纹、芙蓉纹、花草边纹、折枝莲纹,https://wenyang.net/#/p/daylily-pattern,第09批_161-180_植物花卉纹,patterns/161-180_植物花卉纹/176_萱草纹_卡片图.jpg
177,芍药纹,Paeony Pattern,sháo yào wén,植物花卉纹,,,芍药花形柔美饱满，层瓣丰润舒展，寓意美丽、和合与富贵。,圆满、富贵,美丽、和合、富贵,,,文创产品、包装设计、服饰印花、网页背景、新中式品牌视觉,主体花形清晰、枝叶走势有节奏、适合半圆主视觉、适合线稿辅助装饰,美丽、和合、富贵、芍药花、层叠花瓣、花苞、枝叶、圆满,米白、墨绿、青绿、浅金,牡丹纹、折枝牡丹纹、茶花纹、蔷薇纹、花卉锦地纹,https://wenyang.net/#/p/paeony-pattern,第09批_161-180_植物花卉纹,patterns/161-180_植物花卉纹/177_芍药纹_卡片图.jpg
178,蔷薇纹,Rose Pattern,qiáng wēi wén,植物花卉纹,,,蔷薇花枝攀援连续，花叶繁密柔美，寓意美好、繁盛与柔韧生机。,圆满、生机,美好、柔美、繁盛,,,文创产品、包装设计、服饰印花、网页背景、新中式品牌视觉,主体花形清晰、枝叶走势有节奏、适合半圆主视觉、适合线稿辅助装饰,美好、柔美、繁盛、蔷薇、藤蔓、花刺、连续枝叶、圆满、生机,米白、墨绿、青绿、浅金,芍药纹、茶花纹、折枝桃纹、缠枝牡丹纹、花草边纹,https://wenyang.net/#/p/rose-pattern,第09批_161-180_植物花卉纹,patterns/161-180_植物花卉纹/178_蔷薇纹_卡片图.jpg
179,杏花纹,Apricot Blossom Pattern,xìng huā wén,植物花卉纹,,,杏花枝头清新明丽，淡粉米白相映，寓意春意、文雅与美好。,自然、清雅、圆满,春意、文雅、美好,,,文创产品、包装设计、服饰印花、网页背景、新中式品牌视觉,主体花形清晰、枝叶走势有节奏、适合半圆主视觉、适合线稿辅助装饰,春意、文雅、美好、杏花、花苞、枝头、淡粉花瓣、自然、清雅、圆满,米白、墨绿、青绿、浅金,折枝桃纹、折枝梅纹、梨花纹、玉兰纹,https://wenyang.net/#/p/apricot-blossom-pattern,第09批_161-180_植物花卉纹,patterns/161-180_植物花卉纹/179_杏花纹_卡片图.jpg
180,梨花纹,Pear Blossom Pattern,lí huā wén,植物花卉纹,,,梨花白瓣清雅洁净，枝叶疏朗淡雅，寓意纯净、清雅与春日之美。,清雅、自然,纯净、清雅、春意,,,文创产品、包装设计、服饰印花、网页背景、新中式品牌视觉,主体花形清晰、枝叶走势有节奏、适合半圆主视觉、适合线稿辅助装饰,纯净、清雅、春意、梨花、白瓣、花苞、枝叶、自然,米白、墨绿、青绿、浅金,杏花纹、玉兰纹、折枝梅纹、桃花纹、花卉锦地纹,https://wenyang.net/#/p/pear-blossom-pattern,第09批_161-180_植物花卉纹,patterns/161-180_植物花卉纹/180_梨花纹_卡片图.jpg
181,寿桃纹,Longevity Peach Pattern,shòu táo wén,植物花卉纹,,,寿桃纹常用于祝寿和福寿主题装饰，寓意长寿、福泽与安康。,长寿、福气、护佑,长寿、福泽、安康,,,文创产品、包装设计、服饰印花、网页背景、新中式品牌视觉,以寿桃为主要识别元素、果实与枝叶组合清晰、适合做满地纹、边饰或局部装饰、具备节庆、丰收与吉祥气质,长寿、福泽、安康、果实纹、蔬谷纹、吉祥纹样、寿桃、桃叶、祥云、福气、护佑,浅金、朱砂、墨绿、米白,蟠桃纹、佛手纹、柿子纹、荔枝纹、枇杷纹、橘子纹、柚子纹,https://wenyang.net/#/p/longevity-peach-pattern,第10批_181-200_植物花卉纹,patterns/181-200_植物花卉纹/181_寿桃纹_卡片图.jpg
182,蟠桃纹,Flat Peach Pattern,pán táo wén,植物花卉纹,,,蟠桃纹常与祥云、仙草组合，寓意仙寿、福泽与吉祥。,长寿、福气、吉祥,仙寿、福泽、吉祥,,,文创产品、包装设计、服饰印花、网页背景、新中式品牌视觉,以蟠桃为主要识别元素、果实与枝叶组合清晰、适合做满地纹、边饰或局部装饰、具备节庆、丰收与吉祥气质,仙寿、福泽、吉祥、果实纹、蔬谷纹、吉祥纹样、蟠桃、祥云、灵芝、仙草、长寿、福气,浅金、朱砂、墨绿、米白,寿桃纹、佛手纹、柿子纹、荔枝纹、枇杷纹、橘子纹、柚子纹,https://wenyang.net/#/p/flat-peach-pattern,第10批_181-200_植物花卉纹,patterns/181-200_植物花卉纹/182_蟠桃纹_卡片图.jpg
183,佛手纹,Buddha Hand Citron Pattern,fó shǒu wén,植物花卉纹,,,佛手果形独特，常用于福寿吉祥图案，寓意福寿、吉祥与清供雅趣。,福气、吉祥、清雅,福寿、吉祥、清供,,,文创产品、包装设计、服饰印花、网页背景、新中式品牌视觉,以佛手果为主要识别元素、果实与枝叶组合清晰、适合做满地纹、边饰或局部装饰、具备节庆、丰收与吉祥气质,福寿、吉祥、清供、果实纹、蔬谷纹、吉祥纹样、佛手果、枝叶、清供器物、福气、清雅,浅金、朱砂、墨绿、米白,寿桃纹、蟠桃纹、柿子纹、荔枝纹、枇杷纹、橘子纹、柚子纹,https://wenyang.net/#/p/buddha-hand-citron-pattern,第10批_181-200_植物花卉纹,patterns/181-200_植物花卉纹/183_佛手纹_卡片图.jpg
184,柿子纹,Persimmon Pattern,shì zi wén,植物花卉纹,,,柿子纹取「事事如意」谐意，民俗感强，寓意顺遂与丰收。,吉祥、富贵,事事如意、丰收,,,文创产品、包装设计、服饰印花、网页背景、新中式品牌视觉,以柿子为主要识别元素、果实与枝叶组合清晰、适合做满地纹、边饰或局部装饰、具备节庆、丰收与吉祥气质,事事如意、丰收、果实纹、蔬谷纹、吉祥纹样、柿子、枝叶、如意云、吉祥、富贵,浅金、朱砂、墨绿、米白,寿桃纹、蟠桃纹、佛手纹、荔枝纹、枇杷纹、橘子纹、柚子纹,https://wenyang.net/#/p/persimmon-pattern,第10批_181-200_植物花卉纹,patterns/181-200_植物花卉纹/184_柿子纹_卡片图.jpg
185,荔枝纹,Lychee Pattern,lì zhī wén,植物花卉纹,,,荔枝果实圆润成串，色彩热烈，寓意甜美、富足与吉庆。,圆满、富贵、吉祥,甜美、富足、吉庆,,,文创产品、包装设计、服饰印花、网页背景、新中式品牌视觉,以荔枝串为主要识别元素、果实与枝叶组合清晰、适合做满地纹、边饰或局部装饰、具备节庆、丰收与吉祥气质,甜美、富足、吉庆、果实纹、蔬谷纹、吉祥纹样、荔枝串、叶片、枝条、圆满、富贵、吉祥,浅金、朱砂、墨绿、米白,寿桃纹、蟠桃纹、佛手纹、柿子纹、枇杷纹、橘子纹、柚子纹,https://wenyang.net/#/p/lychee-pattern,第10批_181-200_植物花卉纹,patterns/181-200_植物花卉纹/185_荔枝纹_卡片图.jpg
186,枇杷纹,Loquat Pattern,pí pá wén,植物花卉纹,,,枇杷纹温润雅致，常见于花果组合题材，寓意丰收、安康与清雅。,富贵、护佑、清雅,丰收、安康、清雅,,,文创产品、包装设计、服饰印花、网页背景、新中式品牌视觉,以枇杷果为主要识别元素、果实与枝叶组合清晰、适合做满地纹、边饰或局部装饰、具备节庆、丰收与吉祥气质,丰收、安康、清雅、果实纹、蔬谷纹、吉祥纹样、枇杷果、长叶、枝条、富贵、护佑,浅金、朱砂、墨绿、米白,寿桃纹、蟠桃纹、佛手纹、柿子纹、荔枝纹、橘子纹、柚子纹,https://wenyang.net/#/p/loquat-pattern,第10批_181-200_植物花卉纹,patterns/181-200_植物花卉纹/186_枇杷纹_卡片图.jpg
187,橘子纹,Mandarin Orange Pattern,jú zi wén,植物花卉纹,,,橘子纹因「吉」谐音常用于节庆装饰，寓意大吉、丰收与团圆。,吉祥、富贵、圆满,大吉、丰收、团圆,,,文创产品、包装设计、服饰印花、网页背景、新中式品牌视觉,以橘子为主要识别元素、果实与枝叶组合清晰、适合做满地纹、边饰或局部装饰、具备节庆、丰收与吉祥气质,大吉、丰收、团圆、果实纹、蔬谷纹、吉祥纹样、橘子、枝叶、花朵、吉祥、富贵、圆满,浅金、朱砂、墨绿、米白,寿桃纹、蟠桃纹、佛手纹、柿子纹、荔枝纹、枇杷纹、柚子纹,https://wenyang.net/#/p/mandarin-orange-pattern,第10批_181-200_植物花卉纹,patterns/181-200_植物花卉纹/187_橘子纹_卡片图.jpg
188,柚子纹,Pomelo Pattern,yòu zi wén,植物花卉纹,,,柚子纹果形饱满，适合丰收和家宅祝愿，寓意富足、团圆与安康。,富贵、圆满、护佑,富足、团圆、安康,,,文创产品、包装设计、服饰印花、网页背景、新中式品牌视觉,以柚子为主要识别元素、果实与枝叶组合清晰、适合做满地纹、边饰或局部装饰、具备节庆、丰收与吉祥气质,富足、团圆、安康、果实纹、蔬谷纹、吉祥纹样、柚子、叶片、花朵、富贵、圆满、护佑,浅金、朱砂、墨绿、米白,寿桃纹、蟠桃纹、佛手纹、柿子纹、荔枝纹、枇杷纹、橘子纹,https://wenyang.net/#/p/pomelo-pattern,第10批_181-200_植物花卉纹,patterns/181-200_植物花卉纹/188_柚子纹_卡片图.jpg
189,枣纹,Jujube Pattern,zǎo wén,植物花卉纹,,,枣纹常与早生贵子等民俗祝愿相关，寓意早福、多子与吉祥。,福气、富贵、吉祥,早福、多子、吉祥,,,文创产品、包装设计、服饰印花、网页背景、新中式品牌视觉,以红枣为主要识别元素、果实与枝叶组合清晰、适合做满地纹、边饰或局部装饰、具备节庆、丰收与吉祥气质,早福、多子、吉祥、果实纹、蔬谷纹、吉祥纹样、红枣、枝叶、民俗吉祥符号、福气、富贵,浅金、朱砂、墨绿、米白,寿桃纹、蟠桃纹、佛手纹、柿子纹、荔枝纹、枇杷纹、橘子纹,https://wenyang.net/#/p/jujube-pattern,第10批_181-200_植物花卉纹,patterns/181-200_植物花卉纹/189_枣纹_卡片图.jpg
190,栗子纹,Chestnut Pattern,lì zi wén,植物花卉纹,,,栗子纹表现秋收与富足气息，适合自然果实纹样，寓意丰收、安稳与富足。,富贵、护佑,丰收、安稳、富足,,,文创产品、包装设计、服饰印花、网页背景、新中式品牌视觉,以栗子为主要识别元素、果实与枝叶组合清晰、适合做满地纹、边饰或局部装饰、具备节庆、丰收与吉祥气质,丰收、安稳、富足、果实纹、蔬谷纹、吉祥纹样、栗子、果壳、叶片、富贵、护佑,浅金、朱砂、墨绿、米白,寿桃纹、蟠桃纹、佛手纹、柿子纹、荔枝纹、枇杷纹、橘子纹,https://wenyang.net/#/p/chestnut-pattern,第10批_181-200_植物花卉纹,patterns/181-200_植物花卉纹/190_栗子纹_卡片图.jpg
191,莲蓬纹,Lotus Seedpod Pattern,lián péng wén,植物花卉纹,,,莲蓬多籽，常与多子和清净意象相关。,富贵、清雅、连绵,多子、清净、连绵,,,,,多子、清净、连绵、莲蓬、荷叶、水波、富贵、清雅,米色、青绿、青铜绿、米白、银灰、深青、金色,,https://wenyang.net/#/p/lotus-seedpod-pattern,第10批_181-200_植物花卉纹,patterns/181-200_植物花卉纹/191_莲蓬纹_卡片图.jpg
192,莲子纹,Lotus Seed Pattern,lián zi wén,植物花卉纹,,,以莲子、莲蓬为元素，常用于吉祥生育寓意。,富贵、圆满,连生、多子、圆满,,,,,连生、多子、圆满、莲子、莲蓬、圆点排列、富贵,米白、米色、银灰、淡青,,https://wenyang.net/#/p/lotus-seed-pattern,第10批_181-200_植物花卉纹,patterns/181-200_植物花卉纹/192_莲子纹_卡片图.jpg
193,稻穗纹,Rice Ear Pattern,dào suì wén,植物花卉纹,,,稻穗纹表现农耕丰收和生活富足。,富贵、护佑,丰收、富足、安居,,,,,丰收、富足、安居、稻穗、田野、金黄、富贵、护佑,米白、金色、米色、银灰、浅金、古金,,https://wenyang.net/#/p/rice-ear-pattern,第10批_181-200_植物花卉纹,patterns/181-200_植物花卉纹/193_稻穗纹_卡片图.jpg
194,麦穗纹,Wheat Ear Pattern,mài suì wén,植物花卉纹,,,麦穗纹适合丰收、粮仓和田园主题。,富贵、护佑、生机,丰收、安定、生命力,,,,,丰收、安定、生命力、麦穗、麦芒、暖金、富贵、护佑、生机,米色、米白、浅金、金色、古金、银灰,,https://wenyang.net/#/p/wheat-ear-pattern,第10批_181-200_植物花卉纹,patterns/181-200_植物花卉纹/194_麦穗纹_卡片图.jpg
195,谷穗纹,Grain Ear Pattern,gǔ suì wén,植物花卉纹,,,谷穗纹以谷物穗形入饰，民生气息浓。,富贵、坚贞,丰年、富足、勤劳,,,,,丰年、富足、勤劳、谷穗、草叶、自然风、富贵、坚贞,米白、暗金、米色、银灰、墨绿、古金、金色,,https://wenyang.net/#/p/grain-ear-pattern,第10批_181-200_植物花卉纹,patterns/181-200_植物花卉纹/195_谷穗纹_卡片图.jpg
196,葵花纹,Sunflower Pattern,kuí huā wén,植物花卉纹,,,葵花纹朝阳舒展，适合明亮正向主题。,生机,向阳、繁盛、生机,,,,,向阳、繁盛、生机、葵花、圆盘、黄色,米色、米白、暗金、古金、浅金、银灰、金色,,https://wenyang.net/#/p/sunflower-pattern,第10批_181-200_植物花卉纹,patterns/181-200_植物花卉纹/196_葵花纹_卡片图.jpg
197,南瓜纹,Pumpkin Pattern,nán guā wén,植物花卉纹,,,南瓜纹果形圆满，具有田园和丰收气息。,富贵、圆满,丰收、圆满、富足,,,,,丰收、圆满、富足、南瓜、藤叶、秋色、富贵,米色、米白、暗金、墨绿、银灰、柿橙、古金,,https://wenyang.net/#/p/pumpkin-pattern,第10批_181-200_植物花卉纹,patterns/181-200_植物花卉纹/197_南瓜纹_卡片图.jpg
198,瓜瓞绵绵纹,Melon Vine Abundance Pattern,guā dié mián mián wén,植物花卉纹,,,瓜果与藤蔓连绵，表达子孙繁盛。,连绵、富贵,绵延、多子、家族兴旺,,,,,绵延、多子、家族兴旺、瓜果、藤蔓、卷须、连续纹、连绵、富贵,米色、暗金、米白、银灰、墨绿、古金,,https://wenyang.net/#/p/melon-vine-abundance-pattern,第10批_181-200_植物花卉纹,patterns/181-200_植物花卉纹/198_瓜瓞绵绵纹_卡片图.jpg
199,葵叶纹,Mallow Leaf Pattern,kuí yè wén,植物花卉纹,,,以葵叶形态入纹，叶片舒展，装饰性强。,生机、连绵、自然,生机、舒展、自然,,,,,生机、舒展、自然、葵叶、叶脉、青绿、连绵,米色、青铜绿、米白、墨绿、银灰、暗金、青绿、深绿,,https://wenyang.net/#/p/mallow-leaf-pattern,第10批_181-200_植物花卉纹,patterns/181-200_植物花卉纹/199_葵叶纹_卡片图.jpg
200,茄果纹,Eggplant Fruit Pattern,qié guǒ wén,植物花卉纹,,,以茄果和枝叶入纹，适合民俗花果装饰。,富贵、生机,丰足、生活、生机,,,,,丰足、生活、生机、茄子、花叶、紫绿、富贵,米色、米白、墨褐、银灰、深蓝、青铜绿、暗金,,https://wenyang.net/#/p/eggplant-fruit-pattern,第10批_181-200_植物花卉纹,patterns/181-200_植物花卉纹/200_茄果纹_卡片图.jpg
201,鱼鳞纹,Fish Scale Pattern,yú lín wén,几何锦纹,,,鱼鳞纹由层叠弧形构成，具有整齐鳞片感。,富贵、护佑、秩序,丰足、护佑、秩序,,,,,丰足、护佑、秩序、鱼鳞半圆、重复排列、青金、富贵,米色、深蓝、米白、银灰、青铜绿、深青,,https://wenyang.net/#/p/fish-scale-pattern,第11批_201-220_几何锦纹,patterns/201-220_几何锦纹/201_鱼鳞纹_卡片图.jpg
202,鳞甲纹,Scale Armor Pattern,lín jiǎ wén,几何锦纹,,,鳞甲纹由鳞片状单元连续铺陈，适合护甲感装饰。,护佑、坚贞、威仪,守护、坚固、力量,,,,,守护、坚固、力量、鳞片、金属感、重复纹、护佑、坚贞、威仪,米白、墨绿、米色、银灰、暗金、墨褐,,https://wenyang.net/#/p/scale-armor-pattern,第11批_201-220_几何锦纹,patterns/201-220_几何锦纹/202_鳞甲纹_卡片图.jpg
203,席纹,Mat Weave Pattern,xí wén,几何锦纹,,,席纹仿编织纹理，结构朴素规整。,秩序、生机,朴素、秩序、生活气息,,,,,朴素、秩序、生活气息、编织交错、米色、竹席感、生机,米白、米色、银灰、金色,,https://wenyang.net/#/p/mat-weave-pattern,第11批_201-220_几何锦纹,patterns/201-220_几何锦纹/203_席纹_卡片图.jpg
204,编织纹,Woven Pattern,biān zhī wén,几何锦纹,,,以经纬交错构成，适合底纹和边饰。,连绵、秩序,连接、秩序、手作,,,,,连接、秩序、手作、经纬线、交织、竹编、连绵,米白、浅金、金色、银灰、米色、赭石、古金,,https://wenyang.net/#/p/woven-pattern,第11批_201-220_几何锦纹,patterns/201-220_几何锦纹/204_编织纹_卡片图.jpg
205,绳纹,Rope Pattern,shéng wén,几何锦纹,,,绳纹线条扭转连续，常用于边饰和器物口沿。,连绵、坚贞,连接、坚固、延续,,,,,连接、坚固、延续、绳索扭纹、连续边饰、连绵、坚贞,米白、米色、暗金、银灰、金色、墨绿、墨褐、古金,,https://wenyang.net/#/p/rope-pattern,第11批_201-220_几何锦纹,patterns/201-220_几何锦纹/205_绳纹_卡片图.jpg
206,绞丝纹,Twisted Silk Pattern,jiǎo sī wén,几何锦纹,,,绞丝纹以扭转丝线感入纹，柔中带韧。,连绵、清雅、坚贞,连绵、精致、柔韧,,,,,连绵、精致、柔韧、扭丝线、细线、金色、清雅、坚贞,米白、米色、金色、银灰、浅金,,https://wenyang.net/#/p/twisted-silk-pattern,第11批_201-220_几何锦纹,patterns/201-220_几何锦纹/206_绞丝纹_卡片图.jpg
207,乳钉纹,Bossed Dot Pattern,rǔ dīng wén,几何锦纹,,,乳钉纹由凸点阵列构成，常见于青铜器装饰。,威仪、清雅、秩序,威仪、古朴、秩序,,,,,威仪、古朴、秩序、圆凸点、青铜、阵列、清雅,米白、米色、青铜绿、墨绿、银灰、暗金,,https://wenyang.net/#/p/bossed-dot-pattern,第11批_201-220_几何锦纹,patterns/201-220_几何锦纹/207_乳钉纹_卡片图.jpg
208,弦纹,String Line Pattern,xián wén,几何锦纹,,,弦纹以平行线或环带成纹，简洁有秩序。,秩序、坚贞,规整、分隔、稳重,,,,,规整、分隔、稳重、平行线、环带、器物感、秩序、坚贞,米白、墨绿、银灰、青铜绿、米色、深绿、暗金,,https://wenyang.net/#/p/string-line-pattern,第11批_201-220_几何锦纹,patterns/201-220_几何锦纹/208_弦纹_卡片图.jpg
209,弦月纹,Crescent Pattern,xián yuè wén,几何锦纹,,,弦月纹以月牙形连续排列，适合天象几何装饰。,自然、秩序、圆满,月意、循环、柔和,,,,,月意、循环、柔和、月牙、星点、深蓝金、自然、秩序、圆满,米色、深蓝、米白、银灰、深青,,https://wenyang.net/#/p/crescent-pattern,第11批_201-220_几何锦纹,patterns/201-220_几何锦纹/209_弦月纹_卡片图.jpg
210,云头锦纹,Cloud-Head Brocade Pattern,yún tóu jǐn wén,几何锦纹,,,云头形单元连续组成锦地，柔美华丽。,祥瑞、富贵、连绵,祥瑞、富丽、连绵,,,,,祥瑞、富丽、连绵、云头单元、锦地、金青、富贵,米色、米白、青铜绿、深青、银灰、金色、青绿、古金,,https://wenyang.net/#/p/cloud-head-brocade-pattern,第11批_201-220_几何锦纹,patterns/201-220_几何锦纹/210_云头锦纹_卡片图.jpg
211,花卉锦地纹,Floral Brocade Ground Pattern,huā huì jǐn dì wén,几何锦纹,,,细密花卉铺陈成底纹，适合华丽背景。,生机、富贵,繁盛、华美、富贵,,,,,繁盛、华美、富贵、小花密铺、织锦感、生机,米白、米色、青铜绿、深青、青绿、银灰、金色,,https://wenyang.net/#/p/floral-brocade-ground-pattern,第11批_201-220_几何锦纹,patterns/201-220_几何锦纹/211_花卉锦地纹_卡片图.jpg
212,几何锦地纹,Geometric Brocade Ground Pattern,jǐ hé jǐn dì wén,几何锦纹,,,以几何单元连续铺陈，形成典雅底纹。,秩序、坚贞、富贵,秩序、稳定、华美,,,,,秩序、稳定、华美、几何单元、重复纹、低对比、坚贞、富贵,米白、米色、银灰、浅金、暖白、金色,,https://wenyang.net/#/p/geometric-brocade-ground-pattern,第11批_201-220_几何锦纹,patterns/201-220_几何锦纹/212_几何锦地纹_卡片图.jpg
213,锦格纹,Brocade Grid Pattern,jǐn gé wén,几何锦纹,,,锦格纹以格网和花饰结合，层次丰富。,秩序、富贵、圆满,规整、富丽、和美,,,,,规整、富丽、和美、格网、小花、青金、秩序、富贵、圆满,米白、青铜绿、深蓝、米色、青绿、银灰、深青、金色,,https://wenyang.net/#/p/brocade-grid-pattern,第11批_201-220_几何锦纹,patterns/201-220_几何锦纹/213_锦格纹_卡片图.jpg
214,斜方格纹,Diagonal Lattice Pattern,xié fāng gé wén,几何锦纹,,,以斜向格线构成，动感比正格更强。,秩序、连绵,变化、秩序、延展,,,,,变化、秩序、延展、斜格、花心、连续底纹、连绵,米色、青铜绿、金色、青绿、米白、银灰,,https://wenyang.net/#/p/diagonal-lattice-pattern,第11批_201-220_几何锦纹,patterns/201-220_几何锦纹/214_斜方格纹_卡片图.jpg
215,棋盘纹,Checkerboard Pattern,qí pán wén,几何锦纹,,,棋盘纹黑白或双色交替，结构明确。,秩序、护佑,秩序、平衡、理性,,,,,秩序、平衡、理性、方格交替、黑白金、护佑,米白、米色、墨黑、银灰,,https://wenyang.net/#/p/checkerboard-pattern,第11批_201-220_几何锦纹,patterns/201-220_几何锦纹/215_棋盘纹_卡片图.jpg
216,方格花纹,Square Floral Lattice Pattern,fāng gé huā wén,几何锦纹,,,方格与花形结合，适合织物和窗格装饰。,坚贞、生机、圆满,稳定、繁盛、和美,,,,,稳定、繁盛、和美、方格、四瓣花、重复、坚贞、生机、圆满,米白、青绿、暖白、浅金、银灰、米色、淡青、金色,,https://wenyang.net/#/p/square-floral-lattice-pattern,第11批_201-220_几何锦纹,patterns/201-220_几何锦纹/216_方格花纹_卡片图.jpg
217,套方纹,Nested Square Pattern,tào fāng wén,几何锦纹,,,方形层层相套，具有空间递进感。,秩序、护佑、升腾,秩序、守护、层层递进,,,,,秩序、守护、层层递进、套方、金线、青绿、护佑、升腾,米色、青铜绿、米白、青绿、金色、深青,,https://wenyang.net/#/p/nested-square-pattern,第11批_201-220_几何锦纹,patterns/201-220_几何锦纹/217_套方纹_卡片图.jpg
218,套圆纹,Nested Circle Pattern,tào yuán wén,几何锦纹,,,圆形层层相套，视觉柔和稳定。,圆满、秩序,圆满、循环、和合,,,,,圆满、循环、和合、同心圆、金线、米白、秩序,米白、米色、银灰、暖白,,https://wenyang.net/#/p/nested-circle-pattern,第11批_201-220_几何锦纹,patterns/201-220_几何锦纹/218_套圆纹_卡片图.jpg
219,套环纹,Nested Ring Pattern,tào huán wén,几何锦纹,,,环形多层相套，适合器物和边饰。,连绵、圆满,连结、圆满、延续,,,,,连结、圆满、延续、套环、连环、古金、连绵,米白、暗金、米色、古金、银灰、金色、青铜绿,,https://wenyang.net/#/p/nested-ring-pattern,第11批_201-220_几何锦纹,patterns/201-220_几何锦纹/219_套环纹_卡片图.jpg
220,回环锦纹,Looping Brocade Pattern,huí huán jǐn wén,几何锦纹,,,回环结构连续铺陈，兼具几何和锦地感。,连绵、秩序、富贵,绵延、连贯、富丽,,,,,绵延、连贯、富丽、回环线、锦地、红金、连绵、秩序、富贵,米色、米白、金色、银灰、柿橙、赭红、朱砂、赤红,,https://wenyang.net/#/p/looping-brocade-pattern,第11批_201-220_几何锦纹,patterns/201-220_几何锦纹/220_回环锦纹_卡片图.jpg
221,如意边纹,Ruyi Border Pattern,rú yì biān wén,几何锦纹,传统器物与建筑装饰中长期使用，明清时期尤为常见。,,如意头连续排列形成边饰，常用于器物边框，寓意称心顺遂与圆满吉祥。,吉祥、圆满、护佑,称心如意、顺遂、圆满、吉祥、守护,,,品牌边框、包装腰封、网页分隔线、文创卡片、服饰滚边、空间导视,如意头轮廓圆润，顶部饱满、两侧内卷、单元连续排列，节奏清晰而稳定、常与花叶、卷草或云纹穿插组合、适合横向边框、圆形口沿与角部转折、整体气质温润、典雅、吉祥,边饰连续纹、如意纹、吉祥纹样、连续纹样、器物边框、新中式、称心如意、顺遂、圆满、吉祥、守护、边饰纹、如意头、卷云线、花叶、连续边框、护佑,青绿、米白、浅金、朱砂、金色、墨绿、靛蓝、白色、淡粉,如意云纹、云头边纹、卷草纹、缠枝边纹、回纹边饰,https://wenyang.net/#/p/ruyi-border-pattern,第12批_221-240_几何锦纹,patterns/221-240_几何锦纹/221_如意边纹_卡片图.jpg
222,云头边纹,Cloud-Head Border Pattern,yún tóu biān wén,几何锦纹,历代装饰艺术中广泛使用，宫廷与民间器物均可见。,,云头单元沿边连续成带，线条柔和流动，寓意祥瑞连绵与守护。,祥瑞、连绵、升腾、护佑、圆满,祥瑞、连绵、升腾、守护、和顺,,,包装边饰、导视系统、网页分隔、节庆视觉、织物滚边、文创纹样,云头饱满圆润，轮廓多呈卷曲回旋、线条连续流动，方向感柔和、单元可密排或疏排，适应不同边框宽度、常与莲花、如意、卷草或水纹组合、整体轻盈、祥和、富有节奏,边饰连续纹、云纹、祥云、连续纹样、吉祥纹样、建筑装饰、祥瑞、连绵、升腾、守护、和顺、边饰纹、云头、卷云、云尾、连续边框、护佑、圆满,淡青、米白、浅金、靛蓝、白色、青绿、赭石、朱砂、金色、墨绿,祥云纹、如意边纹,https://wenyang.net/#/p/cloud-head-border-pattern,第12批_221-240_几何锦纹,patterns/221-240_几何锦纹/222_云头边纹_卡片图.jpg
223,海水边纹,Wave Border Pattern,hǎi shuǐ biān wén,几何锦纹,传统服饰与器物装饰中长期流行，明清宫廷织绣尤常见。,,以水波浪花组成边饰，常见于服饰下摆，寓意润泽流转与福泽绵延。,自然、秩序、福气、连绵、生机,润泽、流转、福泽、绵延、生命力,,,服饰滚边、运动品牌纹样、海洋主题包装、网页动态边框、文创海报、空间装饰,浪花轮廓翻卷，波峰高低错落、层叠弧线形成连续水势与深浅层次、可表现平缓水波或强烈潮浪、常以蓝白、青金或靛蓝金线呈现、整体动势明显，适合长边与下摆,边饰连续纹、水纹、海浪纹、连续纹样、服饰纹样、海洋意象、润泽、流转、福泽、绵延、生命力、边饰纹、水波、浪花、涡线、平水线、连续边带、自然、秩序、福气、连绵、生机,靛蓝、白色、浅金、青绿、米白、深蓝、青灰、朱砂、金色,海水江崖纹,https://wenyang.net/#/p/wave-border-pattern,第12批_221-240_几何锦纹,patterns/221-240_几何锦纹/223_海水边纹_卡片图.jpg
224,莲瓣边纹,Lotus Petal Border Pattern,lián bàn biān wén,几何锦纹,佛教艺术传入后广泛应用，历代造像、建筑与器物中均常见。,,莲瓣连续排列形成边饰，常用于佛教器物与瓷器，寓意清净庄严与护佑。,清雅、威仪、护佑、圆满,清净、庄严、高洁、护佑、圆满,,,文化场馆视觉、香文化包装、佛教文创、器物底边、品牌徽章、空间边饰,莲瓣呈尖圆或水滴形，轮廓清晰、单元排列整齐，具有向上或向下的方向性、复瓣结构层次丰富，庄重而稳定、常与宝相花、卷草、云纹组合、适合器物足部、口沿和宗教装饰,边饰连续纹、莲花纹、莲瓣纹、佛教纹样、连续纹样、清净庄严、清净、庄严、高洁、护佑、圆满、边饰纹、莲瓣、莲花、花心、卷草、连续边带、清雅、威仪,淡粉、青绿、米白、浅金、朱砂、金色、墨绿、靛蓝、白色、青灰、古金,宝相花纹、缠枝莲纹、如意边纹,https://wenyang.net/#/p/lotus-petal-border-pattern,第12批_221-240_几何锦纹,patterns/221-240_几何锦纹/224_莲瓣边纹_卡片图.jpg
225,蕉叶边纹,Plantain Leaf Border Pattern,jiāo yè biān wén,几何锦纹,传统器物装饰中长期使用，瓷器肩部与颈部装饰尤为常见。,,蕉叶形单元连续展开成边饰，多见器物肩部边缘，寓意舒展生机与雅致。,生机、连绵、清雅、自然,生机、舒展、成长、雅致、自然,,,包装竖向边饰、器物纹样、墙面腰线、布艺滚边、品牌图形、网页侧栏,叶片修长尖锐，纵向感明显、中央叶脉清晰，内部可填细密纹理、连续排列形成放射、竖向或环带节奏、常与蕉叶、如意头、卷草或花瓣组合、整体舒展挺拔，装饰性强,边饰连续纹、蕉叶纹、植物纹、叶纹、连续纹样、器物装饰、生机、舒展、成长、雅致、自然、边饰纹、蕉叶、叶脉、卷叶、花瓣、连续边带、连绵、清雅,青绿、米白、浅金、墨绿、赭石、古金、靛蓝、白色、淡青,莲瓣边纹、花草边纹、卷草纹,https://wenyang.net/#/p/plantain-leaf-border-pattern,第12批_221-240_几何锦纹,patterns/221-240_几何锦纹/225_蕉叶边纹_卡片图.jpg
226,缠枝边纹,Scroll Border Pattern,chán zhī biān wén,几何锦纹,唐宋以后广泛流行，明清器物与织绣中尤为常见。,,卷草藤蔓连续形成边框，装饰感强，寓意生机延展与吉祥连绵。,生机、连绵、吉祥,生机、延展、连绵、繁盛、吉祥,,,品牌边框、包装花带、服饰滚边、网页背景、文创印花、空间装饰,藤蔓曲线连续回旋，具有明显延展感、花叶随枝蔓交替分布，疏密有序、可简化为单枝边框，也可发展为繁密花带、常呈左右相接或首尾循环结构、整体柔美、繁盛、装饰性强,边饰连续纹、缠枝纹、卷草纹、植物纹、连续纹样、吉祥纹样、生机、延展、连绵、繁盛、吉祥、边饰纹、藤蔓、卷草、花朵、花苞、叶片,青绿、米白、浅金、朱砂、金色、墨绿、靛蓝、白色、淡粉,缠枝莲纹、卷草纹、花草边纹、忍冬纹,https://wenyang.net/#/p/scroll-border-pattern,第12批_221-240_几何锦纹,patterns/221-240_几何锦纹/226_缠枝边纹_卡片图.jpg
227,花草边纹,Floral Grass Border Pattern,huā cǎo biān wén,几何锦纹,历代民间与宫廷装饰中均有应用，题材与风格变化丰富。,,小型花草连续成带，适合作为细腻边饰，寓意繁盛柔美与和谐生长。,生机、圆满,繁盛、柔美、和谐、生机、美好,,,包装花边、布艺印花、网页装饰线、手账素材、品牌辅助纹样、空间软装,花朵尺度较小，适合细窄边框、枝叶连续延展，节奏轻盈、花、叶、苞交替出现，变化丰富、可单层排列，也可多层分带组合、整体柔美、清新、亲和,边饰连续纹、花草纹、花卉纹、植物纹、连续纹样、细腻边饰、繁盛、柔美、和谐、生机、美好、边饰纹、小花、草叶、花苞、枝蔓、连续花带、圆满,淡粉、青绿、米白、朱砂、金色、墨绿、靛蓝、白色、赭石,缠枝边纹、卷草纹,https://wenyang.net/#/p/floral-grass-border-pattern,第12批_221-240_几何锦纹,patterns/221-240_几何锦纹/227_花草边纹_卡片图.jpg
228,回纹边饰,Key Fret Border Pattern,huí wén biān shì,几何锦纹,中国早期几何纹传统中即已出现，后世长期沿用。,,回字折线连续形成边饰，是传统边框常用结构，寓意循环守护与秩序。,秩序、护佑、连绵、圆满,循环、守护、秩序、绵延、完整,,,品牌边框、图标系统、网页框线、包装分隔、导视系统、建筑软装,以直线和直角折转为主，结构规整、单元首尾连续，形成无尽回环、可疏可密，易于适配不同边框宽度、适合横边、竖边、角部与器物口沿、整体理性、稳定、庄重,边饰连续纹、回纹、几何纹、连续纹样、秩序美学、传统边框、循环、守护、秩序、绵延、完整、边饰纹、方折线、回字单元、连续边带、几何分隔线、护佑、连绵、圆满,墨绿、浅金、米白、青铜绿、古金、墨黑、靛蓝、白色、朱砂、金色,回纹、雷纹边饰、拐子龙纹,https://wenyang.net/#/p/key-fret-border-pattern,第12批_221-240_几何锦纹,patterns/221-240_几何锦纹/228_回纹边饰_卡片图.jpg
229,雷纹边饰,Thunder Border Pattern,léi wén biān shì,几何锦纹,商周青铜器装饰中尤为典型，后世仿古器物持续沿用。,,雷纹连续成带，富有古器装饰气息，寓意威仪古朴与力量秩序。,威仪、秩序、清雅、护佑,威仪、力量、秩序、古朴、守护,,,博物馆视觉、文化品牌标识、包装边框、展陈导视、数字纹理、器物设计,回旋单元紧密，线条多呈方折或螺旋、重复密度高，形成强烈秩序感、常作为青铜器主体纹样的衬地或边带、适合青铜绿、古金与深色配色、整体古朴、威严、厚重,边饰连续纹、雷纹、几何纹、青铜器纹样、古器装饰、秩序美学、威仪、力量、秩序、古朴、守护、边饰纹、方雷纹、圆雷纹、回旋线、连续边带、清雅、护佑,青铜绿、古金、米白、墨黑、赭石、浅金、深蓝、金色、白色、朱砂,雷纹、回纹边饰、饕餮纹、兽面纹、夔龙纹,https://wenyang.net/#/p/thunder-border-pattern,第12批_221-240_几何锦纹,patterns/221-240_几何锦纹/229_雷纹边饰_卡片图.jpg
230,连珠边饰,Beaded Border Pattern,lián zhū biān shì,几何锦纹,传统宗教、宫廷与器物装饰中长期使用，形式跨时代变化丰富。,,圆珠连续排列构成边饰，轻巧而华丽，寓意圆满连贯与富丽吉祥。,圆满、秩序、富贵、吉祥,圆满、连贯、富丽、吉祥、和合,,,珠宝品牌视觉、包装边框、高端邀请函、网页装饰线、服饰滚边、文创图案,圆珠大小统一或按节奏变化、连续排列清晰，边界感强、可单列呈现，也可与花结、卷草组合、适合金色、白色、青绿等珠光配色、整体轻巧、精致、华丽,边饰连续纹、连珠纹、圆点纹、连续纹样、华丽装饰、圆满寓意、圆满、连贯、富丽、吉祥、和合、边饰纹、圆珠、珠链、花结、卷草、连续边带、秩序、富贵,浅金、米白、青绿、白色、金色、靛蓝、朱砂、墨绿、淡粉、古金,连珠纹、乳钉纹、莲瓣边纹,https://wenyang.net/#/p/beaded-border-pattern,第12批_221-240_几何锦纹,patterns/221-240_几何锦纹/230_连珠边饰_卡片图.jpg
231,璎珞纹,Yingluo Tassel Pattern,yīng luò wén,几何锦纹,隋唐以后随佛教艺术广泛传播，宋元明清宫廷与宗教装饰中持续流行。,,仿珠串与流苏垂饰构成华美纹样，常用于佛教和宫廷装饰，寓意庄严、福泽与富贵。,富贵、威仪、福气、圆满、护佑,华贵、庄严、福泽、圆满、护佑,,通常由弧形珠链、中心宝饰、垂珠、流苏、莲花或如意形挂件组成。多个垂饰单元可并列、错落或上下串联，形成帷幔式、项链式和环带式构图。,珠宝与首饰视觉、高端包装、文化展陈、舞台帷幔图案、新中式服饰、节庆装置,珠串层层垂落，节奏密集而有秩序、中心宝饰突出，形成明确视觉焦点、流苏与垂珠强化纵向延伸感、常与莲花、宝相花、如意云纹组合、整体华丽、庄严、精致,边饰连续纹、璎珞纹、连续纹样、吉祥纹样、新中式、传统装饰、华贵、庄严、福泽、圆满、护佑、装饰纹样、富贵、威仪、福气,浅金、青绿、米白、朱砂、金色、墨绿、深青、淡粉、靛蓝、暖白,垂珠纹、流苏纹、莲瓣纹、宝相花纹、绶带纹,https://wenyang.net/#/p/yingluo-tassel-pattern,第12批_221-240_几何锦纹,patterns/221-240_几何锦纹/231_璎珞纹_卡片图.jpg
232,垂珠纹,Hanging Bead Pattern,chuí zhū wén,几何锦纹,唐宋以后在宗教、宫廷和织绣装饰中常见，明清时期表现尤为丰富。,,珠串由边缘向下垂落形成装饰，常用于帐幔与器物边饰，寓意富丽、圆满与福泽垂临。,富贵、圆满、福气、秩序、吉祥,富丽、圆满、垂福、连贯、吉祥,,通常由上方横向边栏、连续珠链、圆珠、玉坠和细小流苏组成。垂饰可等距排列，也可长短相间，以中心长坠和两侧短坠构成对称结构。,帐幔与窗帘图案、包装边饰、首饰品牌视觉、舞台装置、网页垂饰元素、新中式软装,珠串由上向下自然垂落、长短交替形成柔和节奏、圆珠与玉坠大小层级清晰、常与花边、莲花或云纹连接、整体轻盈、华丽、秩序分明,边饰连续纹、垂珠纹、连续纹样、吉祥纹样、新中式、传统装饰、富丽、圆满、垂福、连贯、吉祥、装饰纹样、富贵、福气、秩序,深青、浅金、米白、白色、金色、淡青、朱砂、墨绿、淡粉、青绿、暖白,璎珞纹、流苏纹、连珠边饰、花边纹、莲瓣边纹,https://wenyang.net/#/p/hanging-bead-pattern,第12批_221-240_几何锦纹,patterns/221-240_几何锦纹/232_垂珠纹_卡片图.jpg
233,流苏纹,Tassel Pattern,liú sū wén,几何锦纹,传统服饰、佩饰和节庆器物中长期使用，明清民间与宫廷装饰尤为常见。,,以流苏垂线和绳结挂饰构成纹样，富有节庆与装饰气息，寓意喜庆、华美与美好祝福。,吉祥、富贵、连绵,喜庆、祝福、华美、吉祥、连结,,一般由上部绳结或花结、中部珠饰和下部丝线流苏构成。多个单元可长短错落、左右对称或密集铺陈，形成垂挂式与连续边饰式构图。,节庆包装、婚礼视觉、新中式服饰、香囊与挂件、灯具装饰、品牌吉祥物配饰,丝线成束下垂，方向感明确、绳结与花结形成顶部焦点、长短错落增强节奏和动感、朱砂与金色常用于强化节庆感、整体轻盈、华美、民俗气息浓,边饰连续纹、流苏纹、连续纹样、吉祥纹样、新中式、传统装饰、喜庆、祝福、华美、吉祥、连结、装饰纹样、富贵、连绵,朱砂、金色、米白、墨绿、暗红、淡粉、青绿、浅金、靛蓝、朱红,璎珞纹、垂珠纹、绶带纹、绫带纹,https://wenyang.net/#/p/tassel-pattern,第12批_221-240_几何锦纹,patterns/221-240_几何锦纹/233_流苏纹_卡片图.jpg
234,绶带纹,Ribbon Pattern,shòu dài wén,几何锦纹,唐宋以后广泛用于吉祥器物与织绣装饰，明清时期组合图案最为丰富。,,绶带飘动成纹，常与宝瓶、如意等吉祥器物组合，寓意吉庆、升迁、连通与顺遂。,吉祥、升腾、连绵、生机,吉庆、升迁、连通、顺遂、荣耀,,通常由一条或多条彩色绶带、卷曲带尾、打结部位与吉祥器物组成。丝带可呈S形、环形或八字形穿插，并与云气相接形成动态构图。,礼盒包装、品牌飘带元素、奖章与证书装饰、新中式服饰、节庆海报、动态视觉,绶带曲线舒展，方向变化丰富、带面翻转形成明暗与色彩层次、常围绕器物或花卉穿插、可连接多个独立吉祥元素、整体轻盈、华丽、富有动势,边饰连续纹、绶带纹、连续纹样、吉祥纹样、新中式、传统装饰、吉庆、升迁、连通、顺遂、荣耀、装饰纹样、吉祥、升腾、连绵、生机,青绿、朱砂、浅金、靛蓝、金色、米白、淡粉、朱红、墨绿、暖白,绫带纹、流苏纹、如意纹、宝瓶纹、祥云纹,https://wenyang.net/#/p/ribbon-pattern,第12批_221-240_几何锦纹,patterns/221-240_几何锦纹/234_绶带纹_卡片图.jpg
235,绫带纹,Silk Ribbon Pattern,líng dài wén,几何锦纹,历代织绣与器物装饰中均有使用，明清宫廷纹样中尤见精致化表现。,,以丝带曲线回旋穿插形成纹样，线条轻盈柔美，寓意流动、连绵与华贵雅致。,圆满、连绵、富贵,柔美、流动、连绵、华贵、和谐,,通常由数条宽窄不同的丝带组成，带面可饰以小花、卷草或几何暗纹。丝带在画面中形成S形、环形和回旋形，并通过前后遮挡表现空间层次。,服饰飘带图案、包装丝带系统、品牌动态线条、网页背景、舞台视觉、文创装饰,曲线柔和流畅，连续性强、带面翻转产生立体层次、纹样疏密有致，留白充足、常饰以细小花卉和金线、整体轻盈、柔美、华贵,边饰连续纹、绫带纹、连续纹样、吉祥纹样、新中式、传统装饰、柔美、流动、连绵、华贵、和谐、装饰纹样、圆满、富贵,淡青、米白、浅金、青绿、暖白、淡粉、青灰、靛蓝、金色、白色,绶带纹、流苏纹、祥云纹、卷草纹、花草边纹,https://wenyang.net/#/p/silk-ribbon-pattern,第12批_221-240_几何锦纹,patterns/221-240_几何锦纹/235_绫带纹_卡片图.jpg
236,花边纹,Lace Border Pattern,huā biān wén,几何锦纹,传统织绣、服饰和器物边饰中长期使用，明清时期花边形式尤为繁复。,,以细密花形和卷草构成边缘装饰，适合卡片与器物边框，寓意精致、华美与秩序之美。,清雅、富贵、生机、秩序、圆满,精致、华美、繁盛、秩序、和谐,,通常由连续小花、枝叶、卷草和外缘波浪线组成。花形单元可等距排列，也可围绕较大的中心花展开，形成窄边、宽边和多层花边结构。,卡片边框、包装花边、书籍装帧、服饰滚边、网页分隔线、家居布艺,细密小花构成连续节奏、外缘常呈波浪或花瓣轮廓、线条轻巧，层次丰富、适合窄幅边饰与角部转折、整体精致、柔美、秩序清晰,边饰连续纹、花边纹、连续纹样、吉祥纹样、新中式、传统装饰、精致、华美、繁盛、秩序、和谐、装饰纹样、清雅、富贵、生机、圆满,米白、青绿、浅金、淡粉、朱砂、金色、墨绿、靛蓝、白色,花草边纹、角花纹、边栏锦纹、缠枝边纹、莲瓣边纹,https://wenyang.net/#/p/lace-border-pattern,第12批_221-240_几何锦纹,patterns/221-240_几何锦纹/236_花边纹_卡片图.jpg
237,角花纹,Corner Floral Pattern,jiǎo huā wén,几何锦纹,传统建筑、家具、织绣和书籍装帧中广泛使用，明清装饰艺术中尤为成熟。,,用于边角装饰的花形图案，以花卉和卷草向两侧展开，寓意圆满、守护与装饰之美。,圆满、护佑、坚贞、生机,圆满、守护、稳定、繁盛、和美,,通常由中心花朵、两侧枝叶、卷草和几何角线构成。纹样沿直角、圆角或折角展开，可采用对称、镜像或单向生长式布局。,海报边角装饰、包装角花、网页卡片角饰、家具纹样、书籍装帧、空间导视,主花位于角部形成视觉锚点、枝叶沿两条边线展开、几何角线与自然花叶相结合、轮廓适应直角或圆角结构、整体完整、对称、装饰性强,边饰连续纹、角花纹、连续纹样、吉祥纹样、新中式、传统装饰、圆满、守护、稳定、繁盛、和美、装饰纹样、护佑、坚贞、生机,青绿、浅金、米白、朱砂、金色、墨绿、淡粉、暖白、靛蓝、白色,护角纹、花边纹、边栏锦纹、缠枝边纹、回纹边饰,https://wenyang.net/#/p/corner-floral-pattern,第12批_221-240_几何锦纹,patterns/221-240_几何锦纹/237_角花纹_卡片图.jpg
238,护角纹,Corner Guard Pattern,hù jiǎo wén,几何锦纹,古代家具、箱匣、建筑与书籍装帧中长期使用，明清器物护角装饰尤为常见。,,以几何折线和花草构成角部护饰，兼具结构与装饰功能，寓意守护、稳定与秩序。,护佑、坚贞、秩序、圆满,守护、稳定、秩序、坚固、完整,,通常由L形或阶梯形边线、回纹、卷草和中心花朵组成。纹样沿角部向两侧延伸，可形成单角、四角呼应或连续框架结构。,家具角饰、包装护角、书籍封面、网页卡片框架、空间标识、文创器物,几何折线清晰，结构感突出、花草填充在角线内外、适合直角与阶梯形边界、对称性和秩序感强、整体稳重、古雅、具有守护意味,边饰连续纹、护角纹、连续纹样、吉祥纹样、新中式、传统装饰、守护、稳定、秩序、坚固、完整、装饰纹样、护佑、坚贞、圆满,青绿、古金、米白、墨黑、金色、朱砂、青铜绿、浅金、暖白、靛蓝、白色,角花纹、回纹边饰、雷纹边饰、边栏锦纹、套方纹,https://wenyang.net/#/p/corner-guard-pattern,第12批_221-240_几何锦纹,patterns/221-240_几何锦纹/238_护角纹_卡片图.jpg
239,边栏锦纹,Brocade Border Pattern,biān lán jǐn wén,几何锦纹,宋元以后在织锦、书画装裱和宫廷器物中广泛使用，明清时期边栏层次更趋丰富。,,以锦地花纹构成宽幅边栏，适合版式与器物分区，寓意华丽、秩序与层次分隔。,富贵、秩序、生机、圆满,华丽、秩序、分隔、繁盛、完整,,通常由一条宽幅主锦纹和若干窄边组成。主栏内铺陈牡丹、莲花或卷草，外侧配回纹、连珠、几何线和细花边，形成多层平行结构。,版式边栏、包装侧边装饰、书籍装帧、网页栏目分区、屏风与墙面、文化展陈,宽窄边栏层层排列、主栏花卉繁密而富丽、窄边承担分隔和收束作用、纵向或横向延伸性强、整体华丽、规整、层次清晰,边饰连续纹、边栏锦纹、连续纹样、吉祥纹样、新中式、传统装饰、华丽、秩序、分隔、繁盛、完整、装饰纹样、富贵、生机、圆满,青绿、浅金、米白、朱砂、金色、墨绿、靛蓝、白色、淡粉、暖白,花边纹、角花纹、护角纹、花卉锦地纹、锦格纹,https://wenyang.net/#/p/brocade-border-pattern,第12批_221-240_几何锦纹,patterns/221-240_几何锦纹/239_边栏锦纹_卡片图.jpg
240,框景纹,Framed Scene Pattern,kuàng jǐng wén,几何锦纹,宋元以后随着开光装饰发展而流行，明清瓷器、家具和宫廷装饰中尤为常见。,,以装饰边框包裹山水花鸟等局部景物，形成图中有景的结构，寓意收藏雅趣与完整之美。,清雅、圆满,收藏、雅趣、完整、和谐、美景,,通常由圆形、方形、海棠形或如意形开光边框，以及内部山水、花鸟、楼阁等景物组成。多个框景单元可错落排列，并以卷草、花卉和锦地连接。,文化展陈、博物馆视觉、包装开窗设计、网页内容卡片、室内屏风、书籍封面,边框轮廓多样，识别度高、框内景物独立而完整、多个单元错落形成丰富层次、装饰纹与绘画题材相结合、整体典雅、精致、具有收藏感,边饰连续纹、框景纹、连续纹样、吉祥纹样、新中式、传统装饰、收藏、雅趣、完整、和谐、美景、装饰纹样、清雅、圆满,青绿、米白、浅金、墨绿、淡青、古金、朱砂、金色、墨黑、青灰,边栏锦纹、角花纹、山水纹,https://wenyang.net/#/p/framed-scene-pattern,第12批_221-240_几何锦纹,patterns/221-240_几何锦纹/240_框景纹_卡片图.jpg
241,云海纹,Sea of Clouds Pattern,yún hǎi wén,云水山石纹,历代云纹装饰中均有表现，明清服饰、织绣与宫廷器物中尤为常见。,,以层层云海构成纹面，气势开阔，寓意祥瑞、升腾与辽阔。,祥瑞、升腾、福气,祥瑞、升腾、辽阔、高远、福泽,,通常由多层云头、长云带、波状云线和间隔留白组成。云层可上下叠置，也可向远处递进，形成近、中、远多层空间结构。,新中式包装、品牌背景纹理、服饰印花、展陈空间、网页背景、动态视觉,云层层叠，空间感强、线条舒展，具有横向延伸感、云头圆润，节奏连续、常配青绿、米白与浅金、整体开阔、祥和、富有升腾气势,云水山石天象扩展纹、云海纹、自然纹样、连续纹样、吉祥纹样、新中式、祥瑞、升腾、辽阔、高远、福泽、福气,青绿、米白、浅金、靛蓝、白色、青灰、暖白、古金、淡青,飞云纹、朵云纹、团云纹、云水纹、祥云纹,https://wenyang.net/#/p/sea-of-clouds-pattern,第13批_241-260_云水山石纹,patterns/241-260_云水山石纹/241_云海纹_卡片图.jpg
242,飞云纹,Flying Cloud Pattern,fēi yún wén,云水山石纹,汉唐以来云气纹持续演变，唐宋及明清装饰艺术中常见流动飞云形态。,,飞动云带形成纹样，具有轻盈速度感，寓意飘逸、祥瑞与自由。,祥瑞、升腾,飘逸、祥瑞、自由、升腾、轻盈,,通常由细长云带、卷曲云头和尾部流线组成。多个云形单元可沿统一方向排列，也可上下错落、相互穿插，形成连续飞动结构。,动态品牌线条、包装背景、服饰飘带纹样、网页动效、展览导视、新中式插画,云带细长舒展，速度感明显、方向性强，常呈斜向或横向飞动、云头与尾线衔接流畅、留白较多，画面轻盈、整体飘逸、灵动、富有节奏,云水山石天象扩展纹、飞云纹、自然纹样、连续纹样、吉祥纹样、新中式、飘逸、祥瑞、自由、升腾、轻盈,淡青、米白、浅金、青绿、暖白、青灰、白色、古金、靛蓝、金色,云海纹、朵云纹、祥云纹、云水纹,https://wenyang.net/#/p/flying-cloud-pattern,第13批_241-260_云水山石纹,patterns/241-260_云水山石纹/242_飞云纹_卡片图.jpg
243,朵云纹,Cluster Cloud Pattern,duǒ yún wén,云水山石纹,宋元以后在瓷器、织绣和建筑装饰中广泛出现，明清时期形式尤为丰富。,,朵状云团重复成纹，圆润柔和，寓意祥和、吉庆与柔美。,吉祥、圆满、护佑,祥和、吉庆、柔美、圆润、安宁,,通常由圆形或花瓣状云头、中心卷线和短云尾组成。云朵可大小错落、疏密相间，也可按规律重复排列。,儿童文创、包装底纹、服饰印花、网页装饰、家居布艺、新中式图形系统,云团轮廓圆润，亲和柔和、单元清晰，适合重复铺陈、大小错落形成节奏、线条细腻，装饰感强、整体祥和、轻松、富有亲切感,云水山石天象扩展纹、朵云纹、自然纹样、连续纹样、吉祥纹样、新中式、祥和、吉庆、柔美、圆润、安宁、吉祥、圆满、护佑,淡青、米白、浅金、青绿、白色、淡粉、青灰、靛蓝、金色、暖白,飞云纹、团云纹、云海纹、祥云纹、云头边纹,https://wenyang.net/#/p/cluster-cloud-pattern,第13批_241-260_云水山石纹,patterns/241-260_云水山石纹/243_朵云纹_卡片图.jpg
244,团云纹,Cloud Medallion Pattern,tuán yún wén,云水山石纹,唐宋以后圆形团纹广泛发展，明清宫廷服饰和织锦中尤为常见。,,云形组成圆形团纹，适合圆形装饰，寓意圆满、祥瑞与和合。,圆满、祥瑞、护佑,圆满、祥瑞、和合、团聚、安定,,通常由中心花心或云心、环绕云头、外缘卷云和对称装饰组成。单个团纹可独立使用，也可大小相间、等距排列。,品牌徽章、包装章纹、服饰团花、地毯图案、网页图标、文创纪念品,圆形轮廓完整，中心感强、云头环绕排列，对称稳定、适合徽章式或团花式构图、可与莲花、宝相花融合、整体圆满、庄重、富有秩序,云水山石天象扩展纹、团云纹、自然纹样、连续纹样、吉祥纹样、新中式、圆满、祥瑞、和合、团聚、安定、护佑,青绿、米白、浅金、朱砂、金色、墨绿、靛蓝、白色、淡粉、暖白,朵云纹、团花纹、云头锦纹、祥云纹、宝相花纹,https://wenyang.net/#/p/cloud-medallion-pattern,第13批_241-260_云水山石纹,patterns/241-260_云水山石纹/244_团云纹_卡片图.jpg
245,云水纹,Cloud and Water Pattern,yún shuǐ wén,云水山石纹,历代云水组合纹样均有使用，明清服饰、瓷器与宫廷装饰中尤为成熟。,,云气与水波相接成纹，层次流动，寓意流转、祥瑞与润泽。,秩序、祥瑞、自然、生机,流转、祥瑞、润泽、循环、生机,,通常由卷云、波线、浪花和连接曲线组成。云与水可上下分层，也可相互穿插，形成连续循环的节奏。,服饰下摆、包装背景、网页流动纹理、空间墙面、文创印花、品牌动态图形,云气与水波自然衔接、曲线层层交叠，流动感强、上下空间关系清晰、常以青蓝、米白和金线表现、整体润泽、祥和、富有循环感,云水山石天象扩展纹、云水纹、自然纹样、连续纹样、吉祥纹样、新中式、流转、祥瑞、润泽、循环、生机、秩序、自然,青蓝、米白、浅金、靛蓝、白色、青灰、暖白、古金、青绿、淡青,云海纹、海水边纹、江水纹、潮水纹、祥云纹,https://wenyang.net/#/p/cloud-and-water-pattern,第13批_241-260_云水山石纹,patterns/241-260_云水山石纹/245_云水纹_卡片图.jpg
246,江水纹,River Wave Pattern,jiāng shuǐ wén,云水山石纹,宋元山水画与器物装饰中逐渐成熟，明清文人器物和织绣中亦常见。,,以江水长线缓缓流动成纹，气质清雅，寓意绵延、生机与流转。,连绵、生机、秩序、护佑、长寿,绵延、生机、流转、安宁、恒久,,通常由多条平行或弯曲水线、河湾、细浪、岸石和水草组成。水线沿横向或斜向连续延伸，形成开阔而平稳的空间。,书籍装帧、茶品牌包装、网页长背景、空间壁画、山水文创、服饰纹样,水线细长舒缓，节奏平稳、弯曲河道形成空间层次、常配芦草、山石等自然元素、留白充足，文人气息明显、整体清雅、宁静、绵延,云水山石天象扩展纹、江水纹、自然纹样、连续纹样、吉祥纹样、新中式、绵延、生机、流转、安宁、恒久、连绵、秩序、护佑、长寿,淡青、米白、浅金、青灰、暖白、古金、青绿、赭石、靛蓝、白色,云水纹、潮水纹、涟漪纹、水波纹,https://wenyang.net/#/p/river-wave-pattern,第13批_241-260_云水山石纹,patterns/241-260_云水山石纹/246_江水纹_卡片图.jpg
247,潮水纹,Tidal Wave Pattern,cháo shuǐ wén,云水山石纹,海水江崖纹体系中长期使用，明清宫廷服饰与器物装饰中尤具代表性。,,潮汐层浪翻涌成纹，动势强烈，寓意兴盛、力量与流动。,生机、威仪、连绵、升腾,兴盛、力量、流动、进取、生机,,通常由高卷浪头、深浅波层、泡沫和水珠组成。多个浪峰前后叠压，形成连续推进的潮汐结构。,运动品牌视觉、包装主图、服饰印花、影视海报、空间壁画、动态背景,浪头高耸，动势强烈、波线密集，层次丰富、深浅水色对比明显、泡沫与金点增强细节、整体壮阔、有力、充满生命感,云水山石天象扩展纹、潮水纹、自然纹样、连续纹样、吉祥纹样、新中式、兴盛、力量、流动、进取、生机、威仪、连绵、升腾,深蓝、米白、浅金、青绿、白色、靛蓝、青灰、暖白、朱砂、金色,海水边纹、旋波纹、云水纹、江水纹,https://wenyang.net/#/p/tidal-wave-pattern,第13批_241-260_云水山石纹,patterns/241-260_云水山石纹/247_潮水纹_卡片图.jpg
248,涟漪纹,Ripple Pattern,lián yī wén,云水山石纹,历代水纹体系中均可见类似表现，宋元以后在瓷器和绘画装饰中更为丰富。,,圆形水纹向外扩散，细腻柔和，寓意扩展、和谐与清净。,圆满、清雅、升腾,扩展、和谐、清净、传播、圆满,,通常由多个同心圆、中心水点、细小水珠和柔和水线组成。多个涟漪可相互交叠，也可大小错落分布。,品牌波纹系统、网页交互动效、包装底纹、冥想与香文化产品、空间水景、文创图案,同心圆结构清晰，中心感强、线条细腻柔和，节奏平稳、多个圆形交叠形成空间层次、适合低对比配色、整体宁静、清洁、富有扩散感,云水山石天象扩展纹、涟漪纹、自然纹样、连续纹样、吉祥纹样、新中式、扩展、和谐、清净、传播、圆满、清雅、升腾,淡青、米白、浅金、青灰、暖白、青绿、白色、靛蓝、银灰,江水纹、旋波纹、水波纹、云水纹,https://wenyang.net/#/p/ripple-pattern,第13批_241-260_云水山石纹,patterns/241-260_云水山石纹/248_涟漪纹_卡片图.jpg
249,旋波纹,Swirling Wave Pattern,xuán bō wén,云水山石纹,传统水纹和涡纹体系中长期存在，明清器物与装饰艺术中表现尤为多样。,,旋转水波构成纹样，节奏鲜明，寓意变化、生命力与流动。,秩序、生机、连绵,变化、生命力、流动、循环、活力,,通常由螺旋水线、卷浪、泡沫和水珠组成。多个旋涡可同向排列，也可方向交替，形成循环推进的结构。,运动视觉、动态Logo背景、包装主纹样、服饰印花、数字动效、空间艺术,螺旋中心明确，动感强、曲线连续回卷，节奏鲜明、多个旋涡相互衔接、深浅水色强化层次、整体灵动、变化丰富、充满生命力,云水山石天象扩展纹、旋波纹、自然纹样、连续纹样、吉祥纹样、新中式、变化、生命力、流动、循环、活力、秩序、生机、连绵,深青、米白、浅金、青蓝、白色、靛蓝、青灰、暖白、青绿、淡青、古金,潮水纹、涟漪纹、云水纹、海水边纹,https://wenyang.net/#/p/swirling-wave-pattern,第13批_241-260_云水山石纹,patterns/241-260_云水山石纹/249_旋波纹_卡片图.jpg
250,山崖纹,Cliff Pattern,shān yá wén,云水山石纹,海水江崖纹在明清宫廷服饰中最具代表性，山崖题材亦广泛用于山水装饰。,,以山崖峭壁与海水相映成纹，沉稳开阔，寓意稳固、崇高与江山。,坚贞、长寿、护佑,稳固、崇高、江山、长久、守护,,通常由主峰、次峰、山石皴线、松树、云气和海浪组成。山体多纵向耸立，水浪在下方环绕，形成上稳下动的结构。,高端包装、文化展陈、山水品牌视觉、服饰底纹、空间壁画、文创纪念品,山体高耸，纵向力量感突出、山石层叠，空间层次丰富、海浪与云气强化动静对比、常配松树表现生命与长青、整体沉稳、崇高、气势开阔,云水山石天象扩展纹、山崖纹、自然纹样、连续纹样、吉祥纹样、新中式、稳固、崇高、江山、长久、守护、坚贞、长寿、护佑,青绿、米白、浅金、青灰、暖白、古金、靛蓝、白色、青铜绿、赭石,海水江崖纹、潮水纹,https://wenyang.net/#/p/cliff-pattern,第13批_241-260_云水山石纹,patterns/241-260_云水山石纹/250_山崖纹_卡片图.jpg
251,叠山纹,Layered Mountain Pattern,dié shān wén,云水山石纹,山水题材自宋元以后趋于成熟，明清器物、织绣与建筑装饰中常见层山式构图。,,以层叠山峰连绵成纹，远近起伏有序，常用于背景与器物装饰，寓意稳重自然与山川层次。,坚贞、秩序、自然、护佑、连绵,稳重、层次、自然、山河长固、绵延不息,,通常由主峰、远山、山脊、云带、松树和溪流等元素组成。山峰按前景、中景、远景连续铺陈，轮廓彼此错落叠压，并以云雾或留白连接，使纹面既有纵深感又保持连贯节奏。,适合用于新中式品牌背景、文化展陈、茶酒包装、空间壁画、屏风、织物印花和网页首屏。现代化处理时可保留层山轮廓与远近关系、减少细碎树石、以更少的层级建立稳定的空间感。,山峰层层叠压，远近关系明确、山脊轮廓重复起伏，形成连续节奏、青绿与浅金线条强化山体层次、云雾穿插其间，缓和山石的厚重感、适合做满地纹、背景纹和纵向主视觉,云水山石天象扩展纹、山石纹、山水纹、连续纹样、叠山纹、中国传统纹样、新中式纹样、稳重、层次、自然、山河长固、绵延不息、层山、山峰、山脊、云气、松树、坚贞、秩序、护佑、连绵,青绿、米白、浅金、石青、赭石、墨黑、白色、深青、金色,远山纹、云山纹、山崖纹、云海纹、江水纹,https://wenyang.net/#/p/layered-mountain-pattern,第13批_241-260_云水山石纹,patterns/241-260_云水山石纹/251_叠山纹_卡片图.jpg
252,远山纹,Distant Mountain Pattern,yuǎn shān wén,云水山石纹,宋元山水画传统对远山表现影响深远，明清器物、织绣和文房装饰中常见淡远山景。,,以远山淡影层层铺陈成纹，气质清远疏朗，常用于背景与器物装饰，寓意宁静文雅与悠远意境。,清雅,清远、文雅、宁静、悠远、淡泊,,以数层由近及远的山形为主体，前景山体略深，远景逐渐淡化，并辅以薄雾、云气、疏松和水岸。构图通常保留较大空白，让山影在留白中渐隐，形成开阔且安静的空间。,适合用于香文化、茶品牌、书店与文博视觉、包装底纹、界面背景和空间导视。设计时可将远山简化为两至四层柔和轮廓、并通过透明度、虚化和留白保持“远”的感觉。,远山轮廓淡化，层次由深至浅递进、薄雾与留白占比较大，画面疏朗、山形简洁克制，避免过度细密、色彩偏低饱和青灰与米白、适合做背景、衬景和轻装饰纹样,云水山石天象扩展纹、山石纹、山水纹、意境纹样、远山纹、中国传统纹样、新中式纹样、清远、文雅、宁静、悠远、淡泊、远山、薄雾、云气、疏松、留白、清雅,深青、米白、浅金、青灰、月白、深蓝、银灰、米色、墨黑、白色,叠山纹、云山纹、云海纹、江水纹,https://wenyang.net/#/p/distant-mountain-pattern,第13批_241-260_云水山石纹,patterns/241-260_云水山石纹/252_远山纹_卡片图.jpg
253,云山纹,Cloud Mountain Pattern,yún shān wén,云水山石纹,云山组合长期存在于中国山水与装饰艺术中，宋元以后山水图式成熟，明清器物与织绣中应用广泛。,,以云雾与山峰相映成纹，虚实层叠生韵，常用于山水背景与器物装饰，寓意清雅仙意与稳固之美。,清雅、祥瑞、坚贞、护佑,清雅、仙意、稳固、祥瑞、山河安定,,由高低山峰、层云、雾气、松树和水流等元素组成。山体通常纵向挺立，云带在山腰、谷地和峰顶之间穿插，局部以淡雾弱化边界，使不同层次自然衔接。,适合用于文博展陈、山水品牌视觉、礼盒包装、酒店与文化空间、网页背景和动态开屏。现代设计可强化“山为骨、云为气”的关系、用少量云带连接主要山峰、避免画面过满。,山峰挺拔，云气流动，动静对比鲜明、云雾遮掩山体，形成虚实转换、青蓝山石与米白金线云纹相互映衬、画面具有纵深和仙境般氛围、适合纵向构图、背景纹和器物主纹,云水山石天象扩展纹、云纹、山石纹、山水纹、云山纹、中国传统纹样、新中式纹样、清雅、仙意、稳固、祥瑞、山河安定、云雾、山峰、松树、溪流、云带、坚贞、护佑,青蓝、米白、浅金、石青、青绿、白色、深青、金色、银灰、米色,叠山纹、远山纹、云海纹、飞云纹、山崖纹,https://wenyang.net/#/p/cloud-mountain-pattern,第13批_241-260_云水山石纹,patterns/241-260_云水山石纹/253_云山纹_卡片图.jpg
254,日纹,Sun Pattern,rì wén,云水山石纹,太阳崇拜与日象装饰自先秦以来长期存在，历代服饰、器物、建筑和彩画中均可见太阳意象。,,以太阳圆盘与放射光芒成纹，构图明朗庄正，常用于天象与吉祥装饰，寓意光明生机与蓬勃阳气。,升腾、生机,光明、生机、阳气、希望、兴盛,,通常由中心日轮、内外光环、直线或火焰状光芒、祥云和星点组成。构图多为放射式或同心圆式，中心明确，外围纹饰围绕日轮均衡展开。,适合用于品牌徽记、节庆主视觉、文化空间藻井、包装中心纹、徽章和数字启动页。现代化时可保留圆盘与一圈主要光芒、减少外围装饰、以提升识别度。,中心太阳圆盘醒目，视觉焦点集中、放射线或火焰形光芒形成强烈方向感、同心圆结构庄正稳定、金色与暖色强化明亮和能量感、适合圆形徽章、藻井、中心纹和天象背景,云水山石天象扩展纹、天象纹、圆形纹样、吉祥纹样、日纹、中国传统纹样、新中式纹样、光明、生机、阳气、希望、兴盛、太阳圆盘、光芒、光环、祥云、星点、升腾,金色、米白、淡青、朱砂、浅金、暖白、深蓝,云日纹、日月纹、星点纹、北斗纹,https://wenyang.net/#/p/sun-pattern,第13批_241-260_云水山石纹,patterns/241-260_云水山石纹/254_日纹_卡片图.jpg
255,月纹,Moon Pattern,yuè wén,云水山石纹,月宫、桂树与玉兔等月象题材在汉唐以后持续发展，宋元明清器物、绘画和织绣中尤为常见。,,以明月轮廓与云气桂枝成纹，气质静雅柔和，常用于天象与器物装饰，寓意团圆清辉与温润月意。,圆满、清雅,团圆、清雅、阴柔、思念、温润,,由月轮、月牙、云气、桂枝、星点以及可选的玉兔、宫灯或垂饰构成。构图可采用单一月轮居中，也可用多个不同月相形成连续纹面。,适合用于中秋礼盒、香氛与首饰品牌、夜间界面、灯具纹样、空间软装和节令活动视觉。可围绕“一个月轮 + 少量云枝”建立简洁版本、也可扩展为月相序列。,圆月或月牙轮廓清晰，形态柔和、云气与桂枝环绕，增加诗意层次、浅蓝、月白与金线形成清辉感、星点与细小垂饰丰富夜空细节、适合圆形构图、边饰和夜景背景,云水山石天象扩展纹、天象纹、月宫纹样、吉祥纹样、月纹、中国传统纹样、新中式纹样、团圆、清雅、阴柔、思念、温润、月轮、月牙、云气、桂枝、星点、圆满,月白、淡蓝、浅金、深青、白色、青绿、米白、金色、青灰、古金,云月纹、日月纹、星点纹、北斗纹,https://wenyang.net/#/p/moon-pattern,第13批_241-260_云水山石纹,patterns/241-260_云水山石纹/255_月纹_卡片图.jpg
256,日月纹,Sun and Moon Pattern,rì yuè wén,云水山石纹,日月并置的天象观念自古即见，历代礼制、宗教、建筑与器物装饰中形成多种组合图式。,,以日月并置环合成纹，构图均衡而有秩序，常用于天象与礼制装饰，寓意阴阳循环与圆满和合。,秩序、圆满,阴阳、循环、圆满、和合、天地秩序,,由日轮、月轮或月牙、星点、云气、圆环和方位装饰构成。常见布局包括左右相对、上下呼应、同圆环合和日月交叠等形式，外围可加入轨道、星辰与云带。,适合用于品牌标志、文化机构视觉、天文主题展陈、礼盒、珠宝纹样、空间穹顶和动态界面。现代化时应控制双中心比例、避免日月同时过度复杂。,太阳与月亮形成明确双中心或环合中心、圆环和轨道结构强化秩序感、金色日轮与月白月轮形成冷暖对比、星点、云气连接昼夜空间、适合徽章、藻井、礼仪纹和天象图,云水山石天象扩展纹、天象纹、阴阳纹样、圆形纹样、日月纹、中国传统纹样、新中式纹样、阴阳、循环、圆满、和合、天地秩序、日轮、月轮、星点、云气、圆环、秩序,深蓝、金色、月白、浅金、白色、青绿、米白、墨黑、古金,日纹、月纹、云日纹、云月纹、星点纹、北斗纹,https://wenyang.net/#/p/sun-and-moon-pattern,第13批_241-260_云水山石纹,patterns/241-260_云水山石纹/256_日月纹_卡片图.jpg
257,星点纹,Star Dot Pattern,xīng diǎn wén,云水山石纹,星辰意象在古代天文、宗教和装饰艺术中长期存在，历代壁画、织绣、器物与建筑彩画中均有星点式表达。,,以繁密星点连续铺陈成纹，疏密有致清朗灵动，常用于天象背景与器物装饰，寓意光明希望与宇宙秩序。,升腾、秩序,光明、希望、宇宙、秩序、指引,,由星芒、圆点、环点、短线和少量云气组成。主星可作为视觉节点，小星点则均匀或分区铺陈，必要时以淡云、轨迹线和星座连线组织空间。,适合用于夜间主题界面、香氛与珠宝包装、天文展览、礼盒底纹、墙纸和动态粒子背景。现代设计可用三种星点尺寸建立层级、并控制高亮主星数量。,大小星点形成疏密有致的节奏、深色底与金色星点对比鲜明、星芒、圆点和环点层级丰富、可连续铺满，也可局部留白、适合天象背景、边饰和包装底纹,云水山石天象扩展纹、天象纹、点状连续纹、背景纹样、星点纹、中国传统纹样、新中式纹样、光明、希望、宇宙、秩序、指引、星芒、星点、圆点、云气、轨迹线、升腾,深蓝、金色、深青、白色、墨黑、浅金、青灰、米白,北斗纹、日月纹、月纹、云月纹、云日纹,https://wenyang.net/#/p/star-dot-pattern,第13批_241-260_云水山石纹,patterns/241-260_云水山石纹/257_星点纹_卡片图.jpg
258,北斗纹,Big Dipper Pattern,běi dǒu wén,云水山石纹,北斗七星在中国古代天文与信仰体系中地位重要，汉唐以来星图、铜镜、壁画和宗教器物中多有相关图式。,,以北斗七星连缀成纹，星位清晰庄整，常用于天象与护佑装饰，寓意指引方向与秩序守护。,升腾、秩序、护佑,指引、秩序、护佑、方向、天人相应,,由七颗主星、连接线、同心圆轨、辅星、星点和云气构成。七星排列保持斗形特征，外围可加入天盘刻度、方位节点和装饰云纹，形成完整星图式纹面。,适合用于天文馆视觉、导航品牌、文化展览、徽章、钟表、首饰、穹顶和动态星图。现代化时应优先保证七星关系准确、再简化外围圆轨与云纹。,七颗主星位置明确，斗形识别度高、星线连接形成清晰路径、圆轨与星盘强化天象秩序、深蓝底与金色星芒具有庄重感、适合圆形星图、护佑图案和藻井构图,云水山石天象扩展纹、天象纹、星宿纹、护佑纹样、北斗纹、中国传统纹样、新中式纹样、指引、秩序、护佑、方向、天人相应、北斗七星、星线、圆轨、星盘、云气、升腾,深蓝、金色、深青、月白、浅金、墨黑、朱砂,星点纹、日月纹、月纹、云月纹、八卦纹,https://wenyang.net/#/p/big-dipper-pattern,第13批_241-260_云水山石纹,patterns/241-260_云水山石纹/258_北斗纹_卡片图.jpg
259,云月纹,Cloud and Moon Pattern,yún yuè wén,云水山石纹,云月题材长期存在于诗画与装饰艺术中，宋元以后山水与花鸟画影响下，明清器物、织绣和建筑装饰中尤为常见。,,以明月与流云相伴成纹，画面静雅含蓄，常用于夜景与器物装饰，寓意团圆清雅与悠然思念。,圆满、清雅,团圆、清雅、思念、宁静、诗意,,通常由月轮、流云、星点、云海或水波组成。月轮多位于画面上部或中心，云带从两侧穿过或围绕月面，底部可用层云和水纹托起整体。,适合用于中秋礼盒、香氛、茶品牌、夜间应用界面、空间灯光、珠宝包装和音乐视觉。可用一轮月与两至三层流云完成简洁构图。,月轮明亮稳定，云带柔和流动、云层遮掩月面，形成含蓄层次、月白、淡蓝与浅金构成清夜色调、画面留白充分，意境安静、适合夜景主视觉、圆形构图和器物装饰,云水山石天象扩展纹、云纹、月纹、意境纹样、云月纹、中国传统纹样、新中式纹样、团圆、清雅、思念、宁静、诗意、明月、流云、星点、云海、水波、圆满,月白、淡蓝、浅金、深青、白色、青灰、米白、深蓝、金色,月纹、云日纹、日月纹、星点纹、云海纹,https://wenyang.net/#/p/cloud-and-moon-pattern,第13批_241-260_云水山石纹,patterns/241-260_云水山石纹/259_云月纹_卡片图.jpg
260,云日纹,Cloud and Sun Pattern,yún rì wén,云水山石纹,太阳与祥云的组合在历代礼仪、宗教、建筑与器物装饰中广泛存在，明清彩画、织绣和宫廷装饰尤为常见。,,以太阳与云气交映成纹，光辉舒展祥瑞明朗，常用于天象与建筑装饰，寓意升腾光明与吉庆瑞意。,升腾、祥瑞、吉祥、生机,光明、祥瑞、升腾、吉庆、生机,,由日轮、放射光芒、祥云、云带和少量星点或水波组成。太阳多置于画面中心或上部，云气从四周环绕、托举或穿行，并通过金线形成统一的流动方向。,适合用于节庆主视觉、建筑空间、酒店与文化场馆、包装中心纹、徽章和启动页。现代设计可将太阳简化为圆盘与短光芒、再以两组主云带建立升腾方向。,太阳圆盘形成明亮中心、祥云环绕托举，增强升腾感、放射光线与云带方向相互呼应、金青与米白配色明朗而典雅、适合建筑彩画、中心纹和节庆视觉,云水山石天象扩展纹、云纹、日纹、吉祥纹样、云日纹、中国传统纹样、新中式纹样、光明、祥瑞、升腾、吉庆、生机、太阳、祥云、光芒、云带、星点、吉祥,金色、青绿、米白、朱砂、白色、淡蓝、浅金、深青、古金,日纹、云月纹、日月纹、飞云纹、云海纹,https://wenyang.net/#/p/cloud-and-sun-pattern,第13批_241-260_云水山石纹,patterns/241-260_云水山石纹/260_云日纹_卡片图.jpg
261,莲台纹,Lotus Throne Pattern,lián tái wén,吉祥器物纹,莲台图式随佛教艺术在中国传播并不断本土化，魏晋南北朝以后广泛见于造像、壁画和石刻，隋唐至明清持续用于宗教与器物装饰。,,以莲花座为主题成纹，层层莲瓣庄严展开，常用于佛教艺术与器物装饰，寓意清净、庄严与圆满。,清雅、威仪、祥瑞、圆满,清净、庄严、圆满,,通常由仰莲瓣、覆莲瓣、束腰、承托台、圆光和祥云等元素组成。莲瓣沿圆周层层排列，中心区域保持稳定对称，外围可加入宝珠、卷草或火焰纹，使莲台形成由下而上逐层收束的庄严结构。,适合用于宗教文化展陈、博物馆视觉、香文化与茶礼包装、空间壁饰、珠宝纹样和新中式品牌图形。现代化处理可保留莲瓣层级与中心对称、减少繁复珠饰、使其更适合图标、标识和数字界面。,莲瓣层层环列，中心结构稳定对称、仰莲与覆莲交替形成清晰的承托关系、金线、珠饰和卷草细节强化庄严感、青绿与淡粉金使法座华丽而不失清雅、适合圆形主纹、器物底座与纵向视觉中心,佛道宗教与法器纹、佛教纹样、莲花纹、法座纹、莲台纹、中国传统纹样、新中式纹样、清净、庄严、圆满、莲台、莲瓣、圆光、祥云、承托台、清雅、威仪、祥瑞,米白、浅金、青绿、青灰、石青、金色、深青、朱砂,莲花宝座纹、莲瓣纹、佛光纹、法轮纹、宝相花纹,https://wenyang.net/#/p/lotus-throne-pattern,第14批_261-280_吉祥器物纹,patterns/261-280_吉祥器物纹/261_莲台纹_卡片图.jpg
262,佛光纹,Buddha Halo Pattern,fó guāng wén,吉祥器物纹,圆光与身光长期用于佛教造像和壁画表现，魏晋南北朝至隋唐形成多样化样式，宋元明清仍广泛用于寺院、法器与装饰艺术。,,以圆光与放射光芒成纹，构图神圣庄严明净，常用于佛教艺术与器物装饰，寓意光明、护佑与庄严。,升腾、护佑、威仪、清雅,光明、护佑、庄严、智慧,,通常由中央圆光、同心环带、放射光线、火焰纹、莲瓣和祥云组成。圆心提供稳定焦点，外层以密集或疏朗的光芒向四周扩展，底部常配莲花承托，外围再以云气和法器纹饰形成完整边界。,适合用于文化展览主视觉、冥想与香文化品牌、宗教建筑导视、徽章、包装和数字动效。现代化设计可提取同心圆和放射线结构、用简化光芒建立清晰、克制的神圣感。,中央圆光明确，具有强烈视觉聚焦、放射光芒由内向外扩展，节奏庄整、火焰形光线与莲瓣形成刚柔对比、浅金与米白营造明净发光感、适合圆形徽章、背光纹和宗教主视觉,佛道宗教与法器纹、佛教纹样、光芒纹、圆光纹、佛光纹、中国传统纹样、新中式纹样、光明、护佑、庄严、智慧、圆光、放射光、火焰纹、莲花、祥云、升腾、威仪、清雅,浅金、米白、青绿、金色、朱砂、深青、月白、青灰、古金、米色、石青,莲台纹、莲花宝座纹、法轮纹、日纹、佛手印纹,https://wenyang.net/#/p/buddha-halo-pattern,第14批_261-280_吉祥器物纹,patterns/261-280_吉祥器物纹/262_佛光纹_卡片图.jpg
263,法轮纹,Dharma Wheel Pattern,fǎ lún wén,吉祥器物纹,法轮作为佛教重要象征长期用于印度及东亚佛教艺术，中国自早期佛教造像和石刻起持续出现，隋唐以后在建筑、法器和织绣中更加丰富。,,以法轮为主体成纹，轮辐清晰庄整有序，常用于佛教装饰与器物纹饰，寓意智慧、秩序与圆满。,清雅、祥瑞、圆满、秩序,智慧、圆满、秩序,,常见结构包括中央轮毂、八条轮辐、双层外圈、莲花基座和祥云。轮辐由中心向外均匀展开，外圈可加入卷草、宝珠或花卉，顶部和底部以莲花、火焰宝珠形成纵向轴线。,适合用于文化机构标识、宗教展览、纪念章、包装、首饰和圆形界面图标。现代化时可保留轮毂与八辐结构、简化外圈纹饰、使其在小尺寸中仍保持清晰辨识。,圆形轮廓完整，中心与外圈层级清晰、轮辐均匀分布，呈现庄整秩序、莲花与卷草强化佛教装饰属性、金青配色突出法器的尊贵质感、适合徽章、团花、中心纹和器物主纹,佛道宗教与法器纹、佛教纹样、八辐轮纹、法器纹、法轮纹、中国传统纹样、新中式纹样、智慧、圆满、秩序、法轮、八辐、轮毂、莲花、祥云、清雅、祥瑞,青绿、浅金、米白、深青、金色、朱砂、石青、墨绿、古金,佛光纹、莲台纹、金刚杵纹、法螺纹、莲花法器纹,https://wenyang.net/#/p/dharma-wheel-pattern,第14批_261-280_吉祥器物纹,patterns/261-280_吉祥器物纹/263_法轮纹_卡片图.jpg
264,宝伞纹,Parasol Pattern,bǎo sǎn wén,吉祥器物纹,宝伞作为佛教吉祥物随佛教艺术传播进入中国，唐宋以后在壁画、织绣和宗教器物中常见，明清八吉祥与宫廷装饰中尤为丰富。,,以宝伞法器为主题成纹，伞盖垂饰庄严华贵，常见于佛教吉祥与八宝装饰，寓意护佑、尊贵与庄严。,护佑、富贵、威仪、吉祥,护佑、尊贵、庄严、庇护、吉祥,,通常由宝顶、伞盖、伞沿、珠串、流苏、中央伞柄和莲花基座组成。伞盖多呈圆弧或多瓣形，边缘连续悬挂珠链和垂饰，中央轴线以宝珠、莲花和法器构件上下贯通。,适合用于宗教文化礼盒、宫廷风品牌视觉、珠宝、服饰刺绣、展览导视和空间悬挂装饰。现代设计可提取伞盖轮廓与垂珠节奏、减少细碎挂饰、形成具有庇护感的标识图形。,伞盖宽展，形成明确的庇覆形态、珠链与流苏连续垂落，层次丰富、宝顶和中央伞柄构成稳定纵轴、金色、青绿与淡朱红呈现华贵气质、适合纵向主纹、礼仪装饰和八宝组合,佛道宗教与法器纹、佛教八宝纹、法器纹、垂饰纹、宝伞纹、中国传统纹样、新中式纹样、护佑、尊贵、庄严、庇护、吉祥、宝伞、伞盖、珠串、流苏、祥云、富贵、威仪,青绿、浅金、米白、朱砂、金色、墨绿、淡粉、青灰、古金、深青,宝盖纹、法幢纹、璎珞纹、垂珠纹、莲花法器纹,https://wenyang.net/#/p/parasol-pattern,第14批_261-280_吉祥器物纹,patterns/261-280_吉祥器物纹/264_宝伞纹_卡片图.jpg
265,宝盖纹,Canopy Pattern,bǎo gài wén,吉祥器物纹,华盖与宝盖图式长期用于宗教与礼仪场景，隋唐以后在壁画、造像和宫廷艺术中不断发展，明清建筑、织绣与器物装饰中应用广泛。,,以宝盖垂覆成纹，构图庄严而富有庇护感，常用于宗教与宫廷装饰，寓意庇佑、庄严与尊贵。,威仪、富贵、护佑、清雅,庇佑、庄严、尊贵、守护、礼仪,,通常由宝顶、穹形盖面、分瓣纹饰、帷幔、珠链、流苏和下方莲座组成。盖面形成稳定上部体量，垂饰沿边缘有序分布，中央可悬挂香炉、莲花或法器，形成庄严的轴线构图。,适合用于文化空间顶部装饰、礼仪品牌、展览门头、珠宝包装、舞台视觉和室内软装。现代化可保留穹形轮廓和垂饰节奏、将复杂帷幔简化为几组连续弧线与珠点。,穹顶式盖面厚重完整，建筑感明显、帷幔、珠链和流苏形成多层垂覆、中央轴线稳定，左右装饰趋于对称、青绿、金色与朱红体现宫廷华贵、适合顶部装饰、舞台背景和礼仪主纹,佛道宗教与法器纹、佛教纹样、宫廷纹样、垂饰纹、宝盖纹、中国传统纹样、新中式纹样、庇佑、庄严、尊贵、守护、礼仪、宝盖、穹顶、帷幔、珠链、流苏、威仪、富贵、护佑、清雅,青绿、金色、米白、朱红、墨绿、浅金、青灰、米色、深青、古金,宝伞纹、法幢纹、璎珞纹、垂珠纹、宝相花纹,https://wenyang.net/#/p/canopy-pattern,第14批_261-280_吉祥器物纹,patterns/261-280_吉祥器物纹/265_宝盖纹_卡片图.jpg
266,莲花宝座纹,Lotus Seat Pattern,lián huā bǎo zuò wén,吉祥器物纹,莲花宝座在中国佛教造像与壁画中长期发展，隋唐以后结构与装饰日益丰富，宋元明清继续用于寺院、法器和宫廷宗教艺术。,,以莲花座与宝座结合成纹，层层莲瓣华美庄严，常用于佛教艺术与礼仪装饰，寓意清净、尊崇与圆满。,清雅、富贵、圆满、威仪,清净、尊崇、圆满、庄严,,由莲花座面、层叠莲瓣、束腰台座、珠饰边框、背光或宝相花框架组成。上部座面与背光构成中心，下部多层莲瓣和台基负责承托，外围以卷草、宝珠和祥云形成完整轮廓。,适合用于文博展陈、香文化空间、珠宝陈列、礼盒包装、主题舞台和品牌图章。现代设计可将座面、两层莲瓣与圆形背光保留为三大核心层级、提升小尺寸识别性。,莲花座与宝座结构结合，层级更为完整、多层莲瓣与台基形成华丽承托、背光、宝相花和卷草强化中心性、淡粉金、青绿与米白兼具清净和尊贵、适合大型主纹、礼仪背景和立体装饰,佛道宗教与法器纹、佛教纹样、莲花纹、宝座纹、莲花宝座纹、中国传统纹样、新中式纹样、清净、尊崇、圆满、庄严、莲花座、宝座、莲瓣、背光、台基、清雅、富贵、威仪,浅金、青绿、米白、石青、金色、朱砂、深青、月白、青灰,莲台纹、佛光纹、宝相花纹、莲瓣纹、莲花法器纹,https://wenyang.net/#/p/lotus-seat-pattern,第14批_261-280_吉祥器物纹,patterns/261-280_吉祥器物纹/266_莲花宝座纹_卡片图.jpg
267,金刚杵纹,Vajra Pattern,jīn gāng chǔ wén,吉祥器物纹,金刚杵随密教艺术传播进入中国，唐代以后在法器、壁画和仪轨图像中常见，藏传佛教艺术及明清宫廷宗教器物中表现尤为丰富。,,以金刚杵法器为主题成纹，造型对称有力而庄重，常用于佛教法器与装饰题材，寓意坚固、智慧与力量。,坚贞、清雅、护佑、威仪,坚固、智慧、力量、不可摧毁,,通常由中央握部、莲瓣结、两端束腰和多股杵锋组成。整体沿水平或垂直轴严格对称，外围可配置圆光、莲花、火焰、宝珠与云气，形成稳定有力的中心构图。,适合用于护符、徽章、首饰、文化品牌标志、游戏与数字视觉中的法器图形。现代化设计可提取中轴和双端轮廓、以少量莲瓣节点保持宗教辨识度与对称力量。,双端结构严格对称，力量感突出、中央握部和莲瓣节点层次清晰、金属般的金色线条体现坚固质感、圆光与莲花缓和法器的刚硬感、适合徽章、护符、边饰和中心主纹,佛道宗教与法器纹、佛教法器纹、密教纹样、对称纹样、金刚杵纹、中国传统纹样、新中式纹样、坚固、智慧、力量、不可摧毁、金刚杵、杵锋、莲瓣、圆光、祥云、坚贞、清雅、护佑、威仪,金色、米白、青绿、深蓝、朱砂、青铜绿、古金、墨黑、浅金,铃杵纹、法轮纹、佛光纹、莲花法器纹、火焰纹,https://wenyang.net/#/p/vajra-pattern,第14批_261-280_吉祥器物纹,patterns/261-280_吉祥器物纹/267_金刚杵纹_卡片图.jpg
268,铃杵纹,Bell and Vajra Pattern,líng chǔ wén,吉祥器物纹,铃与杵的组合在唐代密教及后续藏传佛教艺术中常见，元明清宫廷宗教器物、唐卡与寺院装饰中应用丰富。,,以法铃与金刚杵组合成纹，法器并置而中心分明，常见于密教法器装饰题材，寓意智慧、护佑与圆满。,清雅、护佑、秩序、圆满,智慧、护佑、圆满,,通常由一只法铃和一柄金刚杵组成，可采用左右并列、前后交叠或交叉构图。法铃包含铃身、金刚杵形铃柄和垂饰，金刚杵则保持双端对称，外围辅以莲座、圆光、云气和璎珞。,适合用于宗教展览、文化徽章、首饰、仪式空间、图谱插画和游戏美术。现代化可使用法铃轮廓与金刚杵交叉构图、通过少量莲瓣和圆环保持组合关系。,法铃与金刚杵形成圆润与刚劲的对比、两件法器相互交叠，中心关系明确、金色金属质感与青绿饰带层次丰富、莲座、圆光和云气强化庄严氛围、适合组合徽章、仪式纹样和宗教主视觉,佛道宗教与法器纹、佛教法器纹、密教纹样、组合纹样、铃杵纹、中国传统纹样、新中式纹样、智慧、护佑、圆满、法铃、金刚杵、莲座、圆光、璎珞、清雅、秩序,金色、青绿、米白、深青、古金、朱砂、青铜绿、浅金、白色、墨绿,金刚杵纹、法轮纹、莲花法器纹、璎珞纹、佛光纹,https://wenyang.net/#/p/bell-and-vajra-pattern,第14批_261-280_吉祥器物纹,patterns/261-280_吉祥器物纹/268_铃杵纹_卡片图.jpg
269,法螺纹,Conch Dharma Pattern,fǎ luó wén,吉祥器物纹,法螺作为佛教吉祥法器长期见于佛教艺术，唐宋以后在壁画、织绣和器物中广泛出现，明清八吉祥组合纹样中尤为常见。,,以法螺为主体成纹，常与祥云水波相伴出现，多见于佛教吉祥与法器装饰，寓意祥瑞、清净与吉祥。,祥瑞、清雅、吉祥,祥瑞、清净、吉祥,,通常由螺壳主体、螺旋纹、螺口、宝带、莲花基座和水云纹组成。法螺可直立、侧置或斜置，外壳以金线分段装饰，流动飘带围绕主体穿插，底部以莲花和水波承托。,适合用于文博衍生品、海洋与宗教主题包装、珠宝、织物、陶瓷和图标设计。现代化可保留螺旋轮廓、螺口和一条飘带、以简洁线条表达螺声远播。,螺旋壳形鲜明，主体辨识度高、螺口和分段束带形成精致器物感、祥云、水波与飘带增强流动节奏、米白螺壳配金青色彩清净华美、适合八宝组合、器物主纹和水云题材,佛道宗教与法器纹、佛教八宝纹、法器纹、水云纹样、法螺纹、中国传统纹样、新中式纹样、祥瑞、清净、吉祥、法螺、螺旋、宝带、莲花、水波、清雅,米白、浅金、青绿、靛蓝、白色、深青、金色、朱砂、淡蓝、月白、古金,法轮纹、宝伞纹、法幢纹、莲花法器纹、海螺纹,https://wenyang.net/#/p/conch-dharma-pattern,第14批_261-280_吉祥器物纹,patterns/261-280_吉祥器物纹/269_法螺纹_卡片图.jpg
270,法幢纹,Victory Banner Pattern,fǎ chuáng wén,吉祥器物纹,幡幢与佛教礼仪密切相关，早期佛教艺术传入后逐渐本土化，隋唐寺院、壁画与仪仗中常见，宋元明清继续用于宗教空间和礼仪装饰。,,以法幢法旗为主题成纹，垂带流苏庄严有序，常用于佛教礼仪与装饰图案，寓意胜利、庄严与护佑。,威仪、护佑、祥瑞、吉祥,胜利、庄严、护佑、吉祥,,通常由宝顶、莲花、幢盖、中央幢杆、垂幡、珠串、流苏和莲花基座组成。幢杆形成稳定中轴，幡带由上向下分层垂落并向两侧飘展，外围以祥云环绕，底部用莲座收束。,适合用于宗教文化展陈、节庆旗幡、空间导视、包装、动态开屏和纵向海报。现代化可保留中央幢杆、顶部宝盖与两组飘带、以简化对称构图表达向上和胜利。,幢杆高耸挺拔，纵向轴线鲜明、幡带与流苏分层垂落并向外飘动、宝顶、珠串与莲座形成完整礼仪结构、金青与淡朱红体现庄严和胜利气息、适合纵幅、旗幡、建筑装饰和仪式主纹,佛道宗教与法器纹、佛教法器纹、幡幢纹、垂饰纹、法幢纹、中国传统纹样、新中式纹样、胜利、庄严、护佑、吉祥、法幢、幢盖、幡带、流苏、莲花、威仪、祥瑞,青绿、金色、米白、朱砂、深青、浅金、青灰、米色、墨绿、古金,宝伞纹、宝盖纹、经幡纹、璎珞纹、莲花法器纹,https://wenyang.net/#/p/victory-banner-pattern,第14批_261-280_吉祥器物纹,patterns/261-280_吉祥器物纹/270_法幢纹_卡片图.jpg
271,经幡纹,Prayer Flag Pattern,jīng fān wén,吉祥器物纹,经幡及幡旗图式长期用于佛教与藏传佛教宗教空间，在寺院、塔院、山口和法会陈设中延续使用，并逐渐进入壁画、织物和现代文化视觉。,,经幡与飘带迎风成纹，常见于宗教空间与装饰图案，寓意祝福、护佑与风动。,吉祥、自然、护佑、升腾,祝福、风动、护佑,,通常由宝顶或幡杆、横向绳索、矩形幡旗、经文符号、珠饰、流苏和飘带组成。幡旗沿绳索连续排列，飘带向外舒展，云山作为背景承托，使静态构图呈现迎风翻动的方向感。,适合用于宗教文化展陈、祝福主题空间、节庆装置、织物印花、包装和动态视觉。现代化时可保留幡旗连续排列与飘带方向、简化经文细节、以避免信息拥挤并强化风动节奏。,矩形幡旗连续悬挂，形成清晰的横向节奏、飘带和流苏舒展卷曲，突出风动感、幡杆、宝顶与珠饰建立稳定纵向轴线、金青、米白与淡朱色兼具庄严和轻盈、适合空间悬挂纹、边饰和宗教主题背景,佛道宗教与法器纹、宗教织物纹、飘带纹、经幡纹、中国传统纹样、新中式纹样、祝福、风动、护佑、经幡、幡杆、飘带、流苏、祥云、山风、吉祥、自然、升腾,米白、浅金、青绿、石青、朱砂、金色、淡青、珊瑚红、深青、古金,祥云纹,https://wenyang.net/#/p/prayer-flag-pattern,第14批_261-280_吉祥器物纹,patterns/261-280_吉祥器物纹/271_经幡纹_卡片图.jpg
272,宝塔纹,Pagoda Pattern,bǎo tǎ wén,吉祥器物纹,佛塔随佛教传播进入中国后不断本土化，自汉晋至隋唐形成多种塔式，宋元明清继续广泛用于建筑、壁画、器物和宗教图像。,,以宝塔造型入纹，常与祥云莲花相配，多用于宗教与建筑装饰，寓意庄严、护佑与安定。,威仪、护佑、清雅,庄严、护佑、安定、智慧、纪念,,通常由莲花基座、塔台、层叠塔身、出檐、塔刹、宝珠和祥云组成。各层沿中轴向上收分，檐角可悬挂铃铎或珠饰，外围以圆光、云气和远景楼阁补充空间层次。,适合用于宗教文化标识、建筑导视、城市文旅视觉、纪念品、包装和空间壁画。现代化处理可提取塔身层级、檐角与塔刹轮廓、减少内部细纹、使图形更适合小尺寸应用。,塔身沿中轴层层收束，纵向秩序明确、多层塔檐形成清晰的建筑节奏、莲座与圆光强化宗教装饰属性、金青设色突出庄严与精工感、适合纵向主纹、建筑壁饰和团花中心,佛道宗教与法器纹、宗教建筑纹、塔刹纹、莲座纹、宝塔纹、中国传统纹样、新中式纹样、庄严、护佑、安定、智慧、纪念、宝塔、塔刹、塔檐、莲座、圆光、祥云、威仪、清雅,青绿、浅金、米白、石青、金色、赭石、古金、青灰、深青、朱砂,仙山纹,https://wenyang.net/#/p/pagoda-pattern,第14批_261-280_吉祥器物纹,patterns/261-280_吉祥器物纹/272_宝塔纹_卡片图.jpg
273,佛手印纹,Buddhist Mudra Pattern,fó shǒu yìn wén,吉祥器物纹,佛教手印源于造像和仪轨传统，在中国佛教艺术中长期用于雕塑、壁画、经卷和法器图像，并随不同宗派形成多样化的手势表达。,,以佛手印造型成纹，常与莲花圆光组合，多见于宗教图谱与装饰，寓意祝福、护佑与智慧。,吉祥、护佑、清雅、秩序,祝福、护佑、智慧、慈悲,,常见结构包括成对或单只手印、腕饰、圆光、火焰边、莲花基座、宝珠和祥云。手势位于视觉中心，圆光形成稳定边界，莲瓣由下方承托，垂饰和云纹补充纵向轴线。,适合用于宗教展览、冥想空间、香文化视觉、珠宝纹样、徽章和数字插画。设计时应尊重其宗教语境、优先保留手势结构与圆光关系、避免随意混用具有特定仪轨含义的手印。,手指姿态明确，线条修长而克制、圆光与莲花形成稳定中心构图、珠饰和腕环强化礼仪与装饰感、浅金、米白和青绿营造宁静神圣气质、适合宗教图谱、徽章和纵向主视觉,佛道宗教与法器纹、佛教纹样、手印纹、圆光纹、佛手印纹、中国传统纹样、新中式纹样、祝福、护佑、智慧、慈悲、佛手印、圆光、莲花、腕饰、祥云、吉祥、清雅、秩序,米白、浅金、青绿、月白、青灰、石青、金色、深青、朱砂、古金,莲花法器纹、宝相花纹,https://wenyang.net/#/p/buddhist-mudra-pattern,第14批_261-280_吉祥器物纹,patterns/261-280_吉祥器物纹/273_佛手印纹_卡片图.jpg
274,莲花法器纹,Lotus Ritual Object Pattern,lián huā fǎ qì wén,吉祥器物纹,莲花与法器组合长期见于佛教壁画、造像背光、经卷和织绣，隋唐以后在宗教装饰中更为丰富，明清宫廷与寺院艺术中仍广泛使用。,,莲花与法器组合成纹，常见于宗教陈设和礼仪装饰，寓意清净、庄严与护佑。,清雅、祥瑞、护佑、威仪、圆满,清净、护佑、庄严、圆满,,通常由中心莲花、莲座、法轮、宝瓶、宝伞、香炉、飘带、珠链和祥云组成。法器围绕主莲花对称展开，以圆形或纵向轴线组织，垂饰与云气连接不同层级。,适合用于宗教文化礼盒、香文化品牌、展陈主视觉、织物、首饰和空间装饰。现代设计可保留中心莲花与少量代表性法器、减少器物数量、避免构图过于繁密。,莲花作为中心承托，视觉焦点明确、多种法器环绕组合，信息丰富而有秩序、飘带、珠链和云纹连接上下空间、金青与淡粉设色呈现华美庄严感、适合团花、陈设纹和礼仪主视觉,佛道宗教与法器纹、佛教纹样、莲花纹、法器组合纹、莲花法器纹、中国传统纹样、新中式纹样、清净、护佑、庄严、圆满、莲花、法轮、宝瓶、宝伞、香炉、祥云、清雅、祥瑞、威仪,米白、浅金、青绿、石青、朱砂、金色、墨绿、青灰、古金、月白,道八宝纹,https://wenyang.net/#/p/lotus-ritual-object-pattern,第14批_261-280_吉祥器物纹,patterns/261-280_吉祥器物纹/274_莲花法器纹_卡片图.jpg
275,道八宝纹,Daoist Eight Treasures Pattern,dào bā bǎo wén,吉祥器物纹,道教法宝与仙家器物组合纹在明清时期的瓷器、织绣、建筑彩画和民间装饰中较为常见，并与暗八仙、八吉祥等组合纹样相互影响。,,以道教八宝组合成纹，常与祥云仙气相映，寓意祥瑞、长生与仙意。,祥瑞、长寿、护佑、圆满,祥瑞、长生、仙意、护佑、圆满,,通常由八件道教法宝、中心太极或莲花、圆形分区、祥云、飘带和垂饰组成。八件器物围绕中心依次排列，外围以卷云和金线形成统一边界，构成稳定的放射式布局。,适合用于道教文化展览、节庆礼盒、茶与香品牌、器物纹饰、徽章和图标系统。现代化设计可将八件法宝拆分为图标组、也可保留环形组合形成完整品牌图章。,多件法宝分区排列，组合性和辨识度强、中心太极或团花稳定整体构图、祥云与卷草连接各个器物单元、金青配色营造仙家宝物的精致感、适合团花、器物底纹和吉祥组合纹,佛道宗教与法器纹、道教吉祥纹、法器组合纹、团花纹、道八宝纹、中国传统纹样、新中式纹样、祥瑞、长生、仙意、护佑、圆满、道教法宝、仙家器物、太极、祥云、飘带、团花、长寿,青绿、浅金、米白、石青、朱砂、墨绿、古金、月白、淡青、珊瑚红,八卦纹、太极纹、莲花法器纹、祥云纹,https://wenyang.net/#/p/daoist-eight-treasures-pattern,第14批_261-280_吉祥器物纹,patterns/261-280_吉祥器物纹/275_道八宝纹_卡片图.jpg
276,八卦纹,Eight Trigrams Pattern,bā guà wén,吉祥器物纹,八卦符号源于《周易》传统，历代用于哲学、术数、道教与民俗视觉，在宋元以后图像化应用更为广泛，明清建筑和器物装饰中尤为常见。,,以八卦符号构成纹样，常见于道教与民俗装饰，寓意阴阳流转、秩序与护佑。,秩序、护佑,阴阳、秩序、护佑、循环、方位,,通常由中心太极、八个卦位、阴阳爻、内外环带、方位文字和祥云组成。八卦沿圆周均匀排列，中心与外围同轴，装饰边界可采用八角形或圆形。,适合用于文化教育图示、道教展陈、建筑导视、徽章、品牌图章和交互界面。现代化时应准确保留卦象的断实线结构与方位关系、避免为追求装饰而随意更改符号。,八个卦位均匀分布，几何秩序鲜明、阴爻阳爻以断线和实线形成对比、中心太极强化阴阳循环主题、金色、墨青和米白呈现古雅符号感、适合徽章、建筑构件和中心团纹,佛道宗教与法器纹、道教纹样、几何符号纹、太极八卦纹、八卦纹、中国传统纹样、新中式纹样、阴阳、秩序、护佑、循环、方位、八卦、阴阳爻、太极、圆环、祥云,米白、浅金、墨黑、白色、金色、青绿、古金、朱砂,太极纹、道八宝纹、符箓纹、雷纹、回纹,https://wenyang.net/#/p/eight-trigrams-pattern,第14批_261-280_吉祥器物纹,patterns/261-280_吉祥器物纹/276_八卦纹_卡片图.jpg
277,太极纹,Taiji Pattern,tài jí wén,吉祥器物纹,太极图式在中国哲学与道教视觉传统中长期发展，宋以后相关图式逐渐成熟，明清以来广泛用于建筑、器物、民俗和武术文化。,,阴阳鱼形构成太极纹样，结构简洁而有张力，寓意平衡、循环与和合。,护佑、秩序、圆满,平衡、循环、和合、阴阳、转化,,通常由外圆、两条互抱曲线、阴阳鱼和相反色圆点组成，可外围加入八卦、云纹、莲花或环形边饰。整体以圆心为基准，曲线沿旋转方向连续衔接。,适合用于哲学与文化教育、武术品牌、健康与冥想空间、徽章、动画和交互图形。设计时应保留阴阳鱼比例、旋转关系和相反色圆点、避免破坏其平衡结构。,阴阳鱼互相环抱，构图完整闭合、S形曲线产生持续旋转与流动感、深浅色块对比鲜明但保持均衡、圆点形成彼此包含的视觉关系、适合徽章、中心纹和现代几何图形,佛道宗教与法器纹、道教纹样、阴阳纹、圆形几何纹、太极纹、中国传统纹样、新中式纹样、平衡、循环、和合、阴阳、转化、太极、阴阳鱼、外圆、圆点、云气、莲花、护佑、秩序、圆满,墨黑、米白、浅金、白色、朱砂、青绿、月白、古金、深蓝、米色,八卦纹、道八宝纹、云气纹,https://wenyang.net/#/p/taiji-pattern,第14批_261-280_吉祥器物纹,patterns/261-280_吉祥器物纹/277_太极纹_卡片图.jpg
278,符箓纹,Talisman Pattern,fú lù wén,吉祥器物纹,符箓传统长期存在于道教科仪和民间信仰中，历代符书、木刻版画和民俗纸品保留了丰富样式，明清以来的可见材料尤为多样。,,以符箓文字与抽象符号成纹，常见于道教与民俗装饰，寓意护佑、祥瑞与神秘。,护佑、祥瑞,护佑、神秘、祥瑞,,通常由符头、主符、符脚、云篆、印记、火焰、圆符、垂珠和祥云组成。主符沿中轴纵向展开，两侧配置短符、印章和云气，下端可加入太极或护符吊饰。,适合用于道教文化展陈、民俗研究视觉、纸品、海报、游戏与影视美术。现代化设计应标明其为艺术化再设计、尊重宗教语境、避免直接将真实科仪符箓作为随意装饰或商业吉祥物。,朱砂线条纵向贯穿，视觉方向明确、篆字与抽象符号交织，神秘感强、印章、火焰和云气形成仪式层次、旧纸米白与朱砂红具有鲜明对比、适合护符图案、纸品和民俗主题视觉,佛道宗教与法器纹、道教纹样、符号纹、朱砂纹、符箓纹、中国传统纹样、新中式纹样、护佑、神秘、祥瑞、符箓文字、云篆、朱砂印、火焰、圆符、祥云,朱砂、米白、浅金、赭红、青灰、墨黑、银灰、古金、朱红,八卦纹、太极纹、雷纹、云气纹、道八宝纹,https://wenyang.net/#/p/talisman-pattern,第14批_261-280_吉祥器物纹,patterns/261-280_吉祥器物纹/278_符箓纹_卡片图.jpg
279,仙鹤云纹,Immortal Crane and Cloud Pattern,xiān hè yún wén,吉祥器物纹,鹤与云的组合历代常见于绘画、织绣、瓷器和宫廷装饰，宋元以后题材不断丰富，明清祝寿和官服纹样中尤为常见。,,仙鹤与流云组合成纹，常见于道教与祝寿题材，寓意长寿、仙意与升腾。,长寿、祥瑞、升腾、清雅、吉祥,长寿、仙意、升腾、高洁、吉祥,,通常由一至两只仙鹤、红顶、展翼羽毛、流云、松树、山石和远峰组成。仙鹤沿对角线或上下方向飞翔，云气环绕穿插，松石在边缘稳定构图。,适合用于祝寿礼盒、茶与香品牌、服饰印花、家居屏风、酒店空间和文旅视觉。现代化时可提取鹤的展翼轮廓和云气方向、保留红顶与长腿等关键识别特征。,仙鹤身形修长，展翼姿态轻盈、白羽与青黑尾羽形成细腻层次、流云曲线环绕，强化升腾动势、松石与远山补充长寿和仙境语境、适合纵向画面、祝寿纹和服饰主纹,佛道宗教与法器纹、道教仙意纹、禽鸟纹、云纹、仙鹤云纹、中国传统纹样、新中式纹样、长寿、仙意、升腾、高洁、吉祥、仙鹤、流云、红顶、松树、山石、远峰、祥瑞、清雅,米白、淡青、浅金、白色、墨黑、朱砂、青绿、金色、月白、青灰、古金,仙山纹、云海纹、飞云纹,https://wenyang.net/#/p/immortal-crane-and-cloud-pattern,第14批_261-280_吉祥器物纹,patterns/261-280_吉祥器物纹/279_仙鹤云纹_卡片图.jpg
280,仙山纹,Immortal Mountain Pattern,xiān shān wén,吉祥器物纹,蓬莱、方丈、瀛洲等仙山想象在中国传统文化中源远流长，历代绘画、壁画、器物和园林不断发展仙山楼阁图式，明清装饰艺术中尤为丰富。,,以仙山楼阁与云海成纹，常见于道教与山水题材，寓意仙境、长生与清远。,长寿、清雅、祥瑞,仙境、长生、清远、隐逸、祥瑞,,通常由层叠山峰、仙宫楼阁、云海、瀑布、松树、桥梁和日月组成。主峰沿纵向上升，楼阁分布于不同高度，云气在山谷间穿行，形成可游可居的空间层次。,适合用于文旅品牌、山水展览、茶与香包装、酒店壁画、屏风、数字场景和游戏美术。现代化设计可保留主峰、云路与楼阁三类核心元素、通过留白控制复杂度。,群峰层叠高耸，纵深和高度感明显、楼阁散布山间，形成仙境点景、云海和瀑布连接远近空间、青绿山水与浅金线条清雅华美、适合大幅背景、屏风和山水主视觉,佛道宗教与法器纹、道教仙境纹、山水纹、楼阁纹、仙山纹、中国传统纹样、新中式纹样、仙境、长生、清远、隐逸、祥瑞、仙山、楼阁、云海、瀑布、松树、桥梁、长寿、清雅,青绿、米白、浅金、石青、赭石、银灰、月白、古金、深青、金色、朱砂,仙鹤云纹、宝塔纹,https://wenyang.net/#/p/immortal-mountain-pattern,第14批_261-280_吉祥器物纹,patterns/261-280_吉祥器物纹/280_仙山纹_卡片图.jpg
281,鼎纹,Ding Vessel Pattern,dǐng wén,吉祥器物纹,商周青铜礼器传统影响深远，后世器物、织绣与装饰设计中持续被转化使用。,,以古代青铜鼎器为主体，造型庄重厚重，常见于礼器与装饰题材，寓意礼制、权威与稳定。,威仪、坚贞、护佑,礼制、权威、稳定、守成、庄重,,通常以三足鼎或双耳鼎为视觉中心，外围配合饕餮纹、夔龙纹、回纹、云气纹和几何边饰。构图可采用单体陈列、对称组合、器形散点或连续锦地结构。,文化机构视觉、博物馆文创、礼仪空间装饰、高端包装、书籍装帧、新中式网页背景,鼎器轮廓厚重稳定、双耳与三足具有鲜明识别度、常配青铜器兽面和方折纹、构图强调中轴、秩序与庄重感,器物纹、青铜器纹、礼器纹、鼎纹、古典纹样、庄重纹样、礼制、权威、稳定、守成、庄重、青铜鼎、双耳、三足、饕餮纹、云气、威仪、坚贞、护佑,青铜绿、米白、古金、墨黑,饕餮纹、夔龙纹、回纹、雷纹、尊纹、乳钉纹,https://wenyang.net/#/p/ding-vessel-pattern,第15批_281-300_吉祥器物纹,patterns/281-300_吉祥器物纹/281_鼎纹_卡片图.jpg
282,尊纹,Zun Vessel Pattern,zūn wén,吉祥器物纹,先秦礼器造型最具代表性，后世常以仿古器物和博古题材延续。,,以青铜尊器形入纹，器形古雅端庄，常见于礼器风格装饰，寓意礼仪、尊贵与古雅。,清雅、富贵、秩序、威仪,礼仪、尊贵、古雅、秩序、庄重,,常以单件尊器居中，或将不同尊器以散点方式排列；器身内部加入兽面纹、回纹、蕉叶纹和几何分区，外围辅以祥云、角花或边栏纹。,博物馆视觉、仿古包装、文化展陈、礼品设计、书籍封面、品牌纹样系统,器口外撇或宽展、器身分区明确且装饰密集、青铜纹饰方折有力、整体端庄、对称、古雅,尊纹、青铜器纹、礼器纹、器物纹、仿古纹样、庄重纹样、礼仪、尊贵、古雅、秩序、庄重、青铜尊、宽口、兽面纹、云雷纹、回纹、清雅、富贵、威仪,青铜绿、古金、米白、深青,鼎纹、饕餮纹、云雷纹、回纹,https://wenyang.net/#/p/zun-vessel-pattern,第15批_281-300_吉祥器物纹,patterns/281-300_吉祥器物纹/282_尊纹_卡片图.jpg
283,壶纹,Vase and Ewer Pattern,hú wén,吉祥器物纹,历代生活器用和陈设艺术中均有体现，明清瓷器与博古题材尤其丰富。,,以壶器造型入纹，常与花枝、祥云相配，兼具生活器用与装饰意味，寓意平安、富足与雅致。,护佑、富贵、清雅、圆满,平安、富足、雅致、和美、生活安定,,通常由壶身、壶嘴、壶柄和盖钮构成核心造型，可采用单壶居中、壶瓶组合或多器散点排列。花卉和飘带穿插其间，使画面更具流动感。,茶饮品牌、生活方式包装、餐饮空间、家居软装、文创产品、网页插画,壶嘴与把手形成鲜明曲线、器身常饰花卉或缠枝纹、祥云与绶带增强流动感、构图雅致、温润、生活化,壶纹、器物纹、生活器用纹、吉祥纹样、清雅纹样、博古题材、平安、富足、雅致、和美、生活安定、壶器纹、执壶、花瓶、花枝、祥云、绶带、护佑、富贵、清雅、圆满,青绿、米白、浅金、赭石,清供纹、牡丹纹、祥云纹,https://wenyang.net/#/p/vase-and-ewer-pattern,第15批_281-300_吉祥器物纹,patterns/281-300_吉祥器物纹/283_壶纹_卡片图.jpg
284,炉瓶三事纹,Incense Burner and Vases Pattern,lú píng sān shì wén,吉祥器物纹,传统香事与清供陈设长期使用，明清室内陈设和装饰题材中尤为常见。,,以香炉、花瓶与香盒组合成纹，常见于传统清供题材，寓意清雅、礼仪与安定。,清雅、护佑、圆满,清雅、礼仪、安定、净心、和敬,,多以香炉居中，两侧配置花瓶，香盒或香具置于下方，形成稳定的中轴对称结构。花枝、烟气和如意云纹连接各器物，增强层次和仪式感。,香文化品牌、茶空间设计、新中式家居、礼盒包装、文化展览、静心主题视觉,香炉居中形成视觉核心、瓶花左右对称或均衡配置、烟气线条柔和上升、器物组合庄重而清雅,炉瓶三事纹、香事纹、清供纹、器物组合纹、礼仪纹样、清雅纹样、清雅、礼仪、安定、净心、和敬、香炉、花瓶、香盒、瓶花、烟气、护佑、圆满,青绿、米白、古金、淡粉,清供纹、宝瓶纹、香炉纹、祥云纹,https://wenyang.net/#/p/incense-burner-and-vases-pattern,第15批_281-300_吉祥器物纹,patterns/281-300_吉祥器物纹/284_炉瓶三事纹_卡片图.jpg
285,清供纹,Scholar Offering Pattern,qīng gòng wén,吉祥器物纹,明清文人陈设、岁朝清供和博古题材中较为常见，后续广泛进入民间装饰。,,以文房、花器、香炉等清供物组合成纹，富有文人雅趣，寓意清净、雅致与安和。,清雅、护佑、富贵,清净、雅致、安和、文人雅趣、生活丰足,,常采用散点式或案头陈列式构图，将花瓶、香炉、书卷、笔筒、果盘等分组安排。器物之间以花枝、烟气、云纹和几案连接，形成疏密有致的画面。,生活方式品牌、书房空间、茶香产品、文创包装、节令海报、新中式插画,器物种类丰富而层次清晰、花器与文房相互穿插、留白与密集陈设形成节奏、整体富有文人生活气息,清供纹、文人纹样、器物组合纹、博古题材、生活美学、清雅纹样、清净、雅致、安和、文人雅趣、生活丰足、文房纹、瓶花、香炉、书卷、笔筒、果盘、清雅、护佑、富贵,深青、米白、浅金、淡粉,炉瓶三事纹、文房四宝纹,https://wenyang.net/#/p/scholar-offering-pattern,第15批_281-300_吉祥器物纹,patterns/281-300_吉祥器物纹/285_清供纹_卡片图.jpg
286,文房四宝纹,Four Treasures of Study Pattern,wén fáng sì bǎo wén,吉祥器物纹,文房文化成熟后持续流行，明清器物、织绣和文人题材装饰中尤为多见。,,以笔、墨、纸、砚组合成纹，常用于文人主题装饰，寓意学识、文运与书香雅趣。,清雅,学识、文运、书香、勤学、雅趣,,常将笔、墨、纸、砚成组排列，或以砚台和纸卷为中心，毛笔斜向穿插，墨锭与印章作为小型点缀。云纹、回纹和书卷边饰用于统一画面。,教育品牌、书店视觉、文具包装、校园文创、阅读应用界面、书籍封面,笔墨纸砚识别明确、长短器物形成方向变化、书卷与印章增加层次、构图整洁且富有书卷气,文房四宝纹、文房纹、书香纹样、文运纹、器物纹、文人题材、学识、文运、书香、勤学、雅趣、书香纹、器物组合纹、毛笔、墨锭、纸卷、砚台、印章、清雅,墨黑、青绿、米白、古金,笔墨纹、砚台纹、清供纹、书画纹,https://wenyang.net/#/p/four-treasures-of-study-pattern,第15批_281-300_吉祥器物纹,patterns/281-300_吉祥器物纹/286_文房四宝纹_卡片图.jpg
287,笔墨纹,Brush and Ink Pattern,bǐ mò wén,吉祥器物纹,伴随书写文化长期发展，明清文房与文人题材装饰中较为常见。,,以毛笔与墨锭为主要元素，构图简洁而具书卷气，寓意文运、书香与表达。,清雅,文运、书香、表达、才思、勤学,,常以毛笔斜向或纵向排列，墨锭与笔架作为稳定块面，辅以砚台、印章、墨迹和书法线条。可形成散点纹、边饰纹或案头构图。,书法品牌、文具设计、文化海报、阅读产品、教育空间、艺术衍生品,毛笔长线形成主要方向、墨锭提供规整几何形、水墨晕染增强层次、书法和印章强化文人气息,笔墨纹、文房纹、书法纹样、文运纹、书香纹样、器物纹、文运、书香、表达、才思、勤学、书写器物纹、毛笔、墨锭、笔架、砚台、墨迹、清雅,墨黑、米白、深青、古金,文房四宝纹、砚台纹、书画纹、清供纹,https://wenyang.net/#/p/brush-and-ink-pattern,第15批_281-300_吉祥器物纹,patterns/281-300_吉祥器物纹/287_笔墨纹_卡片图.jpg
288,砚台纹,Inkstone Pattern,yàn tái wén,吉祥器物纹,砚台作为重要文房器物长期使用，宋元明清文人文化中形成丰富造型与装饰。,,以砚台造型入纹，常见于文房器物题材，气质沉稳古雅，寓意学识、沉静与雅致。,清雅、坚贞,学识、沉静、雅致、勤学、积淀,,可将不同形制砚台以散点方式排列，辅以笔筒、毛笔、回纹和云气。砚台外轮廓多为方、圆或随形，内部墨池形成深浅对比。,书房品牌、高端文具、书籍封面、文化展陈、艺术包装、沉浸式阅读界面,砚台块面厚重、墨池深色形成视觉中心、边缘常饰云龙或回纹、整体沉稳、内敛、古雅,砚台纹、文房纹、砚器纹、书香纹样、沉稳纹样、器物纹、学识、沉静、雅致、勤学、积淀、书香纹、砚台、墨池、毛笔、笔筒、云龙边饰、清雅、坚贞,墨黑、深青、青绿、古金,笔墨纹、文房四宝纹、云龙纹、回纹、书画纹,https://wenyang.net/#/p/inkstone-pattern,第15批_281-300_吉祥器物纹,patterns/281-300_吉祥器物纹/288_砚台纹_卡片图.jpg
289,琴纹,Qin Zither Pattern,qín wén,吉祥器物纹,古琴文化源远流长，历代文人题材、雅集图像与器物装饰中均有表现。,,以古琴入纹，常与花枝和雅集意象相连，富有文人气息，寓意雅乐、修身与清和。,清雅、圆满,雅乐、修身、清和、知音、高雅,,古琴多以横向或斜向展开，琴身形成画面长轴，花枝、绶带和云纹在周围穿插。也可采用琴、棋、书、画组合中的单项或成组构图。,音乐文化品牌、古琴馆视觉、香茶空间、书籍装帧、服饰纹样、雅集活动海报,琴身修长形成横向节奏、琴弦和徽位细密有序、花枝与飘带柔化器物轮廓、整体清雅、静谧、富有文人气,琴纹、古琴纹、雅乐纹、文人纹样、器物纹、清雅纹样、雅乐、修身、清和、知音、高雅、文房纹、古琴、琴弦、流苏、梅花、绶带、清雅、圆满,深青、米白、古金、青绿,棋纹、书画纹、梅花纹、清供纹,https://wenyang.net/#/p/qin-zither-pattern,第15批_281-300_吉祥器物纹,patterns/281-300_吉祥器物纹/289_琴纹_卡片图.jpg
290,棋纹,Chess Pattern,qí wén,吉祥器物纹,棋类文化长期融入文人生活，历代雅集、博古和琴棋书画题材中持续出现。,,以棋盘与棋子入纹，表现文人闲雅的对弈之趣，寓意智慧、思辨与雅趣。,清雅,智慧、思辨、对弈、雅趣、从容,,通常以棋盘方格为主要骨架，黑白棋子或象棋子在格点间分布，外围配置棋罐、书卷、笔筒和装饰边框。可采用单盘居中或多盘散点构图。,棋类品牌、文化游戏界面、教育产品、文创包装、书房空间、策略主题视觉,棋盘方格结构规整、棋子形成疏密与黑白对比、器物点缀增强生活场景感、构图理性而富有变化,棋纹、棋盘纹、博弈纹、智慧纹样、文人纹样、器物纹、智慧、思辨、对弈、雅趣、从容、文房纹、智慧纹、棋盘、棋子、棋罐、书卷、笔筒、清雅,青绿、米白、墨黑、古金,琴纹、书画纹、文房四宝纹、回纹,https://wenyang.net/#/p/chess-pattern,第15批_281-300_吉祥器物纹,patterns/281-300_吉祥器物纹/290_棋纹_卡片图.jpg
291,书画纹,Calligraphy and Painting Pattern,shū huà wén,吉祥器物纹,历代书画收藏与文人生活中长期出现，明清博古、清供和雅集题材中尤为常见。,,以书卷、画轴组合成纹，常用于艺术主题装饰，富有文雅气息，寓意学识、审美与书香。,清雅、圆满,学识、审美、书香、文雅、艺术修养,,通常以展开或卷起的画轴为视觉主体，配合书卷、册页、毛笔、印章与瓶花。可采用挂轴陈列、案头清供或散点式构图，并以祥云、花枝和绶带连接各元素。,美术馆视觉、书店品牌、文化展览、书籍封面、艺术文创、新中式网页插画,书卷与画轴形态清晰、纵向挂轴与横向卷轴形成节奏、印章和题跋增强书画气息、构图雅致、疏密有序,书画纹、文房纹、艺术纹样、书香纹样、器物纹、文人题材、学识、审美、书香、文雅、艺术修养、艺术器物纹、书卷、画轴、册页、毛笔、印章、清雅、圆满,青绿、米白、古金、赭石,,https://wenyang.net/#/p/calligraphy-and-painting-pattern,第15批_281-300_吉祥器物纹,patterns/281-300_吉祥器物纹/291_书画纹_卡片图.jpg
292,茶具纹,Tea Ware Pattern,chá jù wén,吉祥器物纹,饮茶文化成熟后长期发展，宋元明清茶器、绘画与生活装饰中均有丰富表现。,,以茶壶、茶盏等茶器入纹，具有温润的生活美学气息，寓意清雅、待客与安宁。,清雅、圆满、护佑,清雅、待客、安宁、和敬、生活美学,,多以茶壶或盖碗居中，周围配置茶杯、茶罐、茶盘和茶叶。器物可采用案头陈列或散点连续结构，竹枝、梅花与云纹用于平衡画面。,茶品牌视觉、茶叶包装、茶空间设计、生活方式产品、餐饮界面、节气海报,茶壶与盖碗具有鲜明识别度、器物组合层次清晰、花枝与茶叶增强自然气息、整体温润、清雅、安静,茶具纹、茶器纹、生活器物纹、清雅纹样、茶文化、新中式纹样、清雅、待客、安宁、和敬、生活美学、茶壶、茶盏、盖碗、茶罐、茶盘、圆满、护佑,深青、米白、浅金、墨褐,梅花纹、祥云纹,https://wenyang.net/#/p/tea-ware-pattern,第15批_281-300_吉祥器物纹,patterns/281-300_吉祥器物纹/292_茶具纹_卡片图.jpg
293,酒器纹,Wine Vessel Pattern,jiǔ qì wén,吉祥器物纹,古代宴饮礼制中长期使用，商周青铜酒器及后世瓷器、绘画和民俗装饰中均有表现。,,以酒壶、酒杯等器物组合成纹，适合宴饮与礼仪题材，寓意欢聚、祝福与礼仪。,吉祥、清雅、圆满,欢聚、祝福、礼仪、和乐、庆贺,,常将酒壶、爵杯与小型杯盏成组排列，器物之间以绶带、花枝和云纹穿插。构图可采用单器突出、成套陈列或散点式连续排列。,餐饮品牌、节庆礼盒、酒类包装、宴会空间、文化展陈、传统节日视觉,酒壶与杯盏器形丰富、高低大小形成节奏变化、绶带和花枝增强喜庆感、构图华雅而富有宴饮气息,酒器纹、宴饮纹、礼仪纹样、器物纹、喜庆纹样、传统酒文化、欢聚、祝福、礼仪、和乐、庆贺、礼仪器物纹、酒壶、爵杯、酒盏、绶带、花枝、吉祥、清雅、圆满,青绿、古金、朱砂、米白,牡丹纹、祥云纹,https://wenyang.net/#/p/wine-vessel-pattern,第15批_281-300_吉祥器物纹,patterns/281-300_吉祥器物纹/293_酒器纹_卡片图.jpg
294,镜纹,Mirror Pattern,jìng wén,吉祥器物纹,战国至唐宋铜镜纹饰尤为丰富，后世持续作为器物与吉祥装饰题材使用。,,以铜镜圆形和镜背纹饰为灵感，适合圆形装饰，寓意圆满、映照与吉祥。,圆满、清雅、吉祥、升腾,圆满、映照、吉祥、清明、团圆,,通常以圆形铜镜居中，镜钮作为中心点，纹饰由内向外分层展开。外围可配置花鸟、绶带、流苏、祥云和小型镜饰，形成团形或散点构图。,首饰设计、镜具品牌、博物馆文创、圆形徽章、包装纹章、数字图标,圆形轮廓完整稳定、镜钮形成明确中心、背纹呈同心分区结构、花鸟与几何边饰精细华美,镜纹、铜镜纹、圆形纹样、器物纹、吉祥纹样、古典纹饰、圆满、映照、吉祥、清明、团圆、圆形器物纹、铜镜、镜钮、花鸟背纹、回纹、绶带、清雅、升腾,青铜绿、古金、米白、深青,连珠纹、回纹、团花纹,https://wenyang.net/#/p/mirror-pattern,第15批_281-300_吉祥器物纹,patterns/281-300_吉祥器物纹/294_镜纹_卡片图.jpg
295,香囊纹,Sachet Pattern,xiāng náng wén,吉祥器物纹,传统佩香习俗历史悠久，历代服饰配件和端午民俗中广泛使用。,,以香囊与流苏组合成纹，民俗气息浓厚，常见于节庆与佩饰题材，寓意护佑、芬芳与祝福。,护佑、清雅、吉祥,护佑、芬芳、祝福、安康、节庆,,香囊多以悬挂姿态出现，顶部配抽绳或盘长结，下方连接流苏与珠饰。多个香囊可采用高低错落的散点结构，并穿插花枝、祥云和中国结。,节庆礼盒、香氛品牌、服饰图案、非遗文创、首饰设计、民俗海报,袋形轮廓圆润饱满、绣花纹饰细腻丰富、流苏形成垂直节奏、色彩柔和且民俗气息浓厚,香囊纹、佩饰纹、民俗纹样、节庆纹样、流苏纹、吉祥纹样、护佑、芬芳、祝福、安康、节庆、香具纹、香囊、流苏、绳结、珠串、花卉刺绣、清雅、吉祥,青绿、淡粉、米白、浅金,荷包纹、盘长纹、牡丹纹、祥云纹,https://wenyang.net/#/p/sachet-pattern,第15批_281-300_吉祥器物纹,patterns/281-300_吉祥器物纹/295_香囊纹_卡片图.jpg
296,荷包纹,Embroidered Purse Pattern,hé bāo wén,吉祥器物纹,传统服饰和民间生活中长期使用，明清佩饰、刺绣与婚庆礼俗中尤为丰富。,,以荷包、绣花与流苏入纹，富有民俗情趣与生活气息，寓意吉祥、祝福与贴身护佑。,吉祥、护佑、圆满,吉祥、祝福、护佑、亲情、生活美满,,荷包主体通常位于中心或呈悬挂排列，顶部以束绳和蝴蝶结收口，下方连接流苏。多个荷包可形成高低错落的连续纹面，并配花枝、云气和吉祥牌饰。,服装印花、婚庆文创、非遗包装、首饰设计、节日海报、家居织物,荷包外形饱满柔和、束口与绳结结构清楚、刺绣花卉层次丰富、流苏与珠串增强灵动感,荷包纹、佩饰纹、刺绣纹样、民俗纹样、吉祥纹样、生活器物纹、吉祥、祝福、护佑、亲情、生活美满、荷包、绣花、束绳、流苏、吉祥牌饰、圆满,深青、淡粉、米白、古金,香囊纹、盘长纹、牡丹纹、福字纹,https://wenyang.net/#/p/embroidered-purse-pattern,第15批_281-300_吉祥器物纹,patterns/281-300_吉祥器物纹/296_荷包纹_卡片图.jpg
297,玉佩纹,Jade Pendant Pattern,yù pèi wén,吉祥器物纹,玉佩自先秦以来长期作为礼仪和服饰佩件，历代玉器、织绣和吉祥装饰中广泛使用。,,以玉佩形态入纹，常与绳结、云纹组合，具有温润古雅之美，寓意平安、贵重与护佑。,护佑、富贵、坚贞、吉祥,平安、贵重、护佑、品德、吉祥,,玉佩常以垂挂方式排列，上部连接绳结与玉珠，下方配置流苏或小型坠饰。多个不同形制玉佩可形成散点连续纹，并以云气和金线串联。,珠宝品牌、首饰包装、高端文创、服饰纹样、品牌徽记、新中式界面装饰,玉佩形制变化丰富、通透温润的玉质感鲜明、镂雕花纹细腻、绳结与流苏构成垂直节奏,玉佩纹、玉器纹、佩饰纹、护佑纹样、平安纹样、新中式纹样、平安、贵重、护佑、品德、吉祥、玉佩、玉璧、绳结、玉珠、流苏、富贵、坚贞,深青、米白、浅金、青绿,佩饰纹、玉璧纹、盘长纹、祥云纹、如意纹,https://wenyang.net/#/p/jade-pendant-pattern,第15批_281-300_吉祥器物纹,patterns/281-300_吉祥器物纹/297_玉佩纹_卡片图.jpg
298,佩饰纹,Pendant Ornament Pattern,pèi shì wén,吉祥器物纹,历代服饰佩件和宫廷装饰中持续使用，明清宫廷佩饰、织绣和挂饰题材尤为丰富。,,以玉佩、珠串与流苏组合成纹，装饰华美而灵动，寓意华贵、守护与吉祥。,富贵、护佑、吉祥,华贵、守护、吉祥、平安、身份礼仪,,通常由绳结或珠串自上而下串联多个坠饰，玉牌、锁片和花形饰件作为视觉节点，流苏形成收束。多条佩饰可平行或错落排列，构成垂帘式纹面。,珠宝设计、时尚配饰、高端包装、服装印花、节庆视觉、博物馆衍生品,悬挂结构修长灵动、珠串形成连续节奏、玉牌与锁片造型多样、流苏和金饰增强华贵感,佩饰纹、珠串纹、流苏纹、宫廷纹样、华贵纹样、吉祥纹样、华贵、守护、吉祥、平安、身份礼仪、宫廷装饰纹、玉佩、珠串、锁片、盘长结、流苏、富贵、护佑,深青、珊瑚红、古金、米白,玉佩纹、香囊纹、荷包纹、盘长纹,https://wenyang.net/#/p/pendant-ornament-pattern,第15批_281-300_吉祥器物纹,patterns/281-300_吉祥器物纹/298_佩饰纹_卡片图.jpg
299,金银锭纹,Gold and Silver Ingot Pattern,jīn yín dìng wén,吉祥器物纹,民间财富吉祥题材长期流行，明清以来在年画、织绣和节庆装饰中尤为常见。,,以元宝和银锭组合成纹，民俗招财意味鲜明，常见于吉祥题材，寓意招财、富足与兴旺。,富贵、生机、吉祥,招财、富足、兴旺、吉庆、丰裕,,元宝和银锭以散点或聚合方式排列，古钱与珠串穿插其间，祥云作为底纹连接画面。可采用满地纹、团形纹或边饰结构。,春节视觉、金融品牌活动、礼盒包装、红包设计、商业空间、数字贴纸,元宝器形饱满醒目、金银色形成财富联想、古钱与珠串增加细节、画面繁盛而具有节庆感,金银锭纹、元宝纹、招财纹样、财富纹样、民俗吉祥纹、节庆纹样、招财、富足、兴旺、吉庆、丰裕、金元宝、银锭、古钱、珠串、祥云、富贵、生机、吉祥,金色、白色、深青、珊瑚红,聚宝盆纹、如意纹、祥云纹、盘长纹,https://wenyang.net/#/p/gold-and-silver-ingot-pattern,第15批_281-300_吉祥器物纹,patterns/281-300_吉祥器物纹/299_金银锭纹_卡片图.jpg
300,聚宝盆纹,Treasure Bowl Pattern,jù bǎo pén wén,吉祥器物纹,传统民俗财富题材中长期流行，明清年画、织绣和节庆装饰中尤为常见。,,以聚宝盆盛放珍宝、果实与钱币入纹，富足气息浓厚，寓意聚财、圆满与丰收。,富贵、圆满、生机,聚财、富足、圆满、丰收、兴旺,,通常以大型宝盆居中，盆内向上堆叠元宝、珍珠、宝石、钱币、果实和如意。盆外配置花卉、祥云、流苏和散落财宝，形成向中心汇聚的构图。,春节海报、商业促销、礼盒包装、金融活动、家居装饰、数字吉祥物,宝盆作为稳定视觉中心、珍宝与果实密集堆叠、构图饱满且向心性强、金色、玉色和暖色营造富足感,聚宝盆纹、财富纹样、招财纹样、民俗纹样、丰收纹样、吉祥器物纹、聚财、富足、圆满、丰收、兴旺、聚宝盆、元宝、钱币、珍珠宝石、吉祥果实、富贵、生机,古金、深青、珊瑚红、米白,金银锭纹、如意纹、祥云纹、石榴纹,https://wenyang.net/#/p/treasure-bowl-pattern,第15批_281-300_吉祥器物纹,patterns/281-300_吉祥器物纹/300_聚宝盆纹_卡片图.jpg
301,折枝牡丹蝶纹,Broken-Branch Peony and Butterfly Pattern,zhé zhī mǔ dān dié wén,植物花卉纹,牡丹花鸟题材自唐宋以后广泛流行，明清瓷器、织绣与民间装饰中尤为常见。,,以折枝牡丹与彩蝶组合成纹，花姿丰美、蝶态轻盈，寓意富贵繁盛、吉祥和美与春日生机。,富贵、生机、圆满、自然、吉祥,富贵、繁盛、和美、春意、吉祥,,通常由盛放牡丹、含苞花蕾、折枝叶片与一至数只蝴蝶组成。牡丹构成主要视觉重心，蝴蝶分布于花枝周围，底部或边角可配瑞草、祥云和小型折枝花卉。,婚庆视觉、高端礼盒、服饰印花、家居织物、文创包装、新中式品牌图案,牡丹层瓣饱满而富有体积感、折枝构图相对独立、留白清晰、蝴蝶姿态轻盈，增强画面动势、花枝与蝶翼形成曲直、疏密对比,牡丹纹、蝴蝶纹、折枝纹、花鸟纹、富贵纹样、吉祥纹样、富贵、繁盛、和美、春意、吉祥、花蝶纹、折枝花卉纹、折枝牡丹、花蕾、叶片、蝴蝶、瑞草、生机、圆满、自然,朱砂、青绿、米白、浅金,牡丹蝶纹、团牡丹纹、凤穿牡丹纹,https://wenyang.net/#/p/broken-branch-peony-butterfly-pattern,第16批_301-320_植物花卉纹,patterns/301-320_植物花卉纹/301_折枝牡丹蝶纹_卡片图.jpg
302,缠枝牡丹莲纹,Interlocking Peony and Lotus Pattern,chán zhī mǔ dān lián wén,植物花卉纹,缠枝花卉纹自唐宋以后持续发展，明清织绣、瓷器及宫廷装饰中尤为成熟。,,以牡丹与莲花沿卷曲枝蔓连续展开，兼具富贵与清雅气质，寓意繁盛连绵、和合圆满与吉祥。,富贵、清雅、圆满、连绵,富贵、清净、和合、连绵、圆满,,纹样以连续枝蔓为骨架，牡丹和莲花交替分布，花苞、莲蓬与翻卷叶片穿插其间。常见二方连续、四方连续、满地纹和边饰构图。,织物底纹、高端包装、墙面装饰、服装面料、文创产品、数字背景,牡丹与莲花形态相互区分又彼此呼应、藤蔓连续回旋，节奏流畅、花叶层次丰富，适合密铺纹面、整体兼具华丽与清雅气质,缠枝纹、牡丹纹、莲花纹、连续纹样、花卉纹、吉祥纹样、富贵、清净、和合、连绵、圆满、牡丹、莲花、莲蓬、卷曲藤蔓、翻卷叶片、清雅,青绿、朱砂、米白、古金,莲花卷草纹、缠枝莲纹、牡丹卷草纹、宝相花纹,https://wenyang.net/#/p/interlocking-peony-lotus-pattern,第16批_301-320_植物花卉纹,patterns/301-320_植物花卉纹/302_缠枝牡丹莲纹_卡片图.jpg
303,团牡丹纹,Peony Medallion Pattern,tuán mǔ dān wén,植物花卉纹,团花纹在隋唐织物中已十分成熟，牡丹团花在宋元明清服饰和器物装饰中持续流行。,,以牡丹为中心组成圆形团花，构图饱满对称、层次华丽，寓意富贵圆融、繁华吉庆与圆满和合。,富贵、圆满、生机、吉祥,富贵、圆满、繁盛、吉庆、和合,,中心通常设置一朵大型牡丹，外围以叶片、花蕾、小花和卷草对称环绕。外缘可加入如意云头、莲瓣或几何边框，形成层层展开的团形结构。,品牌徽章、服饰团花、包装中心纹、墙面装饰、地毯纹样、节庆视觉,中心式构图明确、牡丹花瓣层层展开、外围纹饰对称均衡、圆形轮廓完整，适合徽章和团花应用,团牡丹纹、团花纹、牡丹纹、圆形纹样、富贵纹样、对称纹样、富贵、圆满、繁盛、吉庆、和合、中心牡丹、花蕾、叶片、卷草、如意边饰、生机、吉祥,朱砂、青绿、古金、米白,团花纹、牡丹纹、牡丹卷草纹、团凤纹,https://wenyang.net/#/p/peony-medallion-pattern,第16批_301-320_植物花卉纹,patterns/301-320_植物花卉纹/303_团牡丹纹_卡片图.jpg
304,牡丹卷草纹,Peony Scroll Pattern,mǔ dān juǎn cǎo wén,植物花卉纹,卷草纹自魏晋隋唐逐渐成熟，牡丹卷草题材在唐宋以后织物和器物装饰中广泛使用。,,以牡丹与卷草相连成纹，枝叶舒展、曲线绵延，寓意富贵繁盛、生命延续与吉祥不息。,富贵、生机、连绵、吉祥,富贵、繁盛、连绵、生机、吉祥,,以S形或回旋状卷草为骨架，牡丹花头与花苞沿枝蔓交替分布，叶片向外翻卷并填补空隙，可形成二方连续、四方连续或满地纹。,包装边饰、织物印花、网页背景、家居壁纸、书籍装帧、品牌纹样系统,卷草曲线连续而富有弹性、牡丹花头形成节奏节点、枝叶翻卷、装饰性强、适合横向边饰和大面积纹面,牡丹卷草纹、牡丹纹、卷草纹、连续纹样、植物纹、富贵纹样、富贵、繁盛、连绵、生机、吉祥、牡丹、花苞、卷草、藤蔓、翻卷叶片,朱砂、青绿、浅金、米白,卷草纹、莲花卷草纹、牡丹纹、宝相花纹,https://wenyang.net/#/p/peony-scroll-pattern,第16批_301-320_植物花卉纹,patterns/301-320_植物花卉纹/304_牡丹卷草纹_卡片图.jpg
305,牡丹蝶纹,Peony Butterfly Pattern,mǔ dān dié wén,植物花卉纹,花蝶题材在宋代花鸟画以后不断丰富，明清瓷器、织绣和民间装饰中十分常见。,,以盛放牡丹和彩蝶相映成纹，花蝶呼应、色彩明丽，寓意富贵和美、春意吉祥与幸福绵长。,富贵、圆满、福气、自然、吉祥,富贵、和美、幸福、春意、吉祥,,画面多由数朵牡丹、花蕾、枝叶和不同姿态的蝴蝶组成。蝴蝶可停栖于花瓣、飞翔于枝叶之间，形成高低错落和疏密变化。,婚庆用品、美妆包装、服装印花、家居布艺、节庆插画、女性品牌视觉,牡丹花丛丰盛华美、蝴蝶颜色和翼形富有装饰性、动静结合，画面生动、适合散点花鸟和局部陈设构图,牡丹蝶纹、牡丹纹、蝴蝶纹、花鸟纹、和美纹样、春日纹样、富贵、和美、幸福、春意、吉祥、牡丹花丛、花蕾、枝叶、彩蝶、小花、圆满、福气、自然,淡粉、朱砂、青绿、米白,折枝牡丹蝶纹、牡丹纹,https://wenyang.net/#/p/peony-butterfly-pattern,第16批_301-320_植物花卉纹,patterns/301-320_植物花卉纹/305_牡丹蝶纹_卡片图.jpg
306,牡丹凤鸟纹,Peony Phoenix Bird Pattern,mǔ dān fèng niǎo wén,植物花卉纹,凤鸟与牡丹的组合在唐宋以后逐渐定型，明清宫廷织绣与民间婚庆装饰中广泛流行。,,以牡丹与凤鸟组合成纹，凤姿华美、花开富丽，寓意富贵尊荣、祥瑞和美与盛世吉庆。,富贵、生机、祥瑞、圆满、吉祥,富贵、尊荣、祥瑞、和美、吉庆,,凤鸟通常占据主要视觉位置，长尾羽沿画面展开；牡丹花头分布于凤鸟上下或两侧，祥云、卷草和花蕾用于衔接与填充。,婚礼视觉、礼服纹样、高端礼盒、文化空间、博物馆文创、品牌主视觉,凤鸟羽翼与长尾层次丰富、牡丹花头华丽饱满、构图具有向上升腾的动势、色彩常用朱砂、青绿和金色,牡丹凤鸟纹、凤凰纹、牡丹纹、瑞禽纹、富贵纹样、宫廷纹样、富贵、尊荣、祥瑞、和美、吉庆、花鸟瑞禽纹、凤鸟、牡丹、长尾羽、祥云、卷草、生机、圆满、吉祥,朱砂、青绿、金色、米白,凤穿牡丹纹、牡丹纹、团凤纹、双凤纹、龙凤呈祥纹,https://wenyang.net/#/p/peony-phoenix-bird-pattern,第16批_301-320_植物花卉纹,patterns/301-320_植物花卉纹/306_牡丹凤鸟纹_卡片图.jpg
307,牡丹瑞石纹,Peony Auspicious Rock Pattern,mǔ dān ruì shí wén,植物花卉纹,花石题材在宋代文人审美中日趋成熟，明清瓷器、屏风和庭院装饰中十分常见。,,以牡丹与瑞石相配成纹，花姿富丽、石形古雅，寓意富贵安泰、吉庆雅致与基业稳固。,富贵、护佑、坚贞、清雅、吉祥,富贵、安泰、稳固、雅趣、吉祥,,奇石通常形成纵向或斜向骨架，牡丹花枝从石侧、石后或石孔间伸展。祥云、小草和花蕾用于填补空隙，形成花石相依的庭院式构图。,庭院品牌视觉、书房装饰、文创包装、屏风壁画、高端家居、新中式插画,瑞石孔洞和皴理细节丰富、牡丹花团与石体形成软硬对比、构图具有庭院陈设气息、整体古雅稳重而不失华丽,牡丹瑞石纹、牡丹纹、瑞石纹、花石纹、庭院纹样、吉祥纹样、富贵、安泰、稳固、雅趣、吉祥、牡丹、瑞石、花蕾、祥云、庭草、护佑、坚贞、清雅,朱砂、石青、青绿、浅金,牡丹寿石纹、牡丹纹,https://wenyang.net/#/p/peony-auspicious-rock-pattern,第16批_301-320_植物花卉纹,patterns/301-320_植物花卉纹/307_牡丹瑞石纹_卡片图.jpg
308,牡丹寿石纹,Peony Longevity Rock Pattern,mǔ dān shòu shí wén,植物花卉纹,牡丹寿石题材在明清祝寿绘画、瓷器和织绣中尤为常见。,,以牡丹与寿石相映成纹，花石相依、稳重华美，寓意富贵长春、福寿安宁与家业长久。,富贵、长寿、护佑、坚贞,富贵、长寿、安宁、长春、稳固,,寿石通常为画面骨架，牡丹花枝从石侧伸展，花头分布于上中下不同位置。底部可配海水、祥云、灵芝或庭草，强化福寿寓意。,祝寿礼盒、家居屏风、长辈礼品、文化海报、瓷器设计、新中式空间,寿石纵向延伸，构图稳定、牡丹花团柔美丰盛、石孔与花叶形成丰富穿插、兼具富丽、稳重和寿意,牡丹寿石纹、寿石纹、牡丹纹、福寿纹样、祝寿纹样、庭院纹样、富贵、长寿、安宁、长春、稳固、牡丹、寿石、花蕾、祥云、海水或庭草、护佑、坚贞,朱砂、青绿、银灰、米白,牡丹瑞石纹、牡丹纹,https://wenyang.net/#/p/peony-longevity-rock-pattern,第16批_301-320_植物花卉纹,patterns/301-320_植物花卉纹/308_牡丹寿石纹_卡片图.jpg
309,牡丹宝瓶纹,Peony Treasure Vase Pattern,mǔ dān bǎo píng wén,植物花卉纹,瓶花清供题材在宋元以后日益丰富，明清瓷器、织绣和室内陈设中尤为常见。,,以牡丹插入宝瓶或环绕宝瓶成纹，器花相映、华雅端庄，寓意富贵平安、福泽丰盈与吉庆圆满。,富贵、护佑、福气、圆满,富贵、平安、福泽、丰盈、圆满,,宝瓶多居于中心，牡丹花枝从瓶口向上展开，也可环绕瓶身分布。绶带、盘长结、祥云和如意纹常作为辅助元素，形成稳定的中轴式构图。,平安礼盒、家居装饰、花器品牌、节庆包装、婚礼用品、文创产品,宝瓶居中，构图端庄稳定、牡丹花枝向上舒展、瓶身常饰团花、寿字或缠枝纹、器物与花卉结合，层次华丽,牡丹宝瓶纹、宝瓶纹、牡丹纹、清供纹、平安纹样、富贵纹样、富贵、平安、福泽、丰盈、圆满、宝瓶、牡丹、花蕾、绶带、盘长结、护佑、福气,青绿、朱砂、古金、米白,宝瓶纹、牡丹纹,https://wenyang.net/#/p/peony-treasure-vase-pattern,第16批_301-320_植物花卉纹,patterns/301-320_植物花卉纹/309_牡丹宝瓶纹_卡片图.jpg
310,莲花卷草纹,Lotus Scroll Pattern,lián huā juǎn cǎo wén,植物花卉纹,莲花与卷草组合自魏晋南北朝至隋唐逐渐成熟，宋元明清器物和建筑装饰中持续流行。,,以莲花、莲蓬与卷草连续组成，线条清雅舒展，寓意清净和合、连绵不断与生生不息。,清雅、圆满、连绵、生机、吉祥,清净、和合、连绵、生生不息、吉祥,,通常以连续卷曲枝蔓为骨架，莲花、花苞和莲蓬沿枝蔓分布，荷叶与卷草叶交替穿插。常见二方连续、四方连续、边饰和满地纹。,禅意品牌、茶香包装、服饰底纹、网页背景、博物馆文创、新中式空间,莲花瓣形舒展清雅、卷草曲线连续流动、莲蓬与荷叶增强识别度、纹面富有节奏与延展性,莲花卷草纹、莲花纹、卷草纹、连续纹样、佛教纹样、清雅纹样、清净、和合、连绵、生生不息、吉祥、莲花、莲蓬、荷叶、卷草、花苞、清雅、圆满、生机,淡粉、青绿、米白、浅金,缠枝莲纹、卷草纹、莲瓣纹、宝相花纹,https://wenyang.net/#/p/lotus-scroll-pattern,第16批_301-320_植物花卉纹,patterns/301-320_植物花卉纹/310_莲花卷草纹_卡片图.jpg
311,莲花团寿纹,Lotus and Longevity Medallion Pattern,lián huā tuán shòu wén,植物花卉纹,莲花与寿字组合在明清瓷器、织绣、家具和祝寿题材中较为常见。,,以莲花围绕团寿字组成圆形纹样，构图庄重圆满，寓意清净和合、福寿绵长与吉祥圆满。,清雅、圆满、长寿、福气,清净、和合、长寿、福泽、圆满,,以团寿字作为中心，外围环绕莲花、荷叶、花苞、卷草和如意云头。纹样多采用中轴对称或四向对称结构，可形成团花、徽章或器物中心纹。,祝寿礼盒、长辈礼品、品牌徽章、服饰团花、家居软装、节庆海报,中心寿字识别明确、莲花与荷叶对称分布、团形轮廓完整稳定、青绿、朱砂与浅金层次典雅,莲花团寿纹、莲花纹、寿字纹、团花纹、祝寿纹样、圆形纹样、清净、和合、长寿、福泽、圆满、团寿纹、圆形吉祥纹、莲花、荷叶、团寿字、花苞、如意云头、清雅、福气,青绿、朱砂、浅金、米白,团寿纹、寿字纹、团花纹、莲花如意纹,https://wenyang.net/#/p/lotus-longevity-medallion-pattern,第16批_301-320_植物花卉纹,patterns/301-320_植物花卉纹/311_莲花团寿纹_卡片图.jpg
312,莲花水波纹,Lotus and Water-Wave Pattern,lián huā shuǐ bō wén,植物花卉纹,莲花水景题材自宋元花鸟画与瓷器装饰中不断发展，明清器物和织绣中尤为丰富。,,以莲花、荷叶与层叠水波组合成纹，花水相映、动静相生，寓意清净和合、生机连绵与福泽流转。,清雅、圆满、生机、连绵、福气,清净、和合、生机、连绵、福泽,,莲花与荷叶分布于水波之间，花茎从波浪中向上伸展，浪头与涟漪环绕花叶。构图可采用横向连续、满地纹或局部景物形式。,茶饮包装、夏季海报、服饰边饰、网页背景、家居织物、文化空间装饰,莲花花瓣舒展清雅、水波线条翻卷流动、荷叶与浪花形成疏密变化、青绿与淡粉形成清润水景感,莲花水波纹、莲花纹、水波纹、自然景物纹、清雅纹样、连续纹样、清净、和合、生机、连绵、福泽、莲花、荷叶、莲蓬、水波、花苞、清雅、圆满、福气,青绿、靛蓝、淡粉、米白,荷塘莲纹、莲花卷草纹,https://wenyang.net/#/p/lotus-water-wave-pattern,第16批_301-320_植物花卉纹,patterns/301-320_植物花卉纹/312_莲花水波纹_卡片图.jpg
313,并蒂莲纹,Twin-Stem Lotus Pattern,bìng dì lián wén,植物花卉纹,并蒂莲作为和合意象在宋元以后广泛使用，明清婚庆织绣和器物装饰中尤为常见。,,以同一花茎生出两朵莲花组成纹样，双花并蒂、相依相映，寓意夫妻和合、同心同德与连生吉祥。,圆满、富贵、吉祥,和合、同心、婚姻美满、连生、吉祥,,两朵莲花并列或相向开放，共用或交缠花茎，周围配荷叶、花苞、卷草和如意纹。构图常采用左右对称或中轴对称。,婚礼请柬、婚庆礼盒、情侣首饰、服饰印花、家居织物、爱情主题插画,双莲并生，主题识别鲜明、花茎交缠形成和合意象、对称构图稳定而柔美、常配如意云头与卷草边饰,并蒂莲纹、莲花纹、婚庆纹样、和合纹样、双花纹、吉祥纹样、和合、同心、婚姻美满、连生、吉祥、并蒂莲、双花茎、荷叶、花苞、如意卷草、圆满、富贵,淡粉、青绿、米白、浅金,双莲纹,https://wenyang.net/#/p/twin-stem-lotus-pattern,第16批_301-320_植物花卉纹,patterns/301-320_植物花卉纹/313_并蒂莲纹_卡片图.jpg
314,双莲纹,Twin Lotus Pattern,shuāng lián wén,植物花卉纹,双莲题材在历代花鸟画、瓷器和织绣装饰中持续使用，明清吉祥纹样中较为常见。,,以两朵莲花相对或相伴组成纹样，双莲呼应、构图均衡，寓意清净和合、成双成美与圆满吉祥。,清雅、圆满、吉祥,清净、和合、成双、圆满、吉祥,,两朵莲花围绕中轴排列，配荷叶、莲蓬、花苞、团寿字或卷草边饰。常采用左右对称、上下对称或团形构图。,婚庆视觉、服饰团花、礼品包装、徽章设计、墙面装饰、数字图案,双花对称或呼应、构图均衡完整、莲花、荷叶与卷草层次清楚、适合团花和器物中心纹,双莲纹、莲花纹、双花纹、和合纹样、对称纹样、吉祥纹样、清净、和合、成双、圆满、吉祥、双莲、荷叶、莲蓬、花苞、团寿或卷草、清雅,淡粉、青绿、浅金、米白,并蒂莲纹、莲花团寿纹、莲花如意纹,https://wenyang.net/#/p/twin-lotus-pattern,第16批_301-320_植物花卉纹,patterns/301-320_植物花卉纹/314_双莲纹_卡片图.jpg
315,莲花宝相纹,Lotus Baoxiang Floral Pattern,lián huā bǎo xiàng wén,植物花卉纹,宝相花在隋唐佛教艺术和织物中高度成熟，莲花宝相题材后续在宋元明清持续使用。,,以莲花与宝相花结构融合成纹，层瓣华丽、构图庄严，寓意清净庄严、吉祥圆满与富贵祥瑞。,清雅、威仪、吉祥、圆满、富贵,清净、庄严、吉祥、圆满、富贵,,以多层宝相花为中心，中央嵌入莲花或莲瓣，外围配置花苞、卷草、如意云头和对称叶片。可形成团花、连续纹或佛教器物中心纹。,寺院文创、博物馆衍生品、高端包装、空间壁画、服饰团花、品牌纹章,多层花瓣呈放射结构、莲花与宝相花融合明显、构图高度对称庄严、青绿、浅金与淡粉层次华丽,莲花宝相纹、宝相花纹、莲花纹、佛教纹样、团花纹、庄严纹样、清净、庄严、吉祥、圆满、富贵、佛教装饰纹、莲花、宝相花、多层花瓣、卷草、如意云头、清雅、威仪,青绿、浅金、淡粉、米白,宝相花纹、莲花法轮纹,https://wenyang.net/#/p/lotus-baoxiang-floral-pattern,第16批_301-320_植物花卉纹,patterns/301-320_植物花卉纹/315_莲花宝相纹_卡片图.jpg
316,莲花法轮纹,Lotus Dharma Wheel Pattern,lián huā fǎ lún wén,植物花卉纹,莲花与法轮组合在佛教艺术传入中国后广泛使用，隋唐以来壁画、法器与建筑装饰中尤为常见。,,以莲花与法轮组合成纹，法轮居中、莲花环绕，寓意清净智慧、秩序井然与吉祥圆满。,清雅、祥瑞、秩序、圆满,清净、智慧、秩序、圆满,,法轮通常位于中央，莲花分布于上、下或四周，荷叶与卷草沿轮缘延展。如意云头、莲瓣和宝珠可作为辅助边饰。,宗教文化展览、寺院文创、禅修空间、书籍装帧、品牌徽章、数字图案,法轮圆形结构清晰、轮辐具有秩序与放射感、莲花环绕形成庄严对称、整体适合团形和中轴构图,莲花法轮纹、法轮纹、莲花纹、佛教纹样、法器纹、庄严纹样、清净、智慧、秩序、圆满、佛教法器纹、法轮、莲花、荷叶、花苞、如意卷草、清雅、祥瑞,青绿、古金、朱砂、米白,莲花宝相纹,https://wenyang.net/#/p/lotus-dharma-wheel-pattern,第16批_301-320_植物花卉纹,patterns/301-320_植物花卉纹/316_莲花法轮纹_卡片图.jpg
317,莲花如意纹,Lotus Ruyi Pattern,lián huā rú yì wén,植物花卉纹,如意纹在明清吉祥装饰中广泛使用，与莲花组合常见于瓷器、织绣和家具纹样。,,以莲花与如意云头组合成纹，曲线柔和、花形清雅，寓意清净吉祥、称心顺遂与和美如意。,清雅、吉祥、圆满,清净、吉祥、如意、顺遂、和美,,莲花位于纹样主要节点，如意头和卷草形成连续框架，荷叶、花苞和小花填充其间。可采用上下连续、左右对称或团形结构。,新年礼盒、婚庆用品、品牌边饰、服饰面料、家居织物、网页背景,如意头轮廓圆润明确、莲花分布于主要视觉节点、卷曲枝蔓柔和连贯、构图清雅而富有吉祥感,莲花如意纹、莲花纹、如意纹、吉祥组合纹、顺遂纹样、连续纹样、清净、吉祥、如意、顺遂、和美、莲花、如意头、荷叶、花苞、卷草、清雅、圆满,青绿、淡粉、浅金、米白,如意纹、莲花团寿纹、如意云纹,https://wenyang.net/#/p/lotus-ruyi-pattern,第16批_301-320_植物花卉纹,patterns/301-320_植物花卉纹/317_莲花如意纹_卡片图.jpg
318,荷塘莲纹,Lotus Pond Pattern,hé táng lián wén,植物花卉纹,荷塘题材在宋代花鸟画与瓷器装饰中十分成熟，元明清器物、绘画和织绣中持续流行。,,以荷塘中的莲花、荷叶、莲蓬与水面组成景物纹样，寓意清净和合、生生不息与自然雅趣。,清雅、圆满、生机,清净、和合、生机、自然雅趣、生生不息,,近景配置大型莲花和荷叶，中远景加入莲蓬、花苞、水草和层叠水纹。画面可采用上下景深或散点布局，形成荷塘景物的自然节奏。,夏季视觉、茶空间、家居壁画、服装印花、文创插画、数字背景,荷塘景深和空间层次明显、莲花、荷叶与莲蓬形态丰富、水纹细密柔和、整体具有清润、宁静的绘画感,荷塘莲纹、莲花纹、荷塘纹、水景纹、自然景物纹、清雅纹样、清净、和合、生机、自然雅趣、生生不息、荷塘景物纹、莲花、荷叶、莲蓬、水波、水草、清雅、圆满,青绿、淡粉、深蓝、米白,莲花水波纹,https://wenyang.net/#/p/lotus-pond-pattern,第16批_301-320_植物花卉纹,patterns/301-320_植物花卉纹/318_荷塘莲纹_卡片图.jpg
319,菊花团纹,Chrysanthemum Medallion Pattern,jú huā tuán wén,植物花卉纹,菊花纹在宋代以后广泛用于瓷器和织绣，明清团花纹样中尤为常见。,,以菊花为中心组成圆形团花，花瓣层叠、构图端庄，寓意长寿清雅、坚贞高洁与圆满吉祥。,长寿、清雅、坚贞、圆满,长寿、清雅、坚贞、高洁、圆满,,中心设置大型菊花，外围由小菊、花蕾、叶片、卷草和如意边框对称环绕。可采用放射式、多层团花或中心徽章结构。,祝寿礼品、服饰团花、品牌徽章、墙面装饰、包装中心纹、书籍封面,菊花细长花瓣层次丰富、团形轮廓完整集中、外围叶片和卷草对称均衡、适合圆形徽章和织绣团花,菊花团纹、菊花纹、团花纹、长寿纹样、清雅纹样、圆形纹样、长寿、清雅、坚贞、高洁、圆满、中心菊花、小菊、花蕾、卷草、团花边框,米白、青绿、浅金、赭石,菊花卷草纹、菊花寿字纹、团花纹,https://wenyang.net/#/p/chrysanthemum-medallion-pattern,第16批_301-320_植物花卉纹,patterns/301-320_植物花卉纹/319_菊花团纹_卡片图.jpg
320,菊花卷草纹,Chrysanthemum Scroll Pattern,jú huā juǎn cǎo wén,植物花卉纹,菊花与卷草的组合在宋元以后持续发展，明清织物、器物和家具装饰中广泛使用。,,以菊花与卷草相连成纹，枝蔓舒展、花形清雅，寓意长寿坚贞、清雅高洁与生命绵延。,长寿、坚贞、清雅、连绵,长寿、坚贞、清雅、高洁、绵延,,卷草枝蔓呈S形或回旋形连续展开，菊花、花苞和叶片沿枝蔓交替分布。可形成二方连续、四方连续、边饰或满地纹。,服饰底纹、包装边饰、家居壁纸、网页背景、书籍装帧、文化礼品,菊花瓣形细密舒展、卷草线条连续流畅、花头与花苞形成规律节奏、适合长条边饰和大面积锦地,菊花卷草纹、菊花纹、卷草纹、连续纹样、长寿纹样、植物纹、长寿、坚贞、清雅、高洁、绵延、菊花、花苞、卷草、藤蔓、菊叶、连绵,浅金、朱砂、青绿、米白,菊花团纹、卷草纹、菊花寿字纹,https://wenyang.net/#/p/chrysanthemum-scroll-pattern,第16批_301-320_植物花卉纹,patterns/301-320_植物花卉纹/320_菊花卷草纹_卡片图.jpg
321,菊花寿字纹,Chrysanthemum and Longevity Character Pattern,jú huā shòu zì wén,植物花卉纹,菊花与寿字组合在明清瓷器、织绣、家具和祝寿用品中尤为常见。,,以菊花与寿字组合成纹，花寿相映、构图端庄，寓意长寿安康、清雅坚贞与福泽绵长。,长寿、护佑、清雅、坚贞、福气,长寿、安康、清雅、坚贞、福泽,,以团寿字作为视觉中心，菊花与卷曲枝叶分布于上下或四周，小菊、花苞和如意云头用于补充层次。可形成团花、边饰或满地连续纹。,祝寿礼盒、长辈礼品、寿宴视觉、服饰团花、家居软装、品牌徽章,寿字中心明确，识别度高、菊花层瓣细密舒展、花叶与寿字形成对称秩序、浅金、青绿与米白呈现祝寿雅意,菊花寿字纹、菊花纹、寿字纹、祝寿纹样、长寿纹样、团花纹、长寿、安康、清雅、坚贞、福泽、菊花、菊叶、寿字、花苞、如意卷草、护佑、福气,浅金、青绿、米白、赭石,团寿纹,https://wenyang.net/#/p/chrysanthemum-longevity-character-pattern,第17批_321-340_植物花卉纹,patterns/321-340_植物花卉纹/321_菊花寿字纹_卡片图.jpg
322,菊花蝶纹,Chrysanthemum Butterfly Pattern,jú huā dié wén,植物花卉纹,花蝶纹自宋代花鸟画后不断发展，菊蝶组合在明清瓷器和织绣中较为常见。,,以菊花与彩蝶组合成纹，花蝶相映、轻盈雅致，寓意长寿清雅、生机和美与秋日吉祥。,长寿、清雅、生机、圆满、吉祥,长寿、清雅、生机、和美、吉祥,,菊花花头高低错落分布，蝴蝶穿行或停栖于花叶之间，卷草和小花补充纹面。可采用散点、折枝或连续布局。,秋季海报、服饰印花、美妆包装、家居布艺、节庆插画、礼品设计,菊花瓣形细密而层次丰富、彩蝶翼形精致，提供动态变化、花叶与蝶翼形成疏密对比、整体清雅明快、富有秋日气息,菊花蝶纹、菊花纹、蝴蝶纹、花鸟纹、长寿纹样、秋日纹样、长寿、清雅、生机、和美、吉祥、菊花、菊叶、彩蝶、花苞、卷草、圆满,浅金、朱砂、青绿、米白,,https://wenyang.net/#/p/chrysanthemum-butterfly-pattern,第17批_321-340_植物花卉纹,patterns/321-340_植物花卉纹/322_菊花蝶纹_卡片图.jpg
323,菊花篱纹,Chrysanthemum and Fence Pattern,jú huā lí wén,植物花卉纹,菊篱题材与文人文化关系密切，宋元以后绘画和器物中持续出现，明清尤为流行。,,以菊花与篱笆景物组合成纹，花篱相依、意境闲逸，寓意长寿清雅、淡泊坚贞与田园雅趣。,长寿、清雅、坚贞,长寿、清雅、淡泊、坚贞、闲逸,,篱笆作为横向或纵向骨架，菊花从栏格内外穿插生长，花叶、寿字牌饰和庭草补充画面，可采用庭院式或连续景物式构图。,书房装饰、庭院品牌视觉、茶空间、文创包装、屏风壁画、秋季主题设计,篱笆结构规整，形成空间层次、菊花穿插栏格，动静相生、花叶与木构形成软硬对比、整体具有园林和文人雅趣,菊花篱纹、菊花纹、园林纹样、文人纹样、长寿纹样、景物纹、长寿、清雅、淡泊、坚贞、闲逸、园林景物纹、菊花、菊叶、篱笆、寿字牌饰、庭草,浅金、青绿、米白、墨褐,菊花纹,https://wenyang.net/#/p/chrysanthemum-fence-pattern,第17批_321-340_植物花卉纹,patterns/321-340_植物花卉纹/323_菊花篱纹_卡片图.jpg
324,梅枝报春纹,Plum Blossoms Heralding Spring Pattern,méi zhī bào chūn wén,植物花卉纹,梅花自宋代以来成为重要文人题材，明清瓷器、绘画和岁朝装饰中广泛使用。,,以寒梅初绽的枝干表现报春意象，花姿清峻、枝干遒劲，寓意高洁坚韧、迎春新生与吉祥希望。,清雅、坚贞、自然、生机、升腾,高洁、坚韧、报春、新生、希望,,主干斜向或纵向伸展，枝梢分布花蕾与五瓣梅花，寿字、祥云或小草可作为辅助。构图强调留白、枝势与花朵疏密。,春节海报、节气视觉、茶香包装、书籍封面、家居壁画、文创产品,梅枝苍劲曲折、花朵与花蕾疏密自然、留白较多，气质清峻、枝势向上，具有报春动势,梅枝报春纹、梅花纹、报春纹样、岁时纹样、高洁纹样、文人纹样、高洁、坚韧、报春、新生、希望、梅枝、梅花、花蕾、寿字或祥云、庭草、清雅、坚贞、自然、生机、升腾,米白、朱砂、青绿、浅金,梅花纹、梅花喜鹊纹、岁寒三友纹,https://wenyang.net/#/p/plum-blossoms-heralding-spring-pattern,第17批_321-340_植物花卉纹,patterns/321-340_植物花卉纹/324_梅枝报春纹_卡片图.jpg
325,梅花喜鹊纹,Magpie and Plum Blossom Pattern,méi huā xǐ què wén,植物花卉纹,喜鹊登梅和喜上眉梢题材在明清民间吉祥艺术中十分流行。,,以梅花与喜鹊组合成纹，鹊栖梅梢、花开报春，寓意喜上眉梢、吉庆临门与春回大地。,吉祥、自然、圆满,喜庆、报喜、春信、吉祥、和美,,梅枝形成主要骨架，一只或两只喜鹊停栖、回望或飞翔于花枝之间，喜字牌饰、祥云和流苏常作为吉庆辅助元素。,春节视觉、婚庆礼盒、乔迁礼品、家居装饰、品牌插画、数字贴纸,梅枝斜向伸展，构图自然、喜鹊黑白羽色对比鲜明、花朵与鸟姿形成动静呼应、喜字与祥云强化吉庆气氛,梅花喜鹊纹、喜鹊纹、梅花纹、喜庆纹样、报春纹样、花鸟纹、喜庆、报喜、春信、吉祥、和美、吉祥花鸟纹、梅枝、梅花、喜鹊、喜字牌饰、祥云流苏、自然、圆满,朱砂、米白、深青、青绿,梅枝报春纹、梅花纹,https://wenyang.net/#/p/magpie-plum-blossom-pattern,第17批_321-340_植物花卉纹,patterns/321-340_植物花卉纹/325_梅花喜鹊纹_卡片图.jpg
326,梅竹双清纹,Plum and Bamboo Pattern,méi zhú shuāng qīng wén,植物花卉纹,梅竹组合在宋元以来文人画和器物装饰中长期流行，明清尤为常见。,,以梅花与翠竹组合成纹，花枝清峻、竹叶挺拔，寓意高洁坚韧、平安有节与双清雅韵。,清雅、坚贞、护佑,高洁、坚韧、平安、高节、清雅,,梅枝与竹竿相互穿插，梅花和花蕾分布于曲折枝条，竹叶成簇伸展。清字牌饰、祥云和庭石可作为辅助元素。,书房品牌、茶文化包装、文具设计、家居屏风、服饰印花、书籍封面,梅枝曲折与竹竿挺拔形成对比、花朵与竹叶疏密有致、构图清峻雅正、青绿、米白与淡朱配色克制,梅竹双清纹、梅花纹、竹纹、君子纹样、文人纹样、清雅纹样、高洁、坚韧、平安、高节、清雅、梅花、梅枝、竹竿、竹叶、清字牌饰、坚贞、护佑,青绿、米白、朱砂、墨黑,岁寒三友纹、梅兰竹菊纹、梅花纹、竹节平安纹,https://wenyang.net/#/p/plum-bamboo-pattern,第17批_321-340_植物花卉纹,patterns/321-340_植物花卉纹/326_梅竹双清纹_卡片图.jpg
327,梅兰竹菊纹,Four Gentlemen Pattern,méi lán zhú jú wén,植物花卉纹,四君子题材在宋元文人画中逐渐形成，明清书画、瓷器和文房装饰中广泛流行。,,以梅、兰、竹、菊四种植物组合成纹，四时相映、品格各具，寓意高洁坚贞、幽雅有节与君子风骨。,清雅、坚贞,高洁、幽雅、坚贞、高节、君子风骨,,梅枝、兰草、竹竿和菊花分别占据画面不同区域，可采用四分式、环绕式或自然景物式布局，寿字、瑞石和卷草用于衔接。,文化机构视觉、文具套装、茶礼包装、书房装饰、教育文创、品牌图案系统,四种植物形态辨识清楚、枝、叶、花形成丰富线性节奏、四时植物组合具有完整寓意、构图文雅、层次丰富而不过度繁密,梅兰竹菊纹、四君子纹、文人纹样、植物组合纹、君子纹样、清雅纹样、高洁、幽雅、坚贞、高节、君子风骨、梅花、兰草、竹子、菊花、寿字或瑞石、清雅,青绿、米白、朱砂、浅金,梅竹双清纹、岁寒三友纹、菊花纹,https://wenyang.net/#/p/four-gentlemen-pattern,第17批_321-340_植物花卉纹,patterns/321-340_植物花卉纹/327_梅兰竹菊纹_卡片图.jpg
328,兰花水仙纹,Orchid Narcissus Pattern,lán huā shuǐ xiān wén,植物花卉纹,兰花与水仙在宋元以后成为重要文人花卉，明清岁朝清供和瓷器装饰中常见。,,以兰花与水仙组合成纹，叶姿修长、花形清秀，寓意高洁幽雅、迎春吉祥与文人清供。,清雅、自然、吉祥,高洁、幽雅、迎春、吉祥、文人雅趣,,兰叶和水仙叶形成修长曲线，兰花与水仙花高低错落分布，清字、春字、寿字或如意边饰可作为辅助。,春节礼盒、香氛包装、书房装饰、茶文化产品、服饰印花、节气海报,叶片修长流畅，线条感强、兰花与水仙花形区分明确、留白充足，气质幽雅、青绿、米白与淡金形成清供感,兰花水仙纹、兰花纹、水仙纹、清供纹样、迎春纹样、文人纹样、高洁、幽雅、迎春、吉祥、文人雅趣、清供花卉纹、兰花、兰叶、水仙花、水仙叶、清字或春字牌饰、清雅、自然,青绿、米白、浅金,兰草蝶纹、梅兰竹菊纹,https://wenyang.net/#/p/orchid-narcissus-pattern,第17批_321-340_植物花卉纹,patterns/321-340_植物花卉纹/328_兰花水仙纹_卡片图.jpg
329,兰草蝶纹,Orchid Grass Butterfly Pattern,lán cǎo dié wén,植物花卉纹,兰草与草虫题材在宋元花鸟画中不断发展，明清瓷器、织绣和文房装饰中常见。,,以兰草与彩蝶组合成纹，兰叶舒展、蝶姿轻盈，寓意高洁幽雅、生机灵动与和美吉祥。,清雅、生机、祥瑞、圆满,高洁、幽雅、生机、灵动、和美,,兰叶自下向上成簇展开，兰花分布于叶间，彩蝶飞舞或停栖于花叶周围。卷草、如意边饰和小花可用于补充纹面。,女性品牌视觉、服饰印花、香氛包装、家居织物、文创插画、春夏海报,兰叶长线柔韧、节奏清晰、蝴蝶翼形精致，形成动态焦点、花叶与蝶姿疏密平衡、整体轻盈幽雅、自然生动,兰草蝶纹、兰花纹、蝴蝶纹、草虫纹、文人纹样、清雅纹样、高洁、幽雅、生机、灵动、和美、草虫花鸟纹、兰草、兰花、兰叶、彩蝶、卷草边饰、清雅、祥瑞、圆满,青绿、米白、朱砂、浅金,兰花水仙纹、兰草纹,https://wenyang.net/#/p/orchid-grass-butterfly-pattern,第17批_321-340_植物花卉纹,patterns/321-340_植物花卉纹/329_兰草蝶纹_卡片图.jpg
330,竹节平安纹,Bamboo Joint and Peace Pattern,zhú jié píng ān wén,植物花卉纹,竹报平安和竹节吉祥题材在明清民间装饰、瓷器和织绣中广泛使用。,,以竹节、竹叶与平安字样组合成纹，竹姿挺拔、节节向上，寓意平安顺遂、高节坚韧与步步提升。,护佑、清雅、坚贞、升腾、吉祥,平安、高节、坚韧、进步、顺遂,,多根竹竿纵向排列，竹节形成明确节奏，竹叶分布于两侧。平安牌饰、盘长结、寿字和流苏用于强化吉祥含义。,乔迁礼品、平安礼盒、教育品牌、办公空间、服饰印花、新年视觉,竹节连续清晰，向上动势明显、竹叶修长、疏密有致、平安字牌形成视觉中心、青绿与浅金呈现端庄吉庆感,竹节平安纹、竹纹、平安纹样、君子纹样、节节高纹样、吉祥纹样、平安、高节、坚韧、进步、顺遂、竹竿、竹节、竹叶、平安字牌、盘长结与流苏、护佑、清雅、坚贞、升腾、吉祥,青绿、浅金、米白、朱砂,梅竹双清纹、盘长纹,https://wenyang.net/#/p/bamboo-joint-peace-pattern,第17批_321-340_植物花卉纹,patterns/321-340_植物花卉纹/330_竹节平安纹_卡片图.jpg
331,竹叶云纹,Bamboo Leaves and Clouds Pattern,zhú yè yún wén,植物花卉纹,竹纹与云纹在历代器物和织绣中长期使用，明清文人装饰和宫廷纹样中尤为常见。,,以竹叶与祥云组合成纹，竹叶清劲、云气流动，寓意平安高节、坚韧常青与祥瑞升腾。,护佑、清雅、坚贞、长寿、祥瑞,平安、高节、坚韧、常青、祥瑞,,竹枝纵向或斜向伸展，竹叶成簇分布，祥云穿插于竹枝之间。珠串、流苏和小型如意结可作为辅助元素，形成疏密相间的连续或散点构图。,书房品牌、茶文化包装、服饰印花、网页背景、家居织物、文化礼品,竹叶修长清劲，方向变化丰富、祥云圆润流动，柔化竹枝线条、竹叶与云气形成动静对比、青绿与浅金配色清雅祥和,竹叶云纹、竹纹、祥云纹、平安纹样、君子纹样、清雅纹样、平安、高节、坚韧、常青、祥瑞、云纹、竹叶、竹枝、祥云、珠串、流苏、护佑、清雅、坚贞、长寿,青绿、浅金、米白、淡蓝,竹节平安纹、竹石纹、祥云纹、梅竹双清纹、松竹纹,https://wenyang.net/#/p/bamboo-leaves-clouds-pattern,第17批_321-340_植物花卉纹,patterns/321-340_植物花卉纹/331_竹叶云纹_卡片图.jpg
332,竹石纹,Bamboo and Rock Pattern,zhú shí wén,植物花卉纹,竹石题材在宋元文人画中已十分成熟，明清瓷器、屏风和庭院装饰中广泛使用。,,以翠竹与奇石组合成纹，竹姿挺拔、石形古雅，寓意平安高节、坚韧不屈与文人雅趣。,护佑、清雅、坚贞,平安、高节、坚韧、稳定、雅趣,,奇石位于画面中下部作为稳定骨架，竹竿从石后或石孔间伸展，竹叶向四周分布，祥云、兰草或小花可作为辅助。,书房空间、文具包装、家居屏风、茶文化视觉、书籍封面、艺术文创,竹竿挺拔，竹叶疏密有致、奇石孔洞和皴理层次丰富、植物与石体形成软硬对比、构图清峻稳定、文人气息浓厚,竹石纹、竹纹、奇石纹、文人纹样、君子纹样、清雅纹样、平安、高节、坚韧、稳定、雅趣、竹竿、竹叶、奇石、祥云、庭草、护佑、清雅、坚贞,青绿、石青、米白、浅金,竹叶云纹、梅竹双清纹、松石纹、竹节平安纹,https://wenyang.net/#/p/bamboo-rock-pattern,第17批_321-340_植物花卉纹,patterns/321-340_植物花卉纹/332_竹石纹_卡片图.jpg
333,松鹤纹,Pine and Crane Pattern,sōng hè wén,植物花卉纹,松鹤题材自宋元以来广泛流行，明清祝寿绘画、瓷器和织绣中尤为常见。,,以苍松与仙鹤组合成纹，松姿苍劲、鹤态悠然，寓意长寿坚贞、常青不老与清雅祥瑞。,长寿、坚贞、清雅、祥瑞,长寿、坚贞、常青、高洁、祥瑞,,松树形成画面主要骨架，一只或两只仙鹤立于松下、枝间或祥云之上。松针、松果、云气和山石用于丰富层次。,祝寿礼盒、长辈礼品、家居屏风、寿宴视觉、文化海报、博物馆文创,松干苍劲曲折，松针细密、仙鹤姿态修长优雅、松枝与鹤身形成纵向节奏、构图清雅庄重，祝寿寓意鲜明,松鹤纹、松纹、仙鹤纹、长寿纹样、祝寿纹样、祥瑞纹样、长寿、坚贞、常青、高洁、祥瑞、松树、松针、仙鹤、祥云、松果、清雅,墨绿、米白、浅金、赭石,松鹿纹、松石纹、岁寒三友纹,https://wenyang.net/#/p/pine-crane-pattern,第17批_321-340_植物花卉纹,patterns/321-340_植物花卉纹/333_松鹤纹_卡片图.jpg
334,松鹿纹,Pine and Deer Pattern,sōng lù wén,植物花卉纹,松鹿组合在明清祝寿画、瓷器和民间吉祥装饰中十分常见。,,以松树与瑞鹿组合成纹，松影清苍、鹿姿安和，寓意长寿福禄、坚贞常青与祥瑞安泰。,长寿、福气、坚贞、护佑,长寿、福禄、坚贞、常青、安泰,,松树自一侧或上方伸展，瑞鹿立于松下、山石或祥云之间，常配灵芝、流苏、山花与卷云。,祝寿礼盒、乔迁礼品、家居壁画、文化包装、养老品牌视觉、节庆海报,松干遒劲，松针层层展开、瑞鹿姿态温和安定、山石、云气增强空间层次、整体清雅祥和、福禄寓意明确,松鹿纹、松纹、鹿纹、福禄纹样、长寿纹样、吉祥纹样、长寿、福禄、坚贞、常青、安泰、松树、瑞鹿、山石、祥云、流苏、福气、护佑,墨绿、赭石、米白、浅金,松鹤纹、鹿纹、松石纹,https://wenyang.net/#/p/pine-deer-pattern,第17批_321-340_植物花卉纹,patterns/321-340_植物花卉纹/334_松鹿纹_卡片图.jpg
335,松石纹,Pine and Rock Pattern,sōng shí wén,植物花卉纹,松石题材在宋元文人画中逐渐成熟，明清瓷器、屏风和园林艺术中广泛使用。,,以苍松与奇石组合成纹，松枝盘曲、石形古雅，寓意长寿坚贞、根基稳固与清雅常青。,长寿、坚贞、清雅,长寿、坚贞、稳固、常青、雅趣,,奇石位于画面中心或下部，松干盘曲穿绕石体，松针向上或向外展开，祥云、小花和庭草用于填充空间。,书房装饰、长寿礼品、家居屏风、文化包装、艺术海报、新中式空间,松干苍劲，枝条盘曲、奇石孔洞层次丰富、松针与石体形成细密和厚重对比、构图稳重清雅，适合纵向陈设,松石纹、松纹、奇石纹、长寿纹样、文人纹样、清雅纹样、长寿、坚贞、稳固、常青、雅趣、松树、松针、奇石、祥云、庭草、清雅,墨绿、石青、米白、浅金,松鹤纹、松鹿纹、竹石纹、松竹纹,https://wenyang.net/#/p/pine-rock-pattern,第17批_321-340_植物花卉纹,patterns/321-340_植物花卉纹/335_松石纹_卡片图.jpg
336,松竹纹,Pine and Bamboo Pattern,sōng zhú wén,植物花卉纹,松竹组合在宋元以来的文人画、瓷器和织绣中长期流行。,,以苍松与翠竹组合成纹，松枝苍劲、竹叶清逸，寓意平安高节、坚贞常青与君子风骨。,护佑、清雅、坚贞、长寿,平安、高节、坚贞、常青、君子风骨,,松枝和竹竿分别占据画面不同区域，竹叶成簇舒展，松针与松果形成细密层次，祥云和垂饰用于衔接。,书房品牌、教育文创、茶礼包装、服饰印花、家居装饰、文化海报,松针与竹叶形态辨识清楚、松枝曲折与竹竿挺拔形成对比、构图疏朗，文人气质突出、青绿与米白配色清雅克制,松竹纹、松纹、竹纹、君子纹样、平安纹样、清雅纹样、平安、高节、坚贞、常青、君子风骨、松树、松针、竹竿、竹叶、祥云垂饰、护佑、清雅、长寿,墨绿、深青、米白、浅金,岁寒三友纹、梅竹双清纹、松梅纹、竹叶云纹、竹节平安纹,https://wenyang.net/#/p/pine-bamboo-pattern,第17批_321-340_植物花卉纹,patterns/321-340_植物花卉纹/336_松竹纹_卡片图.jpg
337,松梅纹,Pine and Plum Pattern,sōng méi wén,植物花卉纹,松梅题材在宋元文人画中已有发展，明清器物、屏风与祝寿装饰中广泛使用。,,以苍松与寒梅组合成纹，松姿苍劲、梅意清寒，寓意高洁坚韧、长寿常青与迎春报喜。,清雅、坚贞、长寿、自然,高洁、坚韧、长寿、常青、报春,,松枝从上方或侧面伸展，梅枝穿插其间，梅花和花蕾高低错落，祥云、山石和小草用于补充空间。,春节海报、祝寿礼品、书房装饰、文化包装、服饰印花、艺术文创,松针细密，梅花清秀、松干与梅枝曲折交错、冷暖花木形成节奏变化、构图清峻、坚韧意象鲜明,松梅纹、松纹、梅花纹、岁寒纹样、高洁纹样、长寿纹样、高洁、坚韧、长寿、常青、报春、松树、松针、梅枝、梅花、祥云、清雅、坚贞、自然,墨绿、白色、朱砂、米白,岁寒三友纹、松竹纹、梅竹双清纹、梅枝报春纹、松鹤纹,https://wenyang.net/#/p/pine-plum-pattern,第17批_321-340_植物花卉纹,patterns/321-340_植物花卉纹/337_松梅纹_卡片图.jpg
338,桃实纹,Peach Fruit Pattern,táo shí wén,植物花卉纹,寿桃与桃实题材在明清祝寿瓷器、织绣和民间吉祥艺术中尤为常见。,,以成熟桃实与枝叶组合成纹，果形饱满、枝态舒展，寓意长寿福泽、丰实吉祥与圆满安康。,长寿、福气、富贵、吉祥、护佑,长寿、福泽、丰实、吉祥、安康,,桃枝斜向或纵向伸展，多个桃实高低分布，桃叶与小花穿插其间，祥云和寿字可作为辅助。,祝寿礼盒、长辈礼品、食品包装、服饰印花、节庆插画、家居织物,桃果圆润饱满，色彩温和、桃叶修长，与果实形成疏密对比、果实沿枝条形成连续节奏、粉桃、青绿与米白配色吉庆柔和,桃实纹、桃纹、果实纹、长寿纹样、祝寿纹样、吉祥纹样、长寿、福泽、丰实、吉祥、安康、桃实、桃枝、桃叶、桃花、祥云、福气、富贵、护佑,淡粉、青绿、米白、浅金,桃枝寿纹、桃花纹、三多纹,https://wenyang.net/#/p/peach-fruit-pattern,第17批_321-340_植物花卉纹,patterns/321-340_植物花卉纹/338_桃实纹_卡片图.jpg
339,桃花流水纹,Peach Blossoms and Flowing Water Pattern,táo huā liú shuǐ wén,植物花卉纹,桃花流水与桃源意象在宋元以来绘画和器物装饰中持续流行。,,以桃花与流水组合成纹，花意明媚、水势流转，寓意春日生机、福泽绵延与吉祥长久。,自然、生机、福气、连绵、吉祥,春意、生机、福泽、绵延、吉祥,,桃枝从画面边缘伸入，花朵与花瓣分布于溪流两侧，流水以曲线贯穿画面，山石和祥云用于构建景深。,春季海报、文旅品牌、茶饮包装、家居壁画、服饰印花、数字插画,桃花轻盈明丽、流水曲线连续柔和、花瓣随水漂流，增强动态感、花、水、石形成完整春景,桃花流水纹、桃花纹、流水纹、春日纹样、山水花卉纹、吉祥纹样、春意、生机、福泽、绵延、吉祥、桃花、桃枝、流水、落花、山石、自然、福气、连绵,淡粉、深蓝、青绿、米白,桃花纹、桃实纹,https://wenyang.net/#/p/peach-blossoms-flowing-water-pattern,第17批_321-340_植物花卉纹,patterns/321-340_植物花卉纹/339_桃花流水纹_卡片图.jpg
340,桃枝寿纹,Peach Branch and Longevity Pattern,táo zhī shòu wén,植物花卉纹,桃枝寿字组合在明清祝寿瓷器、织绣和宫廷陈设中广泛使用。,,以桃枝、寿桃与寿字组合成纹，枝叶舒展、寿意鲜明，寓意长寿福泽、吉庆安康与福寿绵延。,长寿、福气、吉祥、护佑、连绵,长寿、福泽、吉庆、安康、绵延,,桃枝纵向或斜向伸展，桃实沿枝条分布，寿字牌饰悬挂或嵌于枝叶之间，祥云、盘长结和流苏用于丰富画面。,祝寿礼盒、寿宴视觉、长辈礼品、品牌徽章、家居软装、节庆包装,桃实圆润饱满、寿字牌饰识别明确、枝叶与挂饰形成上下节奏、桃粉、青绿与金色呈现祝寿华雅感,桃枝寿纹、桃纹、寿字纹、祝寿纹样、长寿纹样、吉祥纹样、长寿、福泽、吉庆、安康、绵延、桃枝、桃实、桃叶、寿字、祥云流苏、福气、吉祥、护佑、连绵,淡粉、青绿、古金、米白,桃实纹、桃花流水纹、团寿纹、三多纹,https://wenyang.net/#/p/peach-branch-longevity-pattern,第17批_321-340_植物花卉纹,patterns/321-340_植物花卉纹/340_桃枝寿纹_卡片图.jpg
341,海棠折枝纹,Broken-Branch Begonia Pattern,hǎi táng zhé zhī wén,植物花卉纹,海棠自宋代以来常见于花鸟画和器物装饰，明清瓷器、织绣与家具纹样中尤为丰富。,,以海棠折枝为主体，花叶相映、姿态清雅自然，寓意富贵和美、温润雅致与春日吉祥。,富贵、圆满、清雅、自然、吉祥,富贵、和美、雅致、春意、吉祥,,以斜向或弯曲枝干形成骨架，花朵、花蕾和叶片沿枝分布，祥云与小型花叶用于补充留白。常见折枝式、散点式和局部边饰构图。,春季海报、服饰印花、家居织物、美妆包装、婚庆文创、新中式插画,海棠花瓣柔和圆润、枝干曲折自然，花叶层次清楚、折枝构图留白充足、粉白、青绿与浅金色调温润,海棠折枝纹、海棠纹、折枝纹、花卉纹、富贵纹样、清雅纹样、富贵、和美、雅致、春意、吉祥、折枝花卉纹、海棠花、花蕾、叶片、枝干、祥云、圆满、清雅、自然,淡粉、青绿、米白、浅金,海棠团花纹,https://wenyang.net/#/p/broken-branch-begonia-pattern-341,第18批_341-360_植物花卉纹,patterns/341-360_植物花卉纹/341_海棠折枝纹_卡片图.jpg
342,海棠团花纹,Begonia Medallion Pattern,hǎi táng tuán huā wén,植物花卉纹,海棠团花在宋元以后织物和器物中持续出现，明清服饰与室内陈设中较为常见。,,以海棠花环绕组成团花，构图圆满雅致、花叶层层展开，寓意富贵和美、团圆吉庆与生活圆满。,富贵、圆满、吉祥,富贵、和美、团圆、吉庆、圆满,,中心设置海棠花或复合花心，外围以海棠花枝、叶片、花蕾和卷草对称环绕，可加入如意云头和莲瓣边框。,品牌徽章、服饰团花、礼盒中心纹、墙面装饰、地毯图案、婚庆视觉,团形轮廓完整稳定、海棠花朵分布均衡、花叶环绕形成放射节奏、青绿、粉白和浅金呈现雅致层次,海棠团花纹、海棠纹、团花纹、圆形纹样、富贵纹样、对称纹样、富贵、和美、团圆、吉庆、圆满、海棠花、中心花心、叶片、花蕾、如意卷草、吉祥,淡粉、青绿、浅金、米白,海棠折枝纹、团花纹、宝相花纹,https://wenyang.net/#/p/begonia-medallion-pattern,第18批_341-360_植物花卉纹,patterns/341-360_植物花卉纹/342_海棠团花纹_卡片图.jpg
343,玉兰寿石纹,Magnolia and Longevity Rock Pattern,yù lán shòu shí wén,植物花卉纹,玉兰与寿石组合在明清花鸟画、瓷器和室内陈设中较为常见。,,以玉兰与寿石组合成纹，花石相映、气质高洁幽雅，寓意高洁品格、长寿安稳与君子风范。,清雅、长寿、护佑,高洁、长寿、安稳、幽雅、君子品格,,寿石位于画面中部或下部，玉兰枝从石侧或石后伸展，花朵和花蕾高低错落，祥云和庭草用于补充层次。,书房装饰、长辈礼品、文创包装、家居屏风、文化海报、高端品牌视觉,玉兰花瓣宽大舒展、寿石孔洞和纹理层次丰富、花枝与石体形成柔硬对比、整体清雅稳重、留白充足,玉兰寿石纹、玉兰纹、寿石纹、文人纹样、高洁纹样、长寿纹样、高洁、长寿、安稳、幽雅、君子品格、玉兰花、花蕾、寿石、枝叶、祥云、清雅、护佑,米白、青绿、石青、浅金,牡丹寿石纹,https://wenyang.net/#/p/magnolia-longevity-rock-pattern,第18批_341-360_植物花卉纹,patterns/341-360_植物花卉纹/343_玉兰寿石纹_卡片图.jpg
344,玉兰牡丹纹,Magnolia and Peony Pattern,yù lán mǔ dān wén,植物花卉纹,玉兰与牡丹组合在明清宫廷和民间吉祥装饰中广泛流行。,,以玉兰与牡丹组合成纹，花姿丰美、层次繁盛华丽，寓意富贵吉祥、玉堂富贵与和美兴盛。,富贵、生机、吉祥、清雅、圆满,富贵、繁盛、吉祥、高洁、和美,,玉兰枝位于上部或侧面，牡丹花团分布于中下部，花蕾、叶片和祥云穿插其间，构图多采用纵向陈设或团簇式布局。,婚庆礼盒、高端包装、服饰印花、家居壁画、品牌主视觉、节庆文创,玉兰花瓣舒展、色调清润、牡丹花头饱满、层瓣丰富、两类花卉高低错落、粉白、朱砂与青绿色彩华雅,玉兰牡丹纹、玉兰纹、牡丹纹、富贵纹样、花卉组合纹、吉祥纹样、富贵、繁盛、吉祥、高洁、和美、玉兰、牡丹、花蕾、枝叶、祥云、生机、清雅、圆满,淡粉、朱砂、青绿、米白,牡丹纹,https://wenyang.net/#/p/magnolia-peony-pattern,第18批_341-360_植物花卉纹,patterns/341-360_植物花卉纹/344_玉兰牡丹纹_卡片图.jpg
345,水仙纹,Narcissus Pattern,shuǐ xiān wén,植物花卉纹,水仙自宋元以后成为常见清供花卉，明清岁朝图、瓷器和织绣中尤为常见。,,以水仙花、花苞与修长叶片组成纹样，花形清雅秀逸，寓意清雅迎春、吉祥如意与高洁芬芳。,清雅、自然、吉祥,清雅、迎春、吉祥、高洁、芬芳,,水仙叶片自下向上成簇展开，花茎和花朵高低错落，鳞茎、奇石与祥云常作为底部或背景辅助元素。,春节礼盒、香氛包装、书房装饰、茶文化产品、节气海报、服饰印花,叶片修长挺秀，线条流畅、花朵洁白，花心温暖明亮、花苞与鳞茎增强植物识别度、整体清淡雅致、留白舒适,水仙纹、迎春纹样、清供纹样、花卉纹、清雅纹样、文人纹样、清雅、迎春、吉祥、高洁、芬芳、清供花卉纹、水仙花、花苞、长叶、鳞茎、祥云奇石、自然,米白、青绿、浅金,水仙如意纹、兰花水仙纹,https://wenyang.net/#/p/narcissus-pattern,第18批_341-360_植物花卉纹,patterns/341-360_植物花卉纹/345_水仙纹_卡片图.jpg
346,水仙如意纹,Narcissus and Ruyi Pattern,shuǐ xiān rú yì wén,植物花卉纹,水仙与如意组合在明清岁朝清供和吉祥器物装饰中较为常见。,,以水仙与如意组合成纹，花叶舒展、纹样吉庆典雅，寓意清雅迎春、称心如意与吉祥顺遂。,清雅、自然、吉祥,清雅、迎春、如意、顺遂、吉祥,,水仙花叶形成主体，如意形器物或如意云头穿插于花叶之间，祥云与鳞茎位于底部，形成纵向陈设式构图。,新年礼盒、乔迁礼品、香氛包装、家居装饰、品牌边饰、节气海报,水仙叶片修长舒展、如意轮廓圆润精致、花叶与器物互相穿插、青绿、米白和浅金呈现典雅气质,水仙如意纹、水仙纹、如意纹、迎春纹样、顺遂纹样、吉祥纹样、清雅、迎春、如意、顺遂、吉祥、迎春吉祥纹、水仙花、长叶、鳞茎、祥云、自然,米白、青绿、浅金,水仙纹、如意纹、兰花水仙纹,https://wenyang.net/#/p/narcissus-ruyi-pattern,第18批_341-360_植物花卉纹,patterns/341-360_植物花卉纹/346_水仙如意纹_卡片图.jpg
347,芙蓉锦鸡纹,Hibiscus and Golden Pheasant Pattern,fú róng jǐn jī wén,植物花卉纹,锦鸡花卉题材在宋代花鸟画后不断发展，明清瓷器和织绣中尤为流行。,,以芙蓉与锦鸡组合成纹，花鸟相映、姿态华美和谐，寓意清丽荣华、锦绣前程与吉庆和美。,清雅、富贵、圆满、吉祥,清丽、荣华、锦绣、和美、吉庆,,锦鸡立于花枝、奇石或庭院景物之间，芙蓉花分布于鸟身周围，花蕾、叶片和祥云补充空间层次。,高端包装、服饰印花、家居壁画、婚庆视觉、艺术文创、品牌主视觉,锦鸡羽毛层次华丽、芙蓉花瓣柔美舒展、花鸟相互映衬，动静结合、金红、青绿与粉白色彩丰富,芙蓉锦鸡纹、芙蓉纹、锦鸡纹、花鸟纹、华美纹样、吉祥纹样、清丽、荣华、锦绣、和美、吉庆、芙蓉花、锦鸡、花蕾、叶片、奇石祥云、清雅、富贵、圆满、吉祥,浅金、朱砂、青绿、淡粉,凤穿牡丹纹,https://wenyang.net/#/p/hibiscus-golden-pheasant-pattern,第18批_341-360_植物花卉纹,patterns/341-360_植物花卉纹/347_芙蓉锦鸡纹_卡片图.jpg
348,芙蓉莲叶纹,Hibiscus and Lotus Leaf Pattern,fú róng lián yè wén,植物花卉纹,芙蓉、莲叶和水景组合在宋元花鸟画和明清器物装饰中持续流行。,,以芙蓉与莲叶组合成纹，花叶相映、清润自然雅致，寓意清净和合、荣华秀美与连生吉祥。,清雅、圆满、富贵,清净、和合、荣华、秀美、连生,,莲叶和水波形成画面底部与背景，芙蓉花和莲花高低分布，莲蓬、花苞和祥云用于丰富层次。,夏季视觉、茶饮包装、服饰印花、家居壁画、数字插画、文化空间,大型莲叶形成稳定块面、芙蓉与莲花花形相互呼应、水波增强流动与空间感、粉白、青绿和浅金色调清润,芙蓉莲叶纹、芙蓉纹、莲叶纹、水景纹、清雅纹样、花卉组合纹、清净、和合、荣华、秀美、连生、水景花卉纹、芙蓉花、莲花、莲叶、莲蓬、水波、清雅、圆满、富贵,淡粉、青绿、米白、深蓝,荷塘莲纹、莲花水波纹,https://wenyang.net/#/p/hibiscus-lotus-leaf-pattern,第18批_341-360_植物花卉纹,patterns/341-360_植物花卉纹/348_芙蓉莲叶纹_卡片图.jpg
349,桂花玉兔纹,Osmanthus and Jade Rabbit Pattern,guì huā yù tù wén,植物花卉纹,玉兔桂树题材自唐宋以来不断发展，明清中秋绘画、瓷器和织绣中十分常见。,,以桂花与玉兔组合成纹，花枝清雅、瑞兔灵秀可爱，寓意科第荣誉、月宫清香与团圆吉祥。,富贵、清雅、圆满、祥瑞,科第、清香、团圆、祥瑞、月宫,,桂树枝干形成画面骨架，玉兔坐卧于桂树或奇石旁，桂花簇分布于枝叶之间，祥云和月形纹饰可作为辅助。,中秋礼盒、月饼包装、儿童文创、首饰设计、节庆海报、数字贴纸,桂花花簇细密清雅、玉兔形态圆润灵秀、树枝、奇石与云气形成月宫意境、金黄、青绿与玉白配色温润,桂花玉兔纹、桂花纹、玉兔纹、中秋纹样、月宫纹样、团圆纹样、科第、清香、团圆、祥瑞、月宫、桂花、桂树、玉兔、奇石、祥云、富贵、清雅、圆满,浅金、白色、青绿、米白,,https://wenyang.net/#/p/osmanthus-jade-rabbit-pattern,第18批_341-360_植物花卉纹,patterns/341-360_植物花卉纹/349_桂花玉兔纹_卡片图.jpg
350,桂枝纹,Osmanthus Branch Pattern,guì zhī wén,植物花卉纹,桂枝和折桂题材自唐宋以来常见于文学、绘画与器物装饰，明清应用更为广泛。,,以桂枝、桂叶与细密花簇组成纹样，枝叶舒展、清香雅致，寓意科第荣誉、清芬高雅与吉祥顺遂。,富贵、生机、清雅、吉祥,科第、荣誉、清香、高雅、吉祥,,桂枝纵向或斜向伸展，叶片成对分布，花簇密集生于叶腋，祥云和小型折枝图案用于补充留白。,教育品牌、中秋礼盒、书店视觉、服饰印花、文具包装、文化海报,桂叶宽长、叶脉清晰、花簇细小密集，节奏丰富、枝干曲折自然、金黄、青绿与米白色调清雅温润,桂枝纹、桂花纹、折枝纹、科第纹样、清雅纹样、吉祥纹样、科第、荣誉、清香、高雅、吉祥、折枝花卉纹、桂枝、桂叶、桂花花簇、祥云、小型折枝线稿、富贵、生机、清雅,浅金、青绿、米白,桂花玉兔纹,https://wenyang.net/#/p/osmanthus-branch-pattern,第18批_341-360_植物花卉纹,patterns/341-360_植物花卉纹/350_桂枝纹_卡片图.jpg
351,佛手蝙蝠纹,Buddha's Hand Citron and Bat Pattern,fó shǒu biān fú wén,植物花卉纹,佛手与蝙蝠组合在明清瓷器、织绣和民间吉祥装饰中广泛流行。,,以佛手与蝙蝠组合成纹，果形奇雅、蝠姿灵动，借谐音表达多福多寿、福气临门与吉祥圆满。,福气、吉祥、圆满,多福、福寿、吉祥、福气临门、圆满,,佛手果实沿枝叶分布，蝙蝠飞翔于果枝、祥云和如意花饰之间，常配福字、盘长结与卷草形成散点或连续构图。,春节礼盒、祝寿礼品、家居软装、服饰印花、节庆海报、文创包装,佛手指状果瓣辨识鲜明、蝙蝠姿态展开，形成动态焦点、果枝与祥云穿插流动、暖金、青绿与朱砂色调吉庆华雅,佛手蝙蝠纹、佛手纹、蝙蝠纹、多福纹样、福寿纹样、吉祥纹样、多福、福寿、吉祥、福气临门、圆满、佛手、蝙蝠、枝叶、祥云、福字花饰、福气,古金、青绿、朱砂、米白,福寿纹、佛手桃纹、佛手石榴纹,https://wenyang.net/#/p/buddhas-hand-citron-bat-pattern,第18批_341-360_植物花卉纹,patterns/341-360_植物花卉纹/351_佛手蝙蝠纹_卡片图.jpg
352,佛手石榴纹,Buddha's Hand Citron and Pomegranate Pattern,fó shǒu shí liu wén,植物花卉纹,佛手与石榴组合在明清瓷器、婚庆织绣和民间吉祥艺术中较为常见。,,以佛手与石榴组合成纹，果实丰硕、籽粒饱满，寓意多福多寿、多子兴旺与家族繁盛。,福气、富贵、生机,多福、福寿、多子、兴旺、繁盛,,佛手与石榴果实沿枝条高低分布，剖开的石榴露出籽粒，花朵、枝叶和祥云用于连接和填充画面。,婚庆礼盒、祝寿礼品、家庭主题文创、家居织物、节庆包装、品牌插画,佛手与石榴形态差异鲜明、石榴籽粒细密饱满、果枝层次丰富，构图繁盛、暖金、石榴红与青绿形成吉庆对比,佛手石榴纹、佛手纹、石榴纹、多子纹样、福寿纹样、果实纹、多福、福寿、多子、兴旺、繁盛、多子多福纹样、佛手、石榴、石榴籽、枝叶、花朵祥云、福气、富贵、生机,古金、朱红、青绿、米白,石榴纹、三多纹、佛手桃纹,https://wenyang.net/#/p/buddhas-hand-citron-pomegranate-pattern,第18批_341-360_植物花卉纹,patterns/341-360_植物花卉纹/352_佛手石榴纹_卡片图.jpg
353,佛手桃纹,Buddha's Hand Citron and Peach Pattern,fó shǒu táo wén,植物花卉纹,佛手与寿桃组合在明清祝寿瓷器、织绣和宫廷陈设中十分常见。,,以佛手与寿桃组合成纹，果形丰润、福寿意象鲜明，寓意长寿多福、吉庆安康与福泽绵延。,长寿、福气、护佑、吉祥,长寿、多福、福泽、安康、吉祥,,佛手和寿桃沿枝叶分布，奇石位于下方或中央，花朵、祥云与小型吉祥果实用于补充画面。,祝寿礼盒、长辈礼品、寿宴视觉、家居屏风、文化包装、节庆文创,佛手果瓣修长，寿桃圆润、果实与奇石形成丰富层次、枝叶舒展，祝寿气息浓厚、暖金、桃粉与青绿配色温润,佛手桃纹、佛手纹、寿桃纹、长寿纹样、福寿纹样、祝寿纹样、长寿、多福、福泽、安康、吉祥、佛手、寿桃、桃花、奇石、枝叶祥云、福气、护佑,古金、淡粉、青绿、米白,三多纹、佛手蝙蝠纹,https://wenyang.net/#/p/buddhas-hand-citron-peach-pattern,第18批_341-360_植物花卉纹,patterns/341-360_植物花卉纹/353_佛手桃纹_卡片图.jpg
354,三多纹,Three Abundances Pattern,sān duō wén,植物花卉纹,三多纹在明清宫廷和民间吉祥装饰中广泛流行。,,以佛手、寿桃与石榴组成三多吉祥题材，寓意多福、多寿、多子，兼具丰收、安康与家族兴旺。,福气、长寿、富贵、护佑,多福、多寿、多子、安康、富足,,桃、佛手和石榴构成主要视觉节点，果枝互相穿插，剖开的石榴展示籽粒，祥云、花朵和山石填充背景。,婚庆礼盒、祝寿礼品、家庭主题包装、节庆海报、家居装饰、文创产品,三种果实识别明确、果形大小与色彩形成丰富节奏、构图饱满繁盛、暖金、桃粉、石榴红与青绿层次华美,三多纹、果实组合纹、多福纹样、长寿纹样、多子纹样、吉祥纹样、多福、多寿、多子、安康、富足、福寿多子纹样、佛手、寿桃、石榴、花枝、祥云奇石、福气、长寿、富贵、护佑,古金、淡粉、朱红、青绿,三果纹、佛手桃纹、佛手石榴纹,https://wenyang.net/#/p/three-abundances-pattern,第18批_341-360_植物花卉纹,patterns/341-360_植物花卉纹/354_三多纹_卡片图.jpg
355,三果纹,Three Fruits Pattern,sān guǒ wén,植物花卉纹,多果组合题材在明清瓷器、织绣和民间装饰中较为常见。,,以三种吉祥果实组合成纹，果实丰硕、枝叶繁茂，寓意丰收富足、安康吉庆与生活圆满。,富贵、护佑、吉祥、圆满,丰收、富足、安康、吉庆、圆满,,三类果实分布于同一枝叶或多组枝条中，果实高低错落，花朵、奇石和祥云用于统一画面。,丰收节视觉、食品包装、家庭礼盒、节庆海报、家居织物、文化文创,三类果实形态各异、枝叶繁盛、果实饱满、画面层次丰富且向心、暖色果实与青绿叶片形成鲜明对比,三果纹、果实组合纹、丰收纹样、富足纹样、民俗纹样、吉祥纹样、丰收、富足、安康、吉庆、圆满、三种果实、枝叶、花朵、奇石、祥云、富贵、护佑、吉祥,古金、淡粉、朱红、青绿,三多纹、石榴纹,https://wenyang.net/#/p/three-fruits-pattern,第18批_341-360_植物花卉纹,patterns/341-360_植物花卉纹/355_三果纹_卡片图.jpg
356,荔枝蜂蝶纹,Lychee with Bees and Butterflies Pattern,lì zhī fēng dié wén,植物花卉纹,荔枝花鸟题材在明清岭南绘画、瓷器和织绣中较为常见。,,以荔枝与蜂蝶组合成纹，果实累累、蜂蝶灵动，寓意丰收富足、甜美兴旺与吉庆繁盛。,富贵、圆满、生机、吉祥,丰收、富足、甜美、繁盛、吉庆,,荔枝果实成簇悬挂于枝叶之间，花朵、蜜蜂和蝴蝶高低分布，祥云与小花补充空间。,食品包装、夏季海报、服饰印花、家居布艺、地方文创、品牌插画,荔枝表皮颗粒细密、果实成串形成丰收感、蜂蝶提供动态焦点、荔枝红、青绿与金色明快喜庆,荔枝蜂蝶纹、荔枝纹、蜂蝶纹、丰收纹样、果实纹、吉庆纹样、丰收、富足、甜美、繁盛、吉庆、荔枝、荔枝花、枝叶、蜜蜂、蝴蝶、富贵、圆满、生机、吉祥,朱红、青绿、古金、米白,,https://wenyang.net/#/p/lychee-bees-butterflies-pattern,第18批_341-360_植物花卉纹,patterns/341-360_植物花卉纹/356_荔枝蜂蝶纹_卡片图.jpg
357,龙眼纹,Longan Pattern,lóng yǎn wén,植物花卉纹,龙眼果实题材在明清岭南绘画、瓷器和地方民俗装饰中有所使用。,,以龙眼果实、果枝与叶片组成纹样，果实成串、圆润丰足，寓意团圆富足、吉庆安康与生活美满。,圆满、富贵、吉祥、护佑,团圆、富足、吉庆、安康、美满,,龙眼成串悬挂于枝条，部分果实剥开展示果肉与果核，花朵、枝叶和水波祥云用于丰富层次。,食品包装、中秋礼盒、家庭主题文创、服饰印花、地方品牌、家居布艺,龙眼果实圆润成串、剥开的果实增强识别度、叶片宽长，枝条层次丰富、暖黄、青绿与米白配色温润,龙眼纹、果实纹、团圆纹样、富足纹样、地方纹样、吉庆纹样、团圆、富足、吉庆、安康、美满、龙眼果实、果串、果肉果核、枝叶、花朵水波、圆满、富贵、吉祥、护佑,浅金、青绿、米白,,https://wenyang.net/#/p/longan-pattern,第18批_341-360_植物花卉纹,patterns/341-360_植物花卉纹/357_龙眼纹_卡片图.jpg
358,柿子如意纹,Persimmon and Ruyi Pattern,shì zi rú yì wén,植物花卉纹,柿子与如意组合在明清瓷器、织绣和民间吉祥装饰中广泛使用。,,以柿子与如意组合成纹，果实圆润、如意华美，借谐音表达事事如意、丰收吉庆与顺遂圆满。,吉祥、富贵、圆满,事事如意、丰收、吉庆、顺遂、圆满,,柿子沿枝叶分布，如意柄或如意头穿插其中，盘长结、流苏和祥云作为辅助元素。,新年礼盒、乔迁礼品、家居装饰、品牌插画、节庆海报、文创产品,柿子圆润橙红，色泽温暖、如意轮廓精致华美、果枝与器物相互穿插、橙红、青绿和浅金配色吉庆,柿子如意纹、柿子纹、如意纹、谐音纹样、丰收纹样、吉庆纹样、事事如意、丰收、吉庆、顺遂、圆满、谐音吉祥纹、柿子、柿叶、如意、盘长结、祥云流苏、吉祥、富贵,柿橙、青绿、浅金、米白,柿蒂纹、如意纹,https://wenyang.net/#/p/persimmon-ruyi-pattern,第18批_341-360_植物花卉纹,patterns/341-360_植物花卉纹/358_柿子如意纹_卡片图.jpg
359,柿蒂纹,Persimmon Calyx Pattern,shì dì wén,植物花卉纹,柿蒂形装饰单元在古代器物、织物和建筑纹样中长期使用。,,以柿蒂的四瓣或多瓣形态抽象成纹，结构规整、装饰性强，寓意事事如意、丰收吉庆与圆满稳定。,吉祥、富贵、坚贞、圆满,事事如意、丰收、吉庆、稳定、圆满,,以柿蒂轮廓为基本单元，可单独作为团花，也可与柿子、枝叶、回纹和如意边饰组合成连续纹面。,品牌纹章、织物底纹、包装边饰、图标设计、家居壁纸、数字图案,四瓣或多瓣结构明确、中心式放射构图稳定、适合重复和连续排列、青绿、橙红与浅金具有传统装饰感,柿蒂纹、柿子纹、几何花形纹、谐音纹样、团花纹、吉庆纹样、事事如意、丰收、吉庆、稳定、圆满、谐音吉祥纹、柿蒂、柿子、枝叶、团花、回纹祥云、吉祥、富贵、坚贞,柿橙、青绿、浅金、米白,柿子如意纹、团花纹、如意纹、回纹,https://wenyang.net/#/p/persimmon-calyx-pattern,第18批_341-360_植物花卉纹,patterns/341-360_植物花卉纹/359_柿蒂纹_卡片图.jpg
360,枇杷山鸟纹,Loquat and Mountain Bird Pattern,pí pa shān niǎo wén,植物花卉纹,枇杷花鸟题材在宋元花鸟画及明清瓷器、绘画中持续出现。,,以枇杷果枝与山鸟组合成纹，果实金黄、鸟姿清逸，寓意丰收安康、清雅生机与自然和美。,富贵、护佑、清雅、生机、圆满,丰收、安康、清雅、生机、和美,,枇杷果实沿枝条成簇分布，山鸟停栖于枝干或奇石之间，山水、祥云和小花用于构建空间层次。,食品包装、夏季海报、家居壁画、地方文创、服饰印花、品牌插画,枇杷果实圆润金黄、叶片宽大，叶脉清晰、山鸟姿态轻盈清逸、山石和云气形成完整景物背景,枇杷山鸟纹、枇杷纹、山鸟纹、花果鸟纹、丰收纹样、清雅纹样、丰收、安康、清雅、生机、和美、枇杷、枇杷叶、山鸟、奇石、山水祥云、富贵、护佑、圆满,浅金、青绿、米白,荔枝蜂蝶纹、龙眼纹,https://wenyang.net/#/p/loquat-mountain-bird-pattern,第18批_341-360_植物花卉纹,patterns/341-360_植物花卉纹/360_枇杷山鸟纹_卡片图.jpg
361,樱桃纹,Cherry Pattern,yīng táo wén,植物花卉纹,不限定单一时期，常随花果题材见于传统花鸟画、瓷器与织绣装饰中。,,以樱桃与舒展枝叶入纹，果实圆润鲜明，寓意福泽绵长、吉祥丰足与生命常新。,长寿、福气、吉祥、富贵、生机,长寿、福泽、吉祥、丰足、生命常新,,通常由樱桃果实、樱桃花、细枝和叶片组成。果实多以两枚或数枚成串垂挂，枝条斜向伸展，花与叶穿插其间，可配祥云或留白形成疏密有致的画面。,食品包装、节庆礼盒、新中式插画、服饰印花、家居软装、网页装饰,果实小巧圆润，常成串垂挂、红果与青叶形成鲜明对比、枝条轻盈，构图灵动自然、适合折枝式、散点式和边饰式布局,樱桃纹、果实纹、花果纹、植物纹、吉祥纹样、自然写生、长寿、福泽、吉祥、丰足、生命常新、福气、富贵、生机,朱红、青绿、米白、古金、墨黑,枣果纹,https://wenyang.net/#/p/cherry-pattern,第19批_361-380_植物花卉纹,patterns/361-380_植物花卉纹/361_樱桃纹_卡片图.jpg
362,杏花果纹,Apricot Blossom and Fruit Pattern,xìng huā guǒ wén,植物花卉纹,常见于以折枝花果、四时花卉为题材的传统器物与绘画装饰中。,,以杏花与杏果同枝入纹，花开果成相映成趣，展现春和生机，寓意丰收安康与生命繁盛。,富贵、护佑、生机、圆满,丰收、安康、生机、富足、圆满,,主要由五瓣杏花、花苞、杏果、叶片与曲折枝干组成。花朵和果实可分布于同一枝条，也可形成上下呼应的折枝构图，并以留白或祥云平衡画面。,节气视觉、茶饮包装、果品礼盒、新中式插画、服饰印花、家居装饰,杏花洁白或淡粉，花瓣轻盈、杏果圆润，综合色泽温暖、花果同枝，时间层次丰富、枝叶疏密相间，具有自然写生感,杏花果纹、花果纹、折枝纹、植物纹、丰收纹样、自然写生、丰收、安康、生机、富足、圆满、吉祥纹样、富贵、护佑,浅金、淡粉、青绿、米白,,https://wenyang.net/#/p/apricot-blossom-fruit-pattern,第19批_361-380_植物花卉纹,patterns/361-380_植物花卉纹/362_杏花果纹_卡片图.jpg
363,梨花春燕纹,Pear Blossoms and Swallows Pattern,lí huā chūn yàn wén,植物花卉纹,常随春景花鸟题材见于传统绘画、瓷器和织绣装饰中。,,以梨花与春燕入纹，花枝清润、燕影轻灵，常见于花鸟装饰，寓意春意和美、清雅安宁与吉祥归来。,清雅、自然、圆满、护佑,清雅、春意、和美、安居、吉祥归来,,由梨花、花苞、叶片、枝干与一只或成对燕子组成。梨枝多斜向伸展，燕子或穿花而飞，或上下呼应，配合祥云与留白形成开阔轻盈的空间。,春季主题视觉、婚庆与家居图案、服饰印花、文化礼品、网页插画、空间软装,梨花洁白，花簇清雅、燕子飞姿轻快，动静相映、枝条舒展，构图富有春日气息、画面清润含蓄，留白较多,梨花春燕纹、花鸟纹、春景纹、燕子纹、植物纹、吉祥纹样、清雅、春意、和美、安居、吉祥归来、自然、圆满、护佑,白色、青绿、墨黑、米白、浅金,,https://wenyang.net/#/p/pear-blossoms-swallows-pattern,第19批_361-380_植物花卉纹,patterns/361-380_植物花卉纹/363_梨花春燕纹_卡片图.jpg
364,梨果纹,Pear Fruit Pattern,lí guǒ wén,植物花卉纹,常见于传统花果题材的绘画、器物和织绣装饰中。,,以梨果与枝叶入纹，果形温润端雅，构图清新自然，常见于瓷绣陈设，寓意清雅和美、安康与丰足顺遂。,清雅、圆满、护佑、富贵、吉祥,清雅、和美、安康、丰足、顺遂,,主要由梨果、叶片、花朵或花苞及枝干组成。果实可单枚或成组垂挂，枝条向画面内侧延伸，叶片围绕果实形成层次，并以留白增强果实轮廓。,果品包装、家居软装、新中式插画、服饰印花、文化礼盒、网页背景,梨果轮廓饱满，呈下垂姿态、黄白果色与青绿叶片对比柔和、枝条自然弯曲，画面清新安静、适合折枝、散点和局部特写构图,梨果纹、果实纹、折枝纹、植物纹、丰收纹样、自然写生、清雅、和美、安康、丰足、顺遂、吉祥纹样、圆满、护佑、富贵、吉祥,浅金、青绿、米白、墨黑,梨花春燕纹、杏花果纹,https://wenyang.net/#/p/pear-fruit-pattern,第19批_361-380_植物花卉纹,patterns/361-380_植物花卉纹/364_梨果纹_卡片图.jpg
365,橘实花枝纹,Mandarin Fruit and Flowering Branch Pattern,jú shí huā zhī wén,植物花卉纹,常见于传统花果吉祥题材及年节装饰语境中。,,以橘实与花枝入纹，花果同枝、色彩明丽，展现圆满生机，寓意大吉丰收、团圆和乐与家宅兴旺。,吉祥、富贵、圆满,大吉、丰收、团圆、和乐、家宅兴旺,,由橘实、白色小花、花苞、叶片和枝干组成。果实多成组分布，花朵穿插枝叶之间，枝条可形成弧形或斜向走势，构图繁而不乱。,春节礼盒、食品包装、家居软装、品牌插画、服饰印花、节庆视觉,橘果圆润饱满，综合色彩鲜明、白花与青叶使画面清新、花果同枝，层次丰富、枝干弯曲延伸，形成连续节奏,橘实花枝纹、花果纹、橘纹、大吉纹样、植物纹、吉祥纹样、大吉、丰收、团圆、和乐、家宅兴旺、吉祥、富贵、圆满,浅金、青绿、暖白、米白、古金,橙实纹,https://wenyang.net/#/p/mandarin-fruit-flowering-branch-pattern,第19批_361-380_植物花卉纹,patterns/361-380_植物花卉纹/365_橘实花枝纹_卡片图.jpg
366,橙实纹,Orange Fruit Pattern,chéng shí wén,植物花卉纹,常随柑橘类花果题材见于传统花鸟装饰和民俗吉祥图案中。,,以橙实入纹，果形饱满明净，枝叶舒展有致，常见于瓷绣陈设，寓意吉庆圆满、丰收富足与生活甘美。,吉祥、圆满、富贵,吉庆、圆满、丰收、富足、生活甘美,,由橙果、叶片、花朵、花苞和枝干组成。果实常以单枚或数枚成组分布于枝叶之间，枝条斜向或弧形延伸，叶片围合果实形成稳定构图。,食品包装、春节视觉、家居软装、服饰印花、品牌图案、数字插画,果实圆整饱满，综合色泽明快、常绿叶片厚实舒展、花与果可同枝出现、画面丰润而有秩序，适合重复纹样,橙实纹、果实纹、圆满纹样、植物纹、丰收纹样、吉祥纹样、吉庆、圆满、丰收、富足、生活甘美、吉祥、富贵,浅金、青绿、米白、暖白,橘实花枝纹,https://wenyang.net/#/p/orange-fruit-pattern,第19批_361-380_植物花卉纹,patterns/361-380_植物花卉纹/366_橙实纹_卡片图.jpg
367,枣果纹,Jujube Fruit Pattern,zǎo guǒ wén,植物花卉纹,长期见于民俗吉祥题材、婚庆陈设和花果装饰中。,,以枣果与枝叶入纹，果实累累、姿态朴雅，富有乡野生机，寓意早福临门、多子吉祥与丰足安宁。,福气、富贵、吉祥、护佑,早福、多子、吉祥、丰足、安宁,,主要由枣果、叶片与细枝构成。果实多成组垂挂，枝条呈弧形或斜向伸展，青、黄、红不同成熟阶段可同时出现，使画面更具层次。,婚庆视觉、节庆礼盒、食品包装、民俗文创、服饰印花、家居图案,枣果椭圆饱满，常成串出现、红褐与青绿色调朴雅温暖、枝叶自然舒展，乡野气息浓厚、果实疏密变化形成节奏感,枣果纹、果实纹、谐音吉祥纹、多子纹样、植物纹、民俗纹样、早福、多子、吉祥、丰足、安宁、民俗吉祥纹、福气、富贵、护佑,暗红、赭石、青绿、米白、浅金,花生纹、石榴纹,https://wenyang.net/#/p/jujube-fruit-pattern,第19批_361-380_植物花卉纹,patterns/361-380_植物花卉纹/367_枣果纹_卡片图.jpg
368,栗实秋叶纹,Chestnuts and Autumn Leaves Pattern,lì shí qiū yè wén,植物花卉纹,常见于表现秋景、时令花果和丰收主题的传统装饰中。,,以栗实与秋叶入纹，果壳丰厚、叶色层叠，呈现秋日意趣，寓意丰收安稳、富足充盈与家业丰登。,富贵、护佑,丰收、安稳、富足、充盈、家业丰登,,由栗实、带刺栗蓬、枝干与秋叶构成。栗蓬可闭合或开裂露出果实，叶片呈青、黄、橙、赭多层变化，枝条弯曲穿插形成繁茂构图。,秋季主题视觉、食品礼盒、家居软装、文化插画、节气海报、服饰印花,栗蓬刺状纹理细密，质感鲜明、栗实深褐光润，具有重量感、秋叶综合色彩层次丰富、构图繁茂，秋意与收获感突出,栗实秋叶纹、秋景纹、果实纹、丰收纹样、植物纹、时令纹样、丰收、安稳、富足、充盈、家业丰登、富贵、护佑,赭石、浅金、青绿、米白,枣果纹,https://wenyang.net/#/p/chestnuts-autumn-leaves-pattern,第19批_361-380_植物花卉纹,patterns/361-380_植物花卉纹/368_栗实秋叶纹_卡片图.jpg
369,花生纹,Peanut Pattern,huā shēng wén,植物花卉纹,常见于民俗婚庆、节庆陈设及近现代花果吉祥图案中。,,以花生与枝叶入纹，果实含藏饱满、造型质朴可亲，常见民俗陈设，寓意长生多子、丰足安康与吉庆绵延。,长寿、富贵、护佑、吉祥,长生、多子、丰足、安康、吉庆绵延,,可由完整花生植株、叶片、花朵、根系与果荚组成，也可仅取带壳花生作为散点纹。果荚常成串分布，并可剖开露出花生仁，强化识别度。,婚庆图案、食品包装、节庆礼盒、民俗文创、服饰印花、儿童插画,果荚网状纹理清晰，辨识度高、植株结构完整，富有自然观察感、综合色调质朴温暖、适合散点、连续和成组构图,花生纹、作物纹、多子纹样、民俗纹样、果实纹、吉祥纹样、长生、多子、丰足、安康、吉庆绵延、民俗吉祥纹、长寿、富贵、护佑、吉祥,浅金、赭石、青绿、米白、朱红,枣果纹、石榴纹,https://wenyang.net/#/p/peanut-pattern,第19批_361-380_植物花卉纹,patterns/361-380_植物花卉纹/369_花生纹_卡片图.jpg
370,稻穗鹌鹑纹,Rice Ears and Quails Pattern,dào suì ān chún wén,植物花卉纹,常见于农耕丰收、田园花鸟和安居吉祥主题的传统装饰中。,,以稻穗与鹌鹑入纹，穗粒丰盈、禽姿安和，富有田园意趣，寓意丰收富足、安居乐业与岁岁平安。,富贵、护佑,丰收、富足、安居、乐业、岁岁平安,,主要由稻穗、稻叶、一只或成对鹌鹑及田野草木组成。稻穗多从上方或侧面垂落，鹌鹑位于下方觅食或静立，形成上下呼应的稳定构图。,丰收节视觉、农产品包装、乡村文创、家居软装、服饰印花、节气插画,稻穗颗粒清晰，呈丰盈下垂状态、鹌鹑羽纹细密，体态圆润安和、综合色彩以金黄、青绿和赭褐为主、构图具有田园叙事感与丰收气息,稻穗鹌鹑纹、农耕纹样、花鸟纹、丰收纹样、鹌鹑纹、田园纹样、丰收、富足、安居、乐业、岁岁平安、富贵、护佑,浅金、青绿、赭石、米白,,https://wenyang.net/#/p/rice-ears-quails-pattern,第19批_361-380_植物花卉纹,patterns/361-380_植物花卉纹/370_稻穗鹌鹑纹_卡片图.jpg
371,麦穗双鹌鹑纹,Wheat Ears and Pair of Quails Pattern,mài suì shuāng ān chún wén,植物花卉纹,不限定单一时期，常见于以农事、丰收和花鸟为主题的传统绘画、瓷器与织绣装饰中。,,以成熟麦穗与双鹌鹑入纹，穗粒丰盈、禽姿安定，寓意五谷丰登、生活安稳与田园生机。,富贵、护佑、生机,丰收、安定、生命力、富足、安居,,通常由成束麦穗、舒展麦叶、两只鹌鹑及低矮草木组成。麦穗多从画面上方或侧面垂落，双鹌鹑一立一伏或相互呼应，辅以坡石、野花与祥云形成完整的田园构图。,粮食品牌包装、丰收节视觉、农产品礼盒、新中式插画、家居软装、文化展陈,麦穗饱满下垂，穗芒细密清晰、双鹌鹑姿态一动一静，羽纹层次丰富、谷物长叶形成纵向节奏与包围感、暖金、赭褐与青绿共同营造秋收气息,麦穗双鹌鹑纹、谷物纹、鹌鹑纹、花鸟纹、丰收纹样、田园纹样、丰收、安定、生命力、富足、安居、吉祥纹样、富贵、护佑、生机,浅金、赭石、青绿、米白、古金,稻穗鹌鹑纹、谷穗雏鸡纹,https://wenyang.net/#/p/wheat-ears-pair-quails-pattern,第19批_361-380_植物花卉纹,patterns/361-380_植物花卉纹/371_麦穗双鹌鹑纹_卡片图.jpg
372,谷穗雏鸡纹,Grain Ears and Chicks Pattern,gǔ suì chú jī wén,植物花卉纹,不限定单一时期，常随谷物与家禽题材出现于传统花鸟画、民俗绘画、瓷器和织绣装饰中。,,以饱满谷穗与成群雏鸡入纹，稚禽灵动、谷粒充实，寓意丰年富足、勤劳生机与家园和乐。,富贵、坚贞、生机、圆满,丰年、富足、勤劳、生机、家园和乐,,纹样通常由成熟谷穗、修长谷叶、数只雏鸡和地面谷粒组成。谷穗形成上密下疏的植物背景，雏鸡集中于画面下部，以不同朝向和动作构成活泼而稳定的视觉中心。,农产品包装、亲子品牌视觉、丰收节海报、食品礼盒、新中式插画、乡村文旅物料,谷穗成簇弯垂，颗粒饱满、雏鸡体态圆润，动作活泼亲切、禽鸟与谷粒形成低位聚焦构图、黄褐、浅金与青绿呈现温暖田园气息,谷穗雏鸡纹、谷物纹、雏鸡纹、禽鸟纹、丰年纹样、田园纹样、丰年、富足、勤劳、生机、家园和乐、田园吉祥纹样、富贵、坚贞、圆满,浅金、赭石、青绿、米白,麦穗双鹌鹑纹、稻穗鹌鹑纹,https://wenyang.net/#/p/grain-ears-chicks-pattern,第19批_361-380_植物花卉纹,patterns/361-380_植物花卉纹/372_谷穗雏鸡纹_卡片图.jpg
373,禾苗纹,Rice Seedling Pattern,hé miáo wén,植物花卉纹,不限定单一时期，常见于表现农耕生产、四时物候和田园生活的传统绘画及民俗装饰中。,,以抽长禾苗与水田景致入纹，叶片舒展、穗意初成，寓意生长希望、丰收将至与旺盛生命力。,生机、富贵、升腾、坚贞,生长、丰收、希望、勤勉、生命力,,通常由成丛禾苗、狭长叶片、水面或田畴组成，也可加入初生谷穗、远山与云气。禾苗由下向上生长，叶片交错穿插，形成富有方向感和连续性的纵向构图。,农业品牌视觉、乡村文旅设计、节气海报、粮食包装、生态主题插画、公共文化展陈,叶片修长挺秀，线条向上生长、苗丛疏密相间，富有田畴层次、水面与远景增强清润开阔感、青绿与浅金呈现由生长走向成熟的变化,禾苗纹、禾本科植物纹、农耕纹样、谷物纹、生长纹样、田园纹样、生长、丰收、希望、勤勉、生命力、吉祥纹样、生机、富贵、升腾、坚贞,深青、浅金、青绿、米白、墨黑,,https://wenyang.net/#/p/rice-seedling-pattern,第19批_361-380_植物花卉纹,patterns/361-380_植物花卉纹/373_禾苗纹_卡片图.jpg
374,芦苇纹,Reed Pattern,lú wěi wén,植物花卉纹,不限定单一时期，常与雁、鸭、水鸟和浅滩题材组合，见于传统花鸟画、瓷器及织绣装饰。,,以临水芦苇入纹，穗羽轻扬、长叶舒展，营造清旷水岸意境，寓意生机安康与自然和美。,生机、护佑、坚贞、清雅、圆满,生机、安康、坚韧、清雅、自然和美,,通常由高低错落的芦苇、羽状芦花、长叶、水面和岸石组成。芦苇从水岸成簇生长，穗羽向上或随风倾斜，远近苇丛形成层叠空间，可配水波与祥云增强流动感。,茶饮包装、生活方式品牌、文具纸品、家居壁画、生态文旅视觉、网页背景,芦花轻柔蓬松，具有明显风向感、苇叶修长弯曲，线条节奏舒展、水岸留白形成清旷幽静的空间、浅金、青绿与水色营造自然清雅气质,芦苇纹、水生植物纹、草木纹、水岸纹样、自然意趣、清雅纹样、生机、安康、坚韧、清雅、自然和美、自然意趣纹样、护佑、坚贞、圆满,浅金、青绿、青灰、米白、赭石,蒲草纹、菖蒲纹、水波纹、荷塘莲纹,https://wenyang.net/#/p/reed-pattern,第19批_361-380_植物花卉纹,patterns/361-380_植物花卉纹/374_芦苇纹_卡片图.jpg
375,蒲草纹,Cattail Pattern,pú cǎo wén,植物花卉纹,不限定单一时期，常见于表现水乡、湿地和四时草木的传统绘画、瓷器及民俗装饰中。,,以蒲草与褐色蒲棒入纹，长叶挺拔、枝穗错落，呈现水乡野趣，寓意安康丰足与生命绵延。,富贵、护佑、生机、连绵,丰收、安康、生机、富足、生命绵延,,通常由成簇蒲草、褐色蒲棒、狭长叶片、水面与岸边草木组成。蒲棒高低穿插，叶片由基部向外舒展，配合水波、云气或浅滩形成上下贯通的植物景观。,湿地文旅视觉、茶饮包装、自然教育物料、家居装饰、新中式插画、文具纸品,褐色蒲棒形态简洁，识别度高、长叶挺拔交错，形成纵向韵律、水塘与浅滩强化湿地环境特征、青绿、米金和赭褐呈现朴素水乡气息,蒲草纹、蒲棒纹、水生植物纹、草木纹、田园纹样、自然写生、丰收、安康、生机、富足、生命绵延、富贵、护佑、连绵,赭石、青绿、浅金、青灰、米白,芦苇纹、菖蒲纹、艾草纹、荷塘莲纹,https://wenyang.net/#/p/cattail-pattern,第19批_361-380_植物花卉纹,patterns/361-380_植物花卉纹/375_蒲草纹_卡片图.jpg
376,菖蒲纹,Calamus Pattern,chāng pú wén,植物花卉纹,菖蒲长期与端午民俗及药草文化相联系，常见于岁朝清供、节令绘画、瓷器和织绣装饰中。,,以菖蒲长叶与花穗入纹，叶形如剑、清挺向上，寄寓安康护佑、辟邪纳福与端午吉庆。,护佑、福气、吉祥,安康、护佑、辟邪、纳福、端午吉庆,,通常由成簇菖蒲叶、柱状花穗、水面、岸石或太湖石组成。叶片从基部放射伸展，彼此交叠形成密集的纵向线条，花穗穿插其间，可配水波与祥云丰富层次。,端午礼盒、健康品牌视觉、香文化产品、节令海报、新中式家居、博物馆文创,叶片狭长如剑，轮廓清挺有力、花穗直立，形成细小的视觉节点、叶丛密集向上，具有护卫与升腾感、青绿、石青与浅金呈现清净古雅气质,菖蒲纹、药草纹、岁时纹样、端午纹样、辟邪纹样、水生植物纹、安康、护佑、辟邪、纳福、端午吉庆、吉祥纹样、福气、吉祥,深青、石青、米白、浅金、墨黑,艾草纹、蒲草纹、芦苇纹,https://wenyang.net/#/p/calamus-pattern,第19批_361-380_植物花卉纹,patterns/361-380_植物花卉纹/376_菖蒲纹_卡片图.jpg
377,艾草纹,Mugwort Pattern,ài cǎo wén,植物花卉纹,艾草长期用于端午等岁时民俗，相关形象常见于节令绘画、民俗陈设、瓷器和织绣装饰。,,以艾草枝叶入纹，叶片分裂舒展、清气挺秀，寓意安康护佑、祛邪纳福与岁时吉庆。,护佑、福气、吉祥,安康、护佑、辟邪、纳福、岁时吉庆,,通常由数枝艾草、层层分裂的叶片、低矮野草和山石组成。主枝向上伸展，侧枝交错展开，叶片疏密变化形成丰富轮廓，可配祥云或留白保持清雅气息。,端午包装、草本健康品牌、香氛产品、节气海报、新中式插画、文化教育物料,叶片深裂并带锯齿，植物识别鲜明、枝茎直立分叉，构图清挺向上、叶丛层次丰富但整体保持疏朗、灰绿、青绿与米白呈现药草清润感,艾草纹、药草纹、岁时纹样、端午纹样、护佑纹样、草木纹、安康、护佑、辟邪、纳福、岁时吉庆、吉祥纹样、福气、吉祥,银灰、青绿、米白、古金、墨黑,菖蒲纹、蒲草纹,https://wenyang.net/#/p/mugwort-pattern,第19批_361-380_植物花卉纹,patterns/361-380_植物花卉纹/377_艾草纹_卡片图.jpg
378,灵芝如意纹,Lingzhi and Ruyi Pattern,líng zhī rú yì wén,植物花卉纹,灵芝与如意均为传统吉祥题材，组合纹样在明清瓷器、织绣、雕刻和宫廷陈设中较为常见。,,以灵芝与如意相互组合，菌盖层叠、如意曲线婉转，寓意长寿安康、万事如意与祥瑞绵延。,长寿、吉祥、祥瑞、福气、护佑,长寿、如意、祥瑞、福泽、安康,,通常由大小灵芝、长柄如意、祥云、寿石及流苏结饰组成。灵芝围绕山石或如意分布，如意以舒展的S形曲线贯穿画面，云气与花草填补空隙，形成上下连贯的祥瑞构图。,寿礼包装、健康品牌视觉、高端礼盒、新中式家居、珠宝首饰图案、博物馆文创,灵芝菌盖层层展开，纹理细密、如意轮廓曲折婉转，形成主导曲线、寿石、云气与结饰增强华贵层次、朱砂、青绿与暖金具有典雅宫廷感,灵芝如意纹、灵芝纹、如意纹、长寿纹样、吉祥纹样、宫廷纹样、长寿、如意、祥瑞、福泽、安康、吉祥、福气、护佑,朱砂、青绿、古金、米白、石青,灵芝祥云纹、如意云纹、灵芝纹、团寿纹,https://wenyang.net/#/p/lingzhi-ruyi-pattern,第19批_361-380_植物花卉纹,patterns/361-380_植物花卉纹/378_灵芝如意纹_卡片图.jpg
379,灵芝祥云纹,Lingzhi and Auspicious Clouds Pattern,líng zhī xiáng yún wén,植物花卉纹,灵芝与祥云是长期流行的吉祥题材，组合形式常见于明清瓷器、织绣、漆器和建筑彩画。,,以灵芝与祥云入纹，芝盖丰润、云气回旋，构成升腾祥瑞之势，寓意长寿安康、福气绵延与吉庆临门。,长寿、吉祥、祥瑞、福气,长寿、如意、祥瑞、福气绵延、吉庆安宁,,通常由高低错落的灵芝、层叠山石、卷曲祥云及瑞草花叶组成。灵芝依石生长，祥云在其间穿行环绕，通过虚实、疏密与上下呼应形成升腾连绵的构图。,寿庆礼盒、养生品牌包装、文化展陈、新中式壁纸、服饰印花、博物馆文创,灵芝菌盖宽大丰润，层纹清晰、祥云连续回旋，形成流动包围感、寿石竖向挺立，稳定画面重心、朱砂、赭金、青绿与米白古雅协调,灵芝祥云纹、灵芝纹、祥云纹、长寿纹样、吉祥纹样、瑞草纹、长寿、如意、祥瑞、福气绵延、吉庆安宁、云纹、吉祥、福气,朱砂、古金、青绿、米白、浅金,灵芝如意纹、祥云纹、团寿纹,https://wenyang.net/#/p/lingzhi-auspicious-clouds-pattern,第19批_361-380_植物花卉纹,patterns/361-380_植物花卉纹/379_灵芝祥云纹_卡片图.jpg
380,百合纹,Lily Pattern,bǎi hé wén,植物花卉纹,不限定单一时期，百合花题材常随花鸟画、婚庆吉祥图案及瓷器织绣装饰流传。,,以盛放百合与修长花叶入纹，花姿端丽清雅，寓意百年好合、和美圆满与吉祥安宁。,圆满、吉祥、护佑,百年好合、和美、吉祥、圆满、安宁,,通常由数朵盛放百合、不同阶段的花苞、直立枝茎与狭长叶片组成。花朵作为视觉中心，枝叶由下向上穿插延展，可配祥云或山石形成疏密均衡的花卉构图。,婚礼视觉、香氛包装、美妆品牌、家居布艺、节庆礼盒、新中式插画,花瓣宽展外翻，花冠端庄醒目、花蕊细长，增强中心层次、叶片狭长流畅，形成向上节奏、象牙白、青绿与浅金呈现清雅洁净感,百合纹、花卉纹、草木纹、婚庆纹样、和合纹样、吉祥纹样、百年好合、和美、吉祥、圆满、安宁、护佑,暖白、青绿、浅金、淡粉、米白,并蒂莲纹、鸳鸯纹,https://wenyang.net/#/p/lily-pattern,第19批_361-380_植物花卉纹,patterns/361-380_植物花卉纹/380_百合纹_卡片图.jpg
381,萱草寿石纹,Daylily and Longevity Rock Pattern,xuān cǎo shòu shí wén,植物花卉纹,不限定单一时期，常见于以花卉草木、药草写生与花鸟吉祥题材为主题的传统绘画、瓷器、织绣及陈设装饰中。,,以萱草与寿石入纹，花叶清秀舒展，常见于陈设装饰，寓意忘忧安康、亲情绵长与吉祥雅致。,清雅、圆满、护佑、长寿、吉祥,忘忧、亲情、安康、长寿、吉祥雅致,,通常由盛开的萱草、含苞花蕾、修长叶片、孔洞寿石和低矮瑞草组成。寿石多位于画面中下部作为视觉支点，萱草从石后或石侧向上生长，辅以祥云、野花与坡地形成完整陈设景观。,康养品牌视觉、亲情主题礼品、花卉包装、新中式家居、博物馆文创、文化展陈,萱草花冠舒展，花瓣细长并带柔和翻卷、寿石孔洞层叠，轮廓嶙峋而稳定、花叶纵向生长，与山石形成刚柔对照、橙粉、青绿与石青共同营造清雅庭院气息,萱草寿石纹、萱草纹、寿石纹、花卉纹、安康纹样、吉祥纹样、忘忧、亲情、安康、长寿、吉祥雅致、药草花卉纹、清雅、圆满、护佑、吉祥,柿橙、青绿、石青、米白、古金,菊花寿字纹,https://wenyang.net/#/p/daylily-longevity-rock-pattern,第20批_381-400_植物花卉纹,patterns/381-400_植物花卉纹/381_萱草寿石纹_卡片图.jpg
382,薄荷叶纹,Mint Leaf Pattern,bò he yè wén,植物花卉纹,不限定单一时期，常见于以花卉草木、药草写生与花鸟吉祥题材为主题的传统绘画、瓷器、织绣及陈设装饰中。,,以薄荷叶入纹，叶姿清新舒展，常见于瓷绣陈设，寓意清净和美、圆满安宁与自然生机。,清雅、圆满、生机,清净、和美、圆满、清新、自然生机,,通常由直立薄荷茎、对生叶片、细小花序和少量云气组成。枝茎向上分叉，叶片层层错落，花序集中于顶端或叶腋，使画面形成稳定而富有节奏的纵向结构。,草本茶饮包装、香氛品牌视觉、植物护肤包装、家居纹样、健康生活文创、数字插画,叶片对生成簇，边缘呈清晰锯齿状、叶脉细密，叶面层次清润柔和、枝茎直立分叉，花序细小轻盈、灰青绿与浅金配色突出清新药草气质,薄荷叶纹、药草纹、叶纹、植物纹、清新纹样、自然纹样、清净、和美、圆满、清新、自然生机、清雅、生机,青绿、青灰、浅金、米白、墨绿,,https://wenyang.net/#/p/mint-leaf-pattern,第20批_381-400_植物花卉纹,patterns/381-400_植物花卉纹/382_薄荷叶纹_卡片图.jpg
383,牵牛花纹,Morning Glory Pattern,qiān niú huā wén,植物花卉纹,不限定单一时期，常见于以花卉草木、药草写生与花鸟吉祥题材为主题的传统绘画、瓷器、织绣及陈设装饰中。,,以牵牛花入纹，花形柔婉清丽，藤蔓舒卷有致，寓意生机盎然、柔美勤勉与吉祥常新。,生机、圆满、坚贞、连绵、吉祥,生机、柔美、勤勉、连绵、吉祥常新,,通常由盛开的牵牛花、未放花苞、心形叶片、卷须和缠绕藤茎组成。藤蔓沿弧线向上攀援，花朵在不同高度错落展开，辅以祥云或细小草叶，使画面具有连绵而轻盈的流动感。,香氛包装、文具纸品、服饰印花、茶饮视觉、家居织物、新中式插画,花冠呈漏斗形，花瓣边缘柔和外翻、心形叶片与纤细卷须识别度鲜明、藤蔓曲线连续缠绕，节奏灵活、淡紫、灰蓝与青绿营造清晨般的清润气息,牵牛花纹、藤蔓纹、草花纹、花卉纹、生机纹样、吉祥纹样、生机、柔美、勤勉、连绵、吉祥常新、藤蔓花卉纹、圆满、坚贞、吉祥,藤萝紫、青灰、青绿、米白、浅金,藤萝纹、紫藤纹,https://wenyang.net/#/p/morning-glory-pattern,第20批_381-400_植物花卉纹,patterns/381-400_植物花卉纹/383_牵牛花纹_卡片图.jpg
384,藤萝纹,Wisteria Vine Pattern,téng luó wén,植物花卉纹,不限定单一时期，常见于以花卉草木、药草写生与花鸟吉祥题材为主题的传统绘画、瓷器、织绣及陈设装饰中。,,以藤萝入纹，枝蔓垂垂成景，花叶连绵舒展，寓意生机绵延、柔美雅致与吉庆相随。,连绵、生机、圆满、清雅、吉祥,连绵、生机、柔美、雅致、吉庆,,通常由弯曲粗藤、分枝细蔓、浅紫花穗、复叶和山石组成。老藤从画面上方或侧面盘旋伸出，多组花序向下垂落，寿石位于中下部承托构图，形成疏密交替的垂直景深。,庭院品牌视觉、香文化包装、家居软装、服饰印花、婚礼纸品、文化展陈,老藤盘曲苍劲，与柔软花穗形成对照、花序成串下垂，层层错落、复叶轻盈密集，枝蔓连续穿插、浅紫、青绿与石青构成幽雅庭园色调,藤萝纹、藤蔓纹、垂枝纹、花卉纹、连绵纹样、庭园纹样、连绵、生机、柔美、雅致、吉庆、垂枝纹样、圆满、清雅、吉祥,藤萝紫、青绿、石青、米白、古金,紫藤纹、牵牛花纹,https://wenyang.net/#/p/wisteria-vine-pattern,第20批_381-400_植物花卉纹,patterns/381-400_植物花卉纹/384_藤萝纹_卡片图.jpg
385,紫藤纹,Wisteria Pattern,zǐ téng wén,植物花卉纹,不限定单一时期，常见于以花卉草木、药草写生与花鸟吉祥题材为主题的传统绘画、瓷器、织绣及陈设装饰中。,,以紫藤入纹，花序垂垂繁密，枝蔓流转成趣，寓意连绵不断、柔美繁盛与春和景明。,连绵、圆满、生机、自然、吉祥,连绵、柔美、繁盛、春意、吉祥,,通常由粗细相间的藤干、成串紫藤花穗、羽状复叶和云气组成。主枝沿画面边缘蜿蜒，花穗从不同节点向下垂落，形成上密下疏或左右呼应的装饰布局。,女性品牌视觉、香氛包装、婚礼设计、服饰印花、家居壁画、新中式插画,紫色花穗繁密垂落，形成强烈纵向节奏、枝干蜿蜒盘曲，具有连续延展感、复叶轻柔分布，平衡花团密度、淡紫、藕粉、青绿与暖金营造繁盛春景,紫藤纹、藤蔓纹、花卉纹、垂花纹、繁盛纹样、春日纹样、连绵、柔美、繁盛、春意、吉祥、藤蔓花卉纹、吉祥纹样、圆满、生机、自然,藤萝紫、淡粉、青绿、米白、古金,藤萝纹、牵牛花纹,https://wenyang.net/#/p/wisteria-pattern,第20批_381-400_植物花卉纹,patterns/381-400_植物花卉纹/385_紫藤纹_卡片图.jpg
386,月季纹,Chinese Rose Pattern,yuè jì wén,植物花卉纹,不限定单一时期，常见于以花卉草木、药草写生与花鸟吉祥题材为主题的传统绘画、瓷器、织绣及陈设装饰中。,,以月季入纹，花姿丰润秀雅，枝叶清妍舒展，寓意美好长春、雅致和乐与生机常在。,圆满、清雅、长寿、生机,美好、雅致、长春、和乐、生机常在,,通常由盛开月季、半开花朵、花苞、复叶和带刺枝干组成。主花位于画面中心或上部，枝条向两侧伸展，花苞在不同生长阶段穿插，使构图具有连续开花的时间感。,美妆包装、香氛品牌、服饰印花、节庆礼盒、家居软装、新中式品牌视觉,花瓣层叠丰润，花心结构清晰、花苞与盛花并置，表现连续开放状态、枝干带刺、复叶细密，形态辨识度高、珊瑚粉、朱砂与青绿营造温润长春气息,月季纹、中国月季、花卉纹、长春纹样、折枝花纹、吉祥纹样、美好、雅致、长春、和乐、生机常在、长春吉祥纹样、圆满、清雅、长寿、生机,珊瑚红、朱砂、青绿、米白、浅金,玫瑰纹、山茶纹、牡丹蝶纹,https://wenyang.net/#/p/chinese-rose-pattern,第20批_381-400_植物花卉纹,patterns/381-400_植物花卉纹/386_月季纹_卡片图.jpg
387,玫瑰纹,Rose Pattern,méi gui wén,植物花卉纹,不限定单一时期，常见于以花卉草木、药草写生与花鸟吉祥题材为主题的传统绘画、瓷器、织绣及陈设装饰中。,,以玫瑰入纹，花朵丰美馥郁，枝叶婉转生姿，寓意美好和合、繁盛吉庆与柔雅常伴。,圆满、生机、吉祥、清雅,美好、和合、繁盛、吉庆、柔雅,,通常由多层盛开玫瑰、半开花朵、细长花苞、复叶和曲折枝条组成。花朵沿主枝分布，大小相间并前后遮叠，辅以祥云和浅金纹理，形成繁而有序的竖向花枝构图。,婚礼视觉、香氛包装、美妆品牌、服饰图案、节庆礼盒、数字插画,花瓣多层卷叠，花冠饱满而富有质感、花朵与花苞大小错落，层次丰富、枝叶婉转穿插，构图繁密但保持呼吸感、玫红、胭脂粉与青绿形成华美柔雅对比,玫瑰纹、花卉纹、折枝花纹、和合纹样、繁盛纹样、新中式纹样、美好、和合、繁盛、吉庆、柔雅、吉祥纹样、圆满、生机、吉祥、清雅,朱红、淡粉、青绿、米白、古金,月季纹、山茶纹、牡丹蝶纹,https://wenyang.net/#/p/rose-pattern-387,第20批_381-400_植物花卉纹,patterns/381-400_植物花卉纹/387_玫瑰纹_卡片图.jpg
388,茶花锦鸡纹,Camellia and Golden Pheasant Pattern,chá huā jǐn jī wén,植物花卉纹,不限定单一时期，常见于以花卉草木、药草写生与花鸟吉祥题材为主题的传统绘画、瓷器、织绣及陈设装饰中。,,以茶花与锦鸡入纹，花叶华润雍雅，禽姿灵秀华美，寓意雅致富丽、坚韧吉祥与和乐呈辉。,清雅、富贵、坚贞、吉祥、圆满,雅致、富丽、坚韧、吉祥、和乐呈辉,,通常由红白茶花、含苞花蕾、厚实叶片、锦鸡、寿石和瑞草组成。锦鸡多立于山石之上或花枝之间，长尾沿画面向下延伸，茶花在上下两端围合，使主体形成稳定的对角线构图。,高端礼盒、酒店空间艺术、服饰刺绣、博物馆文创、节庆视觉、新中式家居,锦鸡羽色层次丰富，长尾形成显著装饰线条、茶花花瓣饱满，红白花朵相互映衬、寿石承托禽鸟，花枝围合主体、金红、青绿、象牙白与石青营造富丽宫廷感,茶花锦鸡纹、茶花纹、锦鸡纹、花鸟纹、富丽纹样、吉祥纹样、雅致、富丽、坚韧、吉祥、和乐呈辉、清雅、富贵、坚贞、圆满,浅金、朱砂、青绿、暖白、石青,山茶纹,https://wenyang.net/#/p/camellia-golden-pheasant-pattern,第20批_381-400_植物花卉纹,patterns/381-400_植物花卉纹/388_茶花锦鸡纹_卡片图.jpg
389,山茶纹,Camellia Pattern,shān chá wén,植物花卉纹,不限定单一时期，常见于以花卉草木、药草写生与花鸟吉祥题材为主题的传统绘画、瓷器、织绣及陈设装饰中。,,以山茶入纹，花色明丽端雅，枝叶厚润清整，寓意雅致富丽、坚韧长久与吉庆安和。,清雅、富贵、坚贞、长寿、吉祥,雅致、富丽、坚韧、长久、吉庆安和,,通常由盛开山茶、半开花朵、圆润花苞、厚叶和木质枝干组成。主花沿枝条上下错落，红白花色相间，叶片在花朵周围形成深色衬托，辅以祥云构成清整的折枝花布局。,茶品牌包装、美妆视觉、家居织物、新中式服饰、节庆礼盒、文化展陈,花冠圆整，花瓣多层密集排列、叶片厚润有光泽，边缘细齿清晰、红白花朵交替分布，层次明快、珊瑚红、象牙白和墨绿形成端雅富丽效果,山茶纹、茶花纹、花卉纹、折枝花纹、坚韧纹样、吉祥纹样、雅致、富丽、坚韧、长久、吉庆安和、清雅、富贵、坚贞、长寿、吉祥,朱红、暖白、墨绿、米白、古金,茶花锦鸡纹、月季纹、玫瑰纹,https://wenyang.net/#/p/camellia-pattern-389,第20批_381-400_植物花卉纹,patterns/381-400_植物花卉纹/389_山茶纹_卡片图.jpg
390,木槿纹,Hibiscus Syriacus Pattern,mù jǐn wén,植物花卉纹,不限定单一时期，常见于以花卉草木、药草写生与花鸟吉祥题材为主题的传统绘画、瓷器、织绣及陈设装饰中。,,以木槿入纹，花姿轻柔明秀，叶脉舒朗清新，寓意坚韧温柔、长久相守与安然生机。,坚贞、长寿、护佑,坚韧、温柔、长久、相守、安然生机,,通常由盛开木槿、长形花苞、分叉枝条和三裂或卵形叶片组成。花朵在枝条两侧错落开放，花苞贯穿上下，枝条形成清晰的纵向骨架，祥云留白用于平衡画面。,生活方式品牌、香氛包装、服饰印花、家居壁纸、文具纸品、新中式插画,花冠大而轻薄，花瓣边缘微卷、中央花柱突出，结构辨识鲜明、叶片分裂、叶脉舒朗，枝条挺拔、淡紫、象牙白与灰青绿营造温柔清新的色调,木槿纹、木槿花纹、花卉纹、木本花纹、坚韧纹样、温柔纹样、坚韧、温柔、长久、相守、安然生机、吉祥纹样、坚贞、长寿、护佑,藤萝紫、暖白、银灰、米白、浅金,牵牛花纹、山茶纹,https://wenyang.net/#/p/hibiscus-syriacus-pattern,第20批_381-400_植物花卉纹,patterns/381-400_植物花卉纹/390_木槿纹_卡片图.jpg
391,芍药双蝶纹,Paeony and Pair of Butterflies Pattern,sháo yào shuāng dié wén,植物花卉纹,不限定单一时期，常见于传统花鸟画、瓷器、织绣、建筑与器物装饰中，并可作为现代新中式图形设计的再创作题材。,,以芍药与双蝶入纹，花姿丰润华美，蝶影成双翩然，寓意美丽和合、富贵吉庆与佳缘相随。,圆满、富贵、吉祥,美丽、和合、富贵、吉庆、佳缘,,通常由一至数朵盛放芍药、含苞花蕾、翻卷枝叶与成对蝴蝶组成。芍药作为画面主体，双蝶分布于花冠上方或两侧，枝叶沿纵向伸展，并以祥云、坡地或小花补足层次。,婚礼视觉、礼盒包装、女性品牌视觉、家居软装、博物馆文创、服饰印花,芍药花冠硕大饱满，花瓣层层翻卷、双蝶一高一低或相向飞舞，形成呼应关系、枝叶舒展并与花冠构成疏密对比、淡粉、青绿与暖金营造华美柔雅气息,芍药双蝶纹、芍药纹、双蝶纹、花蝶纹、和合纹样、富贵纹样、美丽、和合、富贵、吉庆、佳缘、花卉纹、蝶纹、吉祥纹样、圆满、吉祥,淡粉、青绿、米白、古金、朱砂,芍药蝶纹、牡丹蝶纹、蝶恋花纹、团花纹、四季花卉纹,https://wenyang.net/#/p/paeony-pair-butterflies-pattern,第20批_381-400_植物花卉纹,patterns/381-400_植物花卉纹/391_芍药双蝶纹_卡片图.jpg
392,芍药蝶纹,Paeony Butterfly Pattern,sháo yào dié wén,植物花卉纹,不限定单一时期，常见于传统花鸟画、瓷器、织绣、建筑与器物装饰中，并可作为现代新中式图形设计的再创作题材。,,以芍药与彩蝶入纹，花冠丰润清雅，蝶影轻盈相映，寓意美丽富贵、和合吉庆与生机常新。,圆满、富贵、吉祥、生机,美丽、和合、富贵、吉庆、生机,,常由盛放芍药、花蕾、枝叶和一只彩蝶组成。芍药集中在画面中部或下部，蝴蝶位于花冠上方形成动态焦点，枝叶向外舒展，祥云或小草作为辅助元素。,美妆包装、香氛视觉、礼品包装、服饰印花、家居装饰、数字插画,芍药层瓣细密，花冠饱满、彩蝶位于花上或花侧，姿态轻盈、主体集中，留白充足，构图清雅、粉、青绿、浅金形成柔和古典配色,芍药蝶纹、芍药纹、蝴蝶纹、花蝶纹、富贵纹样、吉祥纹样、美丽、和合、富贵、吉庆、生机、花卉纹、蝶纹、圆满、吉祥,淡粉、深青、米白、古金、赭石,芍药双蝶纹、牡丹蝶纹、菊花蝶纹、牵牛花纹、花叶散点纹,https://wenyang.net/#/p/paeony-butterfly-pattern,第20批_381-400_植物花卉纹,patterns/381-400_植物花卉纹/392_芍药蝶纹_卡片图.jpg
393,芭蕉叶纹,Banana Leaf Pattern,bā jiāo yè wén,植物花卉纹,不限定单一时期，常见于传统花鸟画、瓷器、织绣、建筑与器物装饰中，并可作为现代新中式图形设计的再创作题材。,,以舒展芭蕉叶入纹，叶脉清晰、姿态疏朗，寓意清雅文意、生机舒展与庭院静趣。,清雅、生机、连绵,清雅、文意、生机、舒展、静趣,,通常由数片宽大的芭蕉叶、叶柄、叶脉和花序组成。叶片自下而上舒展，前后叠压形成空间层次，可辅以祥云、山石或小草，构成庭院植物景观。,茶空间视觉、家居壁纸、庭院品牌、文具包装、服饰印花、数字背景,叶片宽大修长，主脉清晰、叶缘自然开裂或轻微翻卷，具有写生感、纵向生长构图突出挺拔与舒展、青绿、灰绿和浅金形成清润古雅氛围,芭蕉叶纹、叶纹、草木纹、庭院纹样、清雅纹样、植物纹、清雅、文意、生机、舒展、静趣、连绵,深青、青灰、米白、浅金、赭石,芭蕉雨纹、梧桐叶纹、柘叶纹、蒲草纹、花叶散点纹,https://wenyang.net/#/p/banana-leaf-pattern,第20批_381-400_植物花卉纹,patterns/381-400_植物花卉纹/393_芭蕉叶纹_卡片图.jpg
394,芭蕉雨纹,Plantain Leaves in Rain Pattern,bā jiāo yǔ wén,植物花卉纹,不限定单一时期，常见于传统花鸟画、瓷器、织绣、建筑与器物装饰中，并可作为现代新中式图形设计的再创作题材。,,以芭蕉与雨意入纹，叶色清润有致，雨丝滴露相映，寓意清雅文思、生机滋养与幽静庭院意趣。,清雅、生机,清雅、文意、滋养、生机、幽趣,,通常由芭蕉叶、雨丝、水珠、山石和庭院草木组成。芭蕉位于主体位置，叶片向上展开，雨丝斜落或垂直穿过画面，叶面水珠和地面水纹补充湿润感。,茶室视觉、雨季海报、家居壁纸、文化空间导视、香氛包装、数字插画,宽大蕉叶与细密雨丝形成尺度对比、叶面水珠突出清润质感、构图纵向延伸，具有听雨般的节奏、灰青、豆绿与米白呈现幽静雨景,芭蕉雨纹、芭蕉纹、雨景纹、叶纹、庭院纹样、清雅纹样、清雅、文意、滋养、生机、幽趣,深青、青绿、青灰、米白、浅金,芭蕉叶纹、芦苇纹、蒲草纹、荷塘莲纹、竹叶云纹,https://wenyang.net/#/p/plantain-leaves-rain-pattern,第20批_381-400_植物花卉纹,patterns/381-400_植物花卉纹/394_芭蕉雨纹_卡片图.jpg
395,梧桐叶纹,Wutong Leaf Pattern,wú tóng yè wén,植物花卉纹,不限定单一时期，常见于传统花鸟画、瓷器、织绣、建筑与器物装饰中，并可作为现代新中式图形设计的再创作题材。,,以梧桐叶入纹，叶片舒展清劲、姿态高洁雅正，寓意祥瑞引凤、生机长存与品格清正。,清雅、祥瑞、生机,高洁、祥瑞、引凤、生机、清正,,通常由梧桐枝干、掌状叶片、叶柄和小型果实组成。枝条斜向穿过画面，大小叶片交错展开，果实点缀于节点附近，祥云或留白强化疏朗感。,文化品牌视觉、书籍装帧、家居纹样、茶礼包装、建筑装饰、数字插画,掌状叶片轮廓鲜明，叶脉放射展开、枝条转折有力，形成清劲骨架、叶片大小交错，疏密关系明确、青灰、灰绿与暖金表现高洁古雅,梧桐叶纹、梧桐纹、叶纹、乔木纹、祥瑞纹样、高洁纹样、高洁、祥瑞、引凤、生机、清正、清雅,深青、青灰、米白、古金、赭石,梧桐凤纹、芭蕉叶纹、柘叶纹、竹叶云纹、花叶散点纹,https://wenyang.net/#/p/wutong-leaf-pattern,第20批_381-400_植物花卉纹,patterns/381-400_植物花卉纹/395_梧桐叶纹_卡片图.jpg
396,梧桐凤纹,Phoenix and Wutong Tree Pattern,wú tóng fèng wén,植物花卉纹,不限定单一时期，常见于传统花鸟画、瓷器、织绣、建筑与器物装饰中，并可作为现代新中式图形设计的再创作题材。,,以梧桐与凤凰入纹，枝叶清雅疏朗，凤姿华美祥瑞，寓意高洁引凤、吉庆来仪与贤德相逢。,清雅、祥瑞、吉祥、坚贞,高洁、祥瑞、引凤、吉庆来仪、贤德,,通常由凤凰、梧桐枝干、掌状叶片、花序或祥云组成。凤凰停驻枝上或立于树旁，梧桐枝叶环绕其身体和尾羽，祥云穿插于上方与空隙，形成纵向华美构图。,礼仪视觉、文化空间、高端礼盒、婚庆设计、家居屏风、博物馆文创,凤凰冠羽与长尾形成流动曲线、梧桐枝叶提供稳定而清劲的结构、鸟与树相互穿插，画面层次丰富、朱砂、青绿、暖金呈现尊贵祥瑞气息,梧桐凤纹、凤凰纹、梧桐纹、花鸟纹、祥瑞纹样、吉庆纹样、高洁、祥瑞、引凤、吉庆来仪、贤德、清雅、吉祥、坚贞,朱砂、青绿、古金、米白、石青,梧桐叶纹、凤穿海棠纹、双凤朝阳纹、鸾凤和鸣纹、牡丹凤鸟纹,https://wenyang.net/#/p/phoenix-wutong-tree-pattern,第20批_381-400_植物花卉纹,patterns/381-400_植物花卉纹/396_梧桐凤纹_卡片图.jpg
397,柘叶纹,Cudrania Leaf Pattern,zhè yè wén,植物花卉纹,不限定单一时期，常见于传统花鸟画、瓷器、织绣、建筑与器物装饰中，并可作为现代新中式图形设计的再创作题材。,,以柘叶与枝实入纹，枝叶丰茂自然、形态质朴生动，寓意安康富足、丰收顺遂与生机常在。,富贵、护佑、吉祥、生机,丰收、安康、富足、顺遂、生机,,通常由木质枝干、卵形或宽卵形叶片、叶脉和簇生果实组成。枝条斜向或曲折展开，叶片前后叠压，果实集中在枝节点附近，以祥云或留白补充节奏。,农产品包装、健康食品品牌、自然教育视觉、家居织物、文具设计、数字插画,叶片宽厚，叶脉清晰，轮廓质朴、枝条曲折有力，具有自然写生感、小果实成簇点缀，增强丰收气息、青绿、赭石与浅朱形成朴雅配色,柘叶纹、柘树纹、叶纹、果实纹、草木纹、丰收纹样、丰收、安康、富足、顺遂、生机、富贵、护佑、吉祥,深青、赭石、朱砂、米白、古金,梧桐叶纹、芭蕉叶纹、花叶散点纹、蔓藤边饰纹、四季花卉纹,https://wenyang.net/#/p/cudrania-leaf-pattern,第20批_381-400_植物花卉纹,patterns/381-400_植物花卉纹/397_柘叶纹_卡片图.jpg
398,蔓藤边饰纹,Vine Border Pattern,màn téng biān shì wén,植物花卉纹,不限定单一时期，常见于传统花鸟画、瓷器、织绣、建筑与器物装饰中，并可作为现代新中式图形设计的再创作题材。,,以蔓藤回旋连绵入纹，枝蔓穿插、花叶相续，构图装饰有致，寓意丰足安康与生命延续。,连绵、生机、富贵、护佑,连绵、生机、丰足、安康、延续,,通常由主藤、分枝、卷须、叶片与小花组成。主藤沿边缘连续延伸，分枝交替向内外展开，卷须形成回旋节点，花叶按一定节奏重复排列。,品牌边框系统、包装腰封、网页装饰边界、书籍版式、服饰花边、文创胶带,藤蔓曲线连续流动，具有明确方向性、花叶沿主藤交替分布，节奏稳定、卷须形成圆转节点，装饰性突出、适合横向、纵向、环形及角隅延展,蔓藤边饰纹、蔓藤纹、边饰纹、连续纹样、植物纹、装饰纹样、连绵、生机、丰足、安康、延续、富贵、护佑,深青、青绿、淡粉、米白、古金,牡丹卷草纹、莲花卷草纹、花叶散点纹、四季花卉纹、藤萝纹,https://wenyang.net/#/p/vine-border-pattern,第20批_381-400_植物花卉纹,patterns/381-400_植物花卉纹/398_蔓藤边饰纹_卡片图.jpg
399,花叶散点纹,Scattered Flower-and-Leaf Pattern,huā yè sǎn diǎn wén,植物花卉纹,不限定单一时期，常见于传统花鸟画、瓷器、织绣、建筑与器物装饰中，并可作为现代新中式图形设计的再创作题材。,,以花叶散点入纹，花枝点缀疏朗、布局轻盈灵动，寓意丰足安康、自然生机与四时和美。,富贵、护佑、圆满、生机、长寿,丰足、安康、和美、生机、四时常新,,通常由折枝花卉、单叶、小花簇、花蕾和蝶虫等小单元组成。各单元按斜向、旋转或错位方式散布，保持彼此间的呼吸空间，并通过重复色彩和枝叶方向建立整体联系。,包装底纹、服饰印花、网页背景、家居壁纸、礼品纸、品牌图案系统,多种花叶单元散布，中心性较弱、大小、方向和疏密变化形成活泼节奏、单元之间留白充足，画面轻盈、适合连续复制并扩展为满地纹,花叶散点纹、花叶纹、散点纹、满地纹、植物纹、连续纹样、丰足、安康、和美、生机、四时常新、满地纹样、富贵、护佑、圆满、长寿,淡粉、青绿、米白、浅金,四季花卉纹、蔓藤边饰纹、团花纹、芍药蝶纹,https://wenyang.net/#/p/scattered-flower-leaf-pattern,第20批_381-400_植物花卉纹,patterns/381-400_植物花卉纹/399_花叶散点纹_卡片图.jpg
400,四季花卉纹,Four-Season Floral Pattern,sì jì huā huì wén,植物花卉纹,不限定单一时期，常见于传统花鸟画、瓷器、织绣、建筑与器物装饰中，并可作为现代新中式图形设计的再创作题材。,,以四季花卉组合入纹，群芳和合成景、四时意趣兼备，寓意丰收安康、富足绵长与生机长驻。,长寿、富贵、护佑、生机,四时常新、丰收、安康、富足、生机长驻,,通常由春季梅花或海棠、夏季莲花、秋季菊花以及牡丹等主体花卉组合而成，辅以枝叶、花蕾、祥云和坡地。不同花卉按高低、前后和花冠大小分层安排，形成群芳汇聚的完整景观。,节庆视觉、四季礼盒、文化展陈、家居屏风、服饰印花、博物馆文创,多种代表性花卉同景出现，识别度丰富、花冠大小与枝叶形态形成层次变化、纵向群芳构图饱满而有秩序、粉、青绿、金黄和米白呈现四时和美,四季花卉纹、四季花纹、组合花卉纹、吉祥纹样、花卉纹、繁盛纹样、四时常新、丰收、安康、富足、生机长驻、组合纹样、长寿、富贵、护佑、生机,淡粉、深青、浅金、白色、古金,花叶散点纹、梅兰竹菊纹、牡丹蝶纹、荷塘莲纹、菊花团纹,https://wenyang.net/#/p/four-season-floral-pattern,第20批_381-400_植物花卉纹,patterns/381-400_植物花卉纹/400_四季花卉纹_卡片图.jpg
401,鸡纹,Rooster Pattern,jī wén,动物瑞兽纹,不限定单一时期，常见于传统花鸟画、瓷器、织绣、建筑与器物装饰中，并可作为现代新中式图形设计的再创作题材。,,以鸡为主题入纹，着重表现禽鸟姿态与生态意趣，常见于花鸟画、瓷器与织绣装饰，寓意吉祥守时、勇武昂扬。,吉祥、护佑、升腾、生机,吉祥、守时、勇武、昂扬、生机,,通常由一只挺立公鸡、舒展尾羽、花卉枝叶与山石组成。公鸡位于视觉中心，头冠和尾羽形成上下呼应，花枝或竹叶穿插周边，山石承托主体并稳定画面。,生肖视觉、节庆包装、餐饮品牌、家居装饰、服饰印花、博物馆文创,鸡冠鲜明，头颈昂扬，主体识别度高、尾羽呈弧形舒展，形成流动节奏、花卉、竹叶和山石构成自然生态场景、朱砂、赭金与青绿形成沉稳明快的配色,鸡纹、公鸡纹、禽鸟纹、吉祥纹样、守时纹样、花鸟纹、吉祥、守时、勇武、昂扬、生机、护佑、升腾,朱砂、古金、青绿、米白、墨褐,公鸡牡丹纹、锦鸡芙蓉纹、牡丹凤鸟纹,https://wenyang.net/#/p/rooster-pattern,第21批_401-420_动物瑞兽纹,patterns/401-420_动物瑞兽纹/401_鸡纹_卡片图.jpg
402,公鸡牡丹纹,Rooster and Peony Pattern,gōng jī mǔ dān wén,动物瑞兽纹,不限定单一时期，常见于传统花鸟画、瓷器、织绣、建筑与器物装饰中，并可作为现代新中式图形设计的再创作题材。,,以公鸡与牡丹入纹，鸡姿昂扬、牡丹丰润，常见于花鸟画、瓷器与织绣装饰，寓意富贵繁盛、吉祥和美。,富贵、生机、吉祥、升腾、圆满,富贵、繁盛、吉祥、昂扬、和美,,常由一只公鸡、数朵盛放牡丹、花蕾、青绿枝叶与山石组成。公鸡多立于石上或花丛旁，牡丹在画面中下部形成视觉重心，祥云或小花补充层次。,节庆礼盒、生肖文创、餐饮视觉、家居屏风、服饰印花、文化展陈,公鸡昂首站立，鸡冠和尾羽形成鲜明轮廓、牡丹花冠硕大，花瓣层层翻卷、山石与枝叶连接禽鸟和花卉两类主体、朱砂、牡丹粉、青绿与暖金呈现华丽气息,公鸡牡丹纹、鸡纹、牡丹纹、花鸟纹、富贵纹样、吉祥纹样、富贵、繁盛、吉祥、昂扬、和美、禽鸟纹、生机、升腾、圆满,淡粉、朱砂、青绿、古金、米白,鸡纹、牡丹凤鸟纹、锦鸡芙蓉纹、孔雀海棠纹、狮子牡丹纹,https://wenyang.net/#/p/rooster-peony-pattern,第21批_401-420_动物瑞兽纹,patterns/401-420_动物瑞兽纹/402_公鸡牡丹纹_卡片图.jpg
403,锦鸡芙蓉纹,Golden Pheasant and Hibiscus Pattern,jǐn jī fú róng wén,动物瑞兽纹,不限定单一时期，常见于传统花鸟画、瓷器、织绣、建筑与器物装饰中，并可作为现代新中式图形设计的再创作题材。,,以锦鸡与芙蓉入纹，鸟羽华美、花姿清丽，常见于花鸟画、瓷器与织绣装饰，寓意荣华和美、秀雅吉庆。,富贵、圆满、清雅、吉祥,荣华、和美、清丽、吉庆、雅致,,通常由一只锦鸡、芙蓉花枝、花蕾、山石和坡地植物组成。锦鸡立于山石或花枝旁，长尾沿纵向延伸，芙蓉花分布于上下两端，以花叶和祥云平衡画面。,高端礼盒、家居屏风、珠宝包装、服饰印花、展览视觉、数字插画,锦鸡羽色层次丰富，颈羽和长尾最具识别性、芙蓉花瓣轻薄舒展，花枝姿态柔和、禽鸟与山石构成纵向主轴，花枝环绕其间、朱砂、金黄、石青、青绿与淡粉相互映衬,锦鸡芙蓉纹、锦鸡纹、芙蓉纹、花鸟纹、荣华纹样、吉庆纹样、荣华、和美、清丽、吉庆、雅致、禽鸟纹、富贵、圆满、清雅、吉祥,朱砂、浅金、石青、青绿、淡粉,芙蓉锦鸡纹、茶花锦鸡纹、鸡纹、孔雀海棠纹、牡丹凤鸟纹,https://wenyang.net/#/p/golden-pheasant-hibiscus-pattern,第21批_401-420_动物瑞兽纹,patterns/401-420_动物瑞兽纹/403_锦鸡芙蓉纹_卡片图.jpg
404,孔雀开屏纹,Peacock Display Pattern,kǒng què kāi píng wén,动物瑞兽纹,不限定单一时期，常见于传统花鸟画、瓷器、织绣、建筑与器物装饰中，并可作为现代新中式图形设计的再创作题材。,,以孔雀开屏入纹，羽屏华彩舒展，常见于花鸟画、瓷器与织绣装饰，寓意华美尊贵、祥瑞吉庆。,富贵、祥瑞、吉祥、圆满,华美、尊贵、祥瑞、吉庆、圆满,,多由一只正面或侧面的开屏孔雀、扇形尾羽、牡丹花丛、山石和祥云组成。孔雀居中，尾屏向上和两侧铺展，花卉集中于下部，山石承托主体。,婚礼主视觉、高端礼盒、酒店软装、珠宝品牌、服饰刺绣、文化展陈,尾屏呈完整扇形，眼斑重复排列形成节奏、孔雀颈部修长，石青与翠绿对比鲜明、牡丹与山石形成下部稳定结构、暖金线描强化羽毛细节和华美层次,孔雀开屏纹、孔雀纹、禽鸟纹、华美纹样、尊贵纹样、吉祥纹样、华美、尊贵、祥瑞、吉庆、圆满、富贵、吉祥,孔雀蓝、青绿、古金、淡粉、米白,孔雀海棠纹、牡丹凤鸟纹、茶花锦鸡纹,https://wenyang.net/#/p/peacock-display-pattern,第21批_401-420_动物瑞兽纹,patterns/401-420_动物瑞兽纹/404_孔雀开屏纹_卡片图.jpg
405,孔雀海棠纹,Peacock and Begonia Pattern,kǒng què hǎi táng wén,动物瑞兽纹,不限定单一时期，常见于传统花鸟画、瓷器、织绣、建筑与器物装饰中，并可作为现代新中式图形设计的再创作题材。,,以孔雀与海棠入纹，羽姿华美、花影清润，常见于花鸟画、瓷器与织绣装饰，寓意富贵和美、雅致吉祥。,富贵、圆满、清雅、祥瑞、吉祥,富贵、和美、雅致、祥瑞、吉庆,,通常由侧身孔雀、垂落尾羽、海棠花枝、花蕾、山石和坡地植物组成。孔雀立于山石高处，海棠枝从上方或两侧环绕，长尾向下延伸，形成纵向构图。,女性品牌视觉、婚礼设计、香氛包装、家居软装、服饰印花、博物馆文创,孔雀侧身而立，冠羽和长尾线条优美、海棠小花成簇开放，枝条曲折清秀、尾羽眼斑与花朵形成大小疏密对比、孔雀蓝、青绿、海棠粉与暖金协调典雅,孔雀海棠纹、孔雀纹、海棠纹、花鸟纹、富贵纹样、雅致纹样、富贵、和美、雅致、祥瑞、吉庆、禽鸟纹、圆满、清雅、吉祥,孔雀蓝、青绿、淡粉、古金、米白,孔雀开屏纹、海棠折枝纹、海棠团花纹、锦鸡芙蓉纹、鹦鹉牡丹纹,https://wenyang.net/#/p/peacock-begonia-pattern,第21批_401-420_动物瑞兽纹,patterns/401-420_动物瑞兽纹/405_孔雀海棠纹_卡片图.jpg
406,鹦鹉牡丹纹,Parrot and Peony Pattern,yīng wǔ mǔ dān wén,动物瑞兽纹,不限定单一时期，常见于传统花鸟画、瓷器、织绣、建筑与器物装饰中，并可作为现代新中式图形设计的再创作题材。,,以鹦鹉与牡丹入纹，鸟羽鲜活、花姿丰盛，常见于花鸟画、瓷器与织绣装饰，寓意富贵繁盛、吉祥欢悦。,富贵、生机、吉祥、祥瑞,富贵、繁盛、吉祥、欢悦、灵动,,常由一只鹦鹉、牡丹花枝、花蕾、太湖石与草木组成。鹦鹉位于上部枝干，牡丹集中在中下部，山石和坡地形成承托，祥云补充背景。,宠物品牌视觉、礼盒包装、家居壁画、服饰印花、文具设计、数字插画,鹦鹉喙部弯曲、长尾垂落，姿态鲜活、牡丹花冠硕大，粉白花色形成层次、禽鸟位于高处，花石位于下方，构图稳定、青绿、石青、牡丹粉与暖金呈现清丽华美,鹦鹉牡丹纹、鹦鹉纹、牡丹纹、花鸟纹、富贵纹样、欢悦纹样、富贵、繁盛、吉祥、欢悦、灵动、禽鸟纹、生机、祥瑞,深青、石青、淡粉、古金、米白,牡丹凤鸟纹、公鸡牡丹纹、孔雀海棠纹、锦鸡芙蓉纹、牡丹蝶纹,https://wenyang.net/#/p/parrot-peony-pattern,第21批_401-420_动物瑞兽纹,patterns/401-420_动物瑞兽纹/406_鹦鹉牡丹纹_卡片图.jpg
407,芦雁纹,Wild Geese and Reeds Pattern,lú yàn wén,动物瑞兽纹,不限定单一时期，常见于传统花鸟画、瓷器、织绣、建筑与器物装饰中，并可作为现代新中式图形设计的再创作题材。,,以芦雁入纹，雁影清远、芦苇摇曳，常见于花鸟画、瓷器与织绣装饰，寓意信义守约、寄情思念。,坚贞、圆满、秩序,信义、守约、思念、归来、节序,,通常由飞雁、落雁、芦苇、水岸、远山和浅水组成。飞雁位于上部形成方向感，芦苇和水岸分布于中下部，少量栖雁补充前景，构成长卷式空间。,秋季视觉、诗词出版、茶空间装饰、旅行品牌、家居壁纸、文化文创,飞雁成群排列，方向统一而姿态有变化、芦苇细长摇曳，形成富有节奏的线条、水岸和远山采用淡雅层次，留白宽阔、赭黄、灰青、米白与浅金营造秋日清远感,芦雁纹、雁纹、芦苇纹、秋景纹、信义纹样、花鸟纹、信义、守约、思念、归来、节序、禽鸟纹、坚贞、圆满、秩序,古金、青灰、赭石、米白、墨黑,鸿雁纹、芦苇纹、麦穗双鹌鹑纹、燕子纹、鸥鸟纹,https://wenyang.net/#/p/wild-geese-reeds-pattern,第21批_401-420_动物瑞兽纹,patterns/401-420_动物瑞兽纹/407_芦雁纹_卡片图.jpg
408,鸿雁纹,Swan Goose Pattern,hóng yàn wén,动物瑞兽纹,不限定单一时期，常见于传统花鸟画、瓷器、织绣、建筑与器物装饰中，并可作为现代新中式图形设计的再创作题材。,,以鸿雁入纹，雁阵高飞、姿态有序，常见于花鸟画、瓷器与织绣装饰，寓意信义守约、寄思传情。,坚贞、圆满,信义、守约、思念、传情、归来,,常由两只或多只飞行鸿雁、芦苇、水波、山石和远山构成。鸿雁分布在画面上部，翼展形成斜向动势；水岸和芦苇位于下部，稳定空间并形成环境线索。,书信文具、诗词出版、旅行视觉、文化礼盒、家居壁画、数字插画,鸿雁翼展舒张，飞行方向明确、多只鸿雁高低错落，形成有序队列、芦苇、水波与远山营造清远空间、灰褐、淡青、米白与暖金保持沉静雅致,鸿雁纹、雁纹、禽鸟纹、信义纹样、思念纹样、花鸟纹、信义、守约、思念、传情、归来、坚贞、圆满,银灰、淡青、古金、米白、墨褐,芦雁纹、燕子纹、鸥鸟纹、芦苇纹,https://wenyang.net/#/p/swan-goose-pattern,第21批_401-420_动物瑞兽纹,patterns/401-420_动物瑞兽纹/408_鸿雁纹_卡片图.jpg
409,燕子纹,Swallow Pattern,yàn zi wén,动物瑞兽纹,不限定单一时期，常见于传统花鸟画、瓷器、织绣、建筑与器物装饰中，并可作为现代新中式图形设计的再创作题材。,,以燕子入纹，飞姿轻捷灵动，常见于花鸟画、瓷器与织绣装饰，寓意春信安居、吉祥和乐。,自然、护佑、吉祥、圆满,春信、安居、吉祥、归来、和乐,,通常由两只或数只燕子、春花枝、屋檐、山石和祥云组成。燕子在画面中上部交错飞行，花枝从侧面伸入，屋檐或山石提供空间定位，底部以线稿燕花小景呼应。,春季海报、家居装饰、婚礼视觉、亲子品牌、文具包装、数字插画,燕子翼尖修长、尾羽分叉，轮廓轻巧、多只燕子交错飞行，动势明快、春花和屋檐强化季节与家园意象、石青、青绿、淡粉和暖金营造清新氛围,燕子纹、燕纹、禽鸟纹、春景纹、安居纹样、吉祥纹样、春信、安居、吉祥、归来、和乐、自然、护佑、圆满,深青、石青、淡粉、米白、古金,梨花春燕纹、鸿雁纹、海棠折枝纹、桃花流水纹,https://wenyang.net/#/p/swallow-pattern,第21批_401-420_动物瑞兽纹,patterns/401-420_动物瑞兽纹/409_燕子纹_卡片图.jpg
410,鸥鸟纹,Gull Pattern,ōu niǎo wén,动物瑞兽纹,不限定单一时期，常见于传统花鸟画、瓷器、织绣、建筑与器物装饰中，并可作为现代新中式图形设计的再创作题材。,,以鸥鸟入纹，鸟姿轻盈自在，常见于花鸟画、瓷器与织绣装饰，寓意灵动祥瑞、自然生机与自由意趣。,祥瑞、升腾、生机、自然,灵动、自由、祥瑞、生机、自然意趣,,常由数只飞翔鸥鸟、海浪、礁石、岸草和远山组成。主体鸥鸟位于画面中上部，其余小鸟分布远近；海浪和礁石集中下部，芦草沿岸生长，形成纵深空间。,滨海品牌、旅行海报、酒店软装、家居壁画、服饰图案、城市文创,鸥鸟白羽与灰蓝翼尖对比清晰、多只飞鸟远近错落，形成开阔动势、海浪、礁石和岸草构成自然海岸景观、海青、灰蓝、米白与暖金呈现清润气息,鸥鸟纹、海鸥纹、禽鸟纹、海景纹、自由纹样、自然纹样、灵动、自由、祥瑞、生机、自然意趣、升腾、自然,深青、青灰、米白、浅金、墨褐,鸿雁纹、芦雁纹、燕子纹、海水江崖纹,https://wenyang.net/#/p/gull-pattern,第21批_401-420_动物瑞兽纹,patterns/401-420_动物瑞兽纹/410_鸥鸟纹_卡片图.jpg
411,鸭纹,Duck Pattern,yā wén,动物瑞兽纹,不限定单一时期，常见于传统花鸟画、瓷器、织绣、建筑与器物装饰中，并可作为现代新中式图形设计的再创作题材。,,以鸭为主题入纹，描绘水岸游禽的安闲姿态，常见于花鸟画、瓷器与织绣装饰，寓意灵动祥和与自然生机。,祥瑞、吉祥、护佑、生机、自然,灵动、祥和、安宁、生机、自然意趣,,通常由一至两只鸭、水面涟漪、荷叶莲花、芦苇花草与岸石组成。主体鸭禽可一立一游形成高低呼应，水岸植物从画面边缘穿插，山石与水波共同稳定构图。,文创礼品、家居装饰、餐饮视觉、服饰印花、儿童文化产品、数字插画,扁喙、圆身与层叠羽片构成鲜明水禽轮廓、一立一游或并行游水形成舒缓节奏、荷叶、芦苇、水波和岸石营造清润水岸环境、青绿、赭金、米白与少量朱砂形成古雅配色,鸭纹、水禽纹、花鸟纹、水岸纹样、吉祥纹样、自然纹样、灵动、祥和、安宁、生机、自然意趣、禽鸟纹、祥瑞、吉祥、护佑、自然,青绿、古金、米白、墨褐、朱砂,鹅纹、荷塘莲纹、芦雁纹,https://wenyang.net/#/p/duck-pattern,第21批_401-420_动物瑞兽纹,patterns/401-420_动物瑞兽纹/411_鸭纹_卡片图.jpg
412,鹅纹,Goose Pattern,é wén,动物瑞兽纹,不限定单一时期，常见于传统花鸟画、瓷器、织绣、建筑与器物装饰中，并可作为现代新中式图形设计的再创作题材。,,以鹅为主题入纹，突出曲颈白羽与溪岸清景，常见于花鸟画、瓷器与织绣装饰，寓意高洁从容与和美安宁。,清雅、圆满、护佑,高洁、从容、和美、安宁、守信,,多由一至两只白鹅、溪流浅水、竹丛、岸石和花草组成。一只鹅昂首立岸，另一只俯颈游水，可形成动静和高低对照；竹叶与水流分别组织画面上部和下部。,文房品牌、家居软装、茶文化包装、服饰纹样、文化展陈、数字插画,曲颈修长，白羽层叠细密，姿态优雅、立岸与游水两种姿态形成动静对照、竹石、溪水和岸草构成清雅文人意境、米白、浅金、青绿和淡墨呈现清润层次,鹅纹、白鹅纹、水禽纹、花鸟纹、高洁纹样、竹石纹样、高洁、从容、和美、安宁、守信、禽鸟纹、清雅、圆满、护佑,米白、浅金、青绿、墨黑、赭石,鸭纹、芦雁纹、鸿雁纹、竹石纹、荷塘莲纹,https://wenyang.net/#/p/goose-pattern,第21批_401-420_动物瑞兽纹,patterns/401-420_动物瑞兽纹/412_鹅纹_卡片图.jpg
413,鸡雏纹,Chick Pattern,jī chú wén,动物瑞兽纹,不限定单一时期，常见于传统花鸟画、瓷器、织绣、建筑与器物装饰中，并可作为现代新中式图形设计的再创作题材。,,以鸡雏为主题入纹，表现幼禽相随、觅食嬉戏的生动画面，常见于花鸟画与织绣装饰，寓意新生繁衍与家庭和乐。,生机、圆满,新生、繁衍、家庭和乐、成长、生机,,通常由三至五只鸡雏、低矮花草、草地和小型山石组成。鸡雏以散点方式分布，朝向和动作各不相同，通过疏密变化形成活泼而不杂乱的群体构图。,亲子文创、儿童插画、节庆礼品、家居装饰、服饰印花、品牌吉祥物,鸡雏体态圆润，绒羽柔软，形象亲切、多只幼禽以觅食、回首和行走形成连续动作、小花、草叶和山石营造轻松自然的地景、嫩黄、棕褐、米白与青绿体现温暖生机,鸡雏纹、雏鸡纹、禽鸟纹、多子纹样、新生纹样、花鸟纹、新生、繁衍、家庭和乐、成长、生机、鸡纹、圆满,浅金、墨褐、米白、青绿、朱砂,鸡纹、公鸡牡丹纹、谷穗雏鸡纹、鹌鹑谷穗纹,https://wenyang.net/#/p/chick-pattern,第21批_401-420_动物瑞兽纹,patterns/401-420_动物瑞兽纹/413_鸡雏纹_卡片图.jpg
414,鹌鹑谷穗纹,Quails and Grain Ears Pattern,ān chún gǔ suì wén,动物瑞兽纹,不限定单一时期，常见于传统花鸟画、瓷器、织绣、建筑与器物装饰中，并可作为现代新中式图形设计的再创作题材。,,以鹌鹑与成熟谷穗入纹，描绘秋野丰收景象，常见于花鸟画、瓷器与织绣装饰，寓意丰年富足、勤劳安居。,富贵、坚贞、护佑,丰年、富足、勤劳、安居、收获,,通常由一对鹌鹑、成片谷穗、秋草和山石组成。鹌鹑一立一伏，谷穗从上方和四周垂落，形成包围式构图；秋草与岩石填补层次并加强田野环境。,丰收节视觉、农产品包装、餐饮品牌、家居装饰、服饰印花、博物馆文创,鹌鹑体态圆厚，褐色羽纹细密，具有稳重感、低垂谷穗重复排列，形成丰盛而有节奏的背景、双禽一高一低，强化成对和安居意象、暖金、赭褐、青绿和米白呈现成熟秋色,鹌鹑谷穗纹、鹌鹑纹、谷穗纹、丰收纹样、农耕纹样、花鸟纹、丰年、富足、勤劳、安居、收获、禽鸟纹、富贵、坚贞、护佑,古金、赭石、青绿、米白、朱砂,稻穗鹌鹑纹、麦穗双鹌鹑纹、谷穗雏鸡纹、鹌鹑菊纹、禾苗纹,https://wenyang.net/#/p/quails-grain-ears-pattern,第21批_401-420_动物瑞兽纹,patterns/401-420_动物瑞兽纹/414_鹌鹑谷穗纹_卡片图.jpg
415,鹌鹑菊纹,Quail and Chrysanthemum Pattern,ān chún jú wén,动物瑞兽纹,不限定单一时期，常见于传统花鸟画、瓷器、织绣、建筑与器物装饰中，并可作为现代新中式图形设计的再创作题材。,,以鹌鹑与菊花入纹，表现秋日清雅景致，常见于花鸟画、瓷器与织绣装饰，寓意安居长寿、清雅坚贞。,长寿、清雅、坚贞、护佑、圆满,长寿、清雅、坚贞、安居、和美,,多由一至两只鹌鹑、数朵菊花、花苞、叶片和山石组成。鹌鹑置于花石之间，菊花沿纵向分布，远山或水岸轻衬背景，使画面层次清晰。,重阳节视觉、茶礼包装、家居软装、服饰印花、文化展陈、数字插画,鹌鹑圆润沉静，羽纹呈细密褐色斑点、菊花层瓣丰富，花头大小错落、禽鸟与秋花围绕山石形成稳定三角构图、米白、暖金、赭红和青绿营造清雅秋意,鹌鹑菊纹、鹌鹑纹、菊花纹、长寿纹样、秋景纹样、花鸟纹、长寿、清雅、坚贞、安居、和美、禽鸟纹、护佑、圆满,浅金、米白、赭红、青绿、古金,菊花团纹、菊花蝶纹、菊花篱纹、鹌鹑谷穗纹、稻穗鹌鹑纹,https://wenyang.net/#/p/quail-chrysanthemum-pattern,第21批_401-420_动物瑞兽纹,patterns/401-420_动物瑞兽纹/415_鹌鹑菊纹_卡片图.jpg
416,鹰纹,Eagle Pattern,yīng wén,动物瑞兽纹,不限定单一时期，常见于传统花鸟画、瓷器、织绣、建筑与器物装饰中，并可作为现代新中式图形设计的再创作题材。,,以鹰为主题入纹，突出锐目利爪与雄健姿态，常见于绘画、瓷器与织绣装饰，寓意英武进取、力量与远志。,威仪、升腾,英武、进取、力量、远志、威仪,,通常由一只雄鹰、崖石、苍松、远山和祥云组成。雄鹰立于高处岩石，头部侧转或昂首，松枝从上方垂入，山峰与云气向远处延伸，构成高低分明的纵深。,体育品牌、企业文化视觉、纪念礼品、家居挂画、服饰图案、数字插画,鹰喙弯锐、目光集中，头部识别度强、翼羽与尾羽层次严谨，体态雄健、松石与高山衬托孤高、凌厉的气势、墨褐、赭金、青绿和米白形成沉稳力量感,鹰纹、猛禽纹、英武纹样、力量纹样、山林纹样、吉祥纹样、英武、进取、力量、远志、威仪、升腾,墨褐、古金、青绿、米白、石青,鹰兔纹、鹰熊纹、虎啸山林纹,https://wenyang.net/#/p/eagle-pattern,第21批_401-420_动物瑞兽纹,patterns/401-420_动物瑞兽纹/416_鹰纹_卡片图.jpg
417,鹰兔纹,Eagle and Rabbit Pattern,yīng tù wén,动物瑞兽纹,不限定单一时期，常见于传统花鸟画、瓷器、织绣、建筑与器物装饰中，并可作为现代新中式图形设计的再创作题材。,,以鹰与兔形成山野动态对景，表现俯冲追逐与敏捷奔跃，常见于绘画和器物装饰，寓意勇进、机敏与蓬勃生命力。,升腾、祥瑞、威仪、护佑、生机,勇进、机敏、力量、警觉、生命力,,通常由一只展翼俯冲的鹰、一只奔跑或回首的兔、山野草木和岩石组成。鹰位于画面上部，兔位于下部，二者沿对角线形成视觉联系，远山与草丛补充空间层次。,运动视觉、户外品牌、文化海报、服饰印花、游戏美术、数字插画,鹰翼大幅展开，俯冲姿态形成强烈方向感、兔耳竖起、四肢奔跃，体现敏捷与警觉、上下对角构图制造追逐张力和空间纵深、赭褐、青绿、米白与淡墨营造山野气息,鹰兔纹、鹰纹、兔纹、猛禽纹、动态纹样、山野纹样、勇进、机敏、力量、警觉、生命力、升腾、祥瑞、威仪、护佑、生机,赭石、青绿、米白、墨黑、古金,鹰纹、鹰熊纹、虎啸山林纹,https://wenyang.net/#/p/eagle-rabbit-pattern,第21批_401-420_动物瑞兽纹,patterns/401-420_动物瑞兽纹/417_鹰兔纹_卡片图.jpg
418,鹰熊纹,Eagle and Bear Pattern,yīng xióng wén,动物瑞兽纹,不限定单一时期，常见于传统绘画、瓷器、织绣、壁画、建筑与器物装饰中，并可作为现代新中式图形设计的再创作题材。,,以鹰与熊同景入纹，借“鹰”“熊”谐音“英雄”，常见于绘画与陈设装饰，寓意英武进取、雄健力量与英雄气概。,威仪、升腾,英雄、英武、进取、力量、威仪,,通常由一只展翼或立岩的鹰、一只昂首熊、松树、峭壁、远山与云气组成。鹰位于上部或高处，熊位于下部山谷，两者上下相对，松石连接空间并强化山林环境。,纪念礼品、企业文化视觉、体育赛事视觉、家居挂画、服饰图案、文化展陈,雄鹰展翼俯视，熊昂首站立，双主体气势强烈、上下分层构图形成高低呼应和力量对峙、松树、悬崖和山谷营造雄浑自然环境、墨褐、暖金、青绿与石灰色呈现厚重质感,鹰熊纹、鹰纹、熊纹、英雄纹样、力量纹样、山林纹样、英雄、英武、进取、力量、威仪、猛禽纹、升腾,墨褐、古金、青绿、银灰、米白,鹰纹、鹰兔纹、熊纹、虎啸山林纹,https://wenyang.net/#/p/eagle-bear-pattern,第21批_401-420_动物瑞兽纹,patterns/401-420_动物瑞兽纹/418_鹰熊纹_卡片图.jpg
419,虎啸山林纹,Roaring Tiger in Mountain Forest Pattern,hǔ xiào shān lín wén,动物瑞兽纹,不限定单一时期，常见于传统绘画、瓷器、织绣、壁画、建筑与器物装饰中，并可作为现代新中式图形设计的再创作题材。,,以猛虎立于山林仰首长啸为主题，常见于绘画、织绣与陈设装饰，寓意威武镇守、勇力昂扬与驱邪护佑。,威仪、护佑,威武、镇守、勇力、驱邪、护佑,,通常由一只仰首咆哮的猛虎、山岩、苍松、远山和祥云组成。猛虎立于画面中下部高石，头部朝上，松枝由上方伸入，山峰与云气向后铺陈，形成垂直上升的气势。,武术文化视觉、体育品牌、节庆门神文创、家居挂画、游戏美术、博物馆文创,虎口张开、獠牙外露，面部表情威猛、虎身斑纹清晰，前肢稳立，体态充满力量、松石、峰峦和云气放大山林空间与声势、虎黄、墨黑、青绿和暖金构成雄浑配色,虎啸山林纹、虎纹、山林纹、威武纹样、镇守纹样、护佑纹样、威武、镇守、勇力、驱邪、护佑、威仪,古金、墨黑、青绿、米白,卧虎纹、虎面纹、鹰纹,https://wenyang.net/#/p/roaring-tiger-mountain-forest-pattern,第21批_401-420_动物瑞兽纹,patterns/401-420_动物瑞兽纹/419_虎啸山林纹_卡片图.jpg
420,卧虎纹,Reclining Tiger Pattern,wò hǔ wén,动物瑞兽纹,不限定单一时期，常见于传统绘画、瓷器、织绣、壁画、建筑与器物装饰中，并可作为现代新中式图形设计的再创作题材。,,以猛虎卧于松石山林为主题，表现沉稳蓄势与威严气度，常见于绘画和器物装饰，寓意镇守护佑、勇力内敛。,护佑、威仪、坚贞、升腾,镇守、护佑、威严、沉稳、蓄势,,通常由一只卧伏猛虎、岩台、苍松、山峰、溪流和林间植物组成。虎身横向展开，占据主视觉下部，松树从上方覆盖，远山和水流向后延伸，形成安定宽阔的构图。,家居挂画、企业文化视觉、武术文创、服饰印花、文化展陈、数字插画,猛虎伏卧，前爪交叠或平伸，姿态沉稳、头部微抬、目光凝聚，呈现警觉与威严、横向虎身与纵向松树形成稳定构图、虎黄、墨黑、青绿和岩石灰呈现内敛厚重感,卧虎纹、虎纹、山林纹、镇守纹样、护佑纹样、力量纹样、镇守、护佑、威严、沉稳、蓄势、威仪、坚贞、升腾,古金、墨黑、青绿、银灰、米白,虎啸山林纹、虎面纹、兽面纹,https://wenyang.net/#/p/reclining-tiger-pattern,第21批_401-420_动物瑞兽纹,patterns/401-420_动物瑞兽纹/420_卧虎纹_卡片图.jpg
421,虎面纹,Tiger-Mask Pattern,hǔ miàn wén,动物瑞兽纹,不限定单一时期，相关动物题材与象征组合常见于传统绘画、瓷器、织绣、壁画、建筑和器物装饰中，并可用于现代新中式设计再创作。,,以虎面为主题，突出圆目、利齿与威仪装饰气势，常见于器物、建筑与织绣装饰，寓意威武镇守与驱邪护佑。,威仪、护佑,威武、镇守、驱邪、护佑、勇力,,通常由正面虎首、对称眉眼、张口獠牙、额部火焰或宝珠纹、祥云、牡丹和山石组成。虎面位于视觉中心，花石与云气环绕四周，构成稳定、庄严的中轴对称布局。,门厅装饰、品牌徽章、国潮包装、游戏美术、服饰印花、文化展陈,正面虎首结构对称，双目突出，识别度强、眉、鼻、獠牙和面部斑纹高度装饰化、祥云、火焰、花卉与山石强化威仪和祥瑞感、青绿、暖金、朱砂与米白形成古雅华丽配色,虎面纹、虎纹、兽面纹、镇守纹样、驱邪纹样、威武纹样、威武、镇守、驱邪、护佑、勇力、威仪,青绿、古金、朱砂、米白、墨褐,兽面云雷纹,https://wenyang.net/#/p/tiger-mask-pattern,第22批_421-440_动物瑞兽纹,patterns/421-440_动物瑞兽纹/421_虎面纹_卡片图.jpg
422,豹纹,Leopard Pattern,bào wén,动物瑞兽纹,不限定单一时期，相关动物题材与象征组合常见于传统绘画、瓷器、织绣、壁画、建筑和器物装饰中，并可用于现代新中式设计再创作。,,以豹为主题，着重表现迅捷体态与山野气势，常见于绘画、器物与织绣装饰，寓意迅捷勇毅、力量与警觉。,祥瑞、威仪、护佑、升腾,迅捷、勇毅、力量、警觉、进取,,通常由一只豹、峭壁岩石、松枝、山草和远峰构成。豹从画面上方向下或沿岩石前行，身体形成斜向动势，草木和山石随之延伸，强化速度与空间纵深。,户外品牌、运动视觉、服饰图案、游戏角色设计、家居挂画、数字插画,豹身修长，四肢有力，伏行姿态具有速度感、全身黑褐斑点形成鲜明节奏和视觉识别、岩石、松树和山草构成险峻山野环境、暖金、墨黑、青绿与赭褐呈现沉稳力量感,豹纹、走兽纹、力量纹样、山林纹样、迅捷纹样、警觉纹样、迅捷、勇毅、力量、警觉、进取、祥瑞、威仪、护佑、升腾,古金、墨黑、青绿、赭石、米白,豹皮纹、虎纹、狼纹,https://wenyang.net/#/p/leopard-pattern,第22批_421-440_动物瑞兽纹,patterns/421-440_动物瑞兽纹/422_豹纹_卡片图.jpg
423,豹皮纹,Leopard-Skin Pattern,bào pí wén,动物瑞兽纹,不限定单一时期，相关动物题材与象征组合常见于传统绘画、瓷器、织绣、壁画、建筑和器物装饰中，并可用于现代新中式设计再创作。,,以豹皮斑纹为核心，表现黑褐斑点的连续节奏与力量气质，常见于器物、织绣及边饰纹样中，寓意勇毅与威仪。,威仪、祥瑞、富贵,勇毅、威仪、力量、迅捷、华贵,,通常由大小不一的环形或花瓣状斑点组成，斑点以疏密变化铺陈，可与局部豹形、山石、竹叶或花木结合。画面常采用大面积纹样区与主题动物区的对照布局。,服饰印花、家居面料、包装底纹、品牌图形、配饰设计、数字纹理,黑褐环斑连续排列，具有强烈节奏感、斑点大小与间距变化形成天然皮毛质感、完整豹形与抽象斑纹并置，兼具写实和装饰性、米白、沙金、墨黑与青绿呈现古雅华贵感,豹皮纹、豹斑纹、走兽纹、边饰纹样、满地纹、力量纹样、勇毅、威仪、力量、迅捷、华贵、斑纹纹样、祥瑞、富贵,浅金、墨黑、米白、赭石、青绿,豹纹、兽面纹,https://wenyang.net/#/p/leopard-skin-pattern,第22批_421-440_动物瑞兽纹,patterns/421-440_动物瑞兽纹/423_豹皮纹_卡片图.jpg
424,狼纹,Wolf Pattern,láng wén,动物瑞兽纹,不限定单一时期，相关动物题材与象征组合常见于传统绘画、瓷器、织绣、壁画、建筑和器物装饰中，并可用于现代新中式设计再创作。,,以狼为主题，着重表现山野警觉与疾行姿态，常见于绘画、器物和织绣装饰，寓意勇毅、警觉与坚韧力量。,威仪、护佑、坚贞,勇毅、警觉、坚韧、力量、守望,,多由一只狼、月轮、松树、山峰、岩石和荒草组成。狼立于高石，头部侧转或仰首，月亮置于远空，松枝自上方伸入，构成开阔而冷峻的山野夜景。,户外品牌、电影海报、游戏美术、服饰图案、家居挂画、数字插画,竖耳、长吻和修长四肢表现敏锐与警觉、灰褐毛色层次丰富，体态轻健、月夜、松树和山峰营造清冷辽阔环境、青灰、墨褐、米白和少量赭红构成克制配色,狼纹、走兽纹、警觉纹样、山林纹样、力量纹样、月夜纹样、勇毅、警觉、坚韧、力量、守望、威仪、护佑、坚贞,青灰、墨褐、米白、石青、赭红,豹纹、熊纹、虎纹,https://wenyang.net/#/p/wolf-pattern,第22批_421-440_动物瑞兽纹,patterns/421-440_动物瑞兽纹/424_狼纹_卡片图.jpg
425,熊纹,Bear Pattern,xióng wén,动物瑞兽纹,不限定单一时期，相关动物题材与象征组合常见于传统绘画、瓷器、织绣、壁画、建筑和器物装饰中，并可用于现代新中式设计再创作。,,以熊为主题，突出厚重体态与山林野趣，常见于绘画、器物与织绣装饰，寓意力量、稳重与守护。,威仪、坚贞、护佑,力量、稳重、守护、坚韧、安定,,通常由一只熊、高台岩石、松树、远山、溪水和山林植物组成。熊居于主视觉中央或高石之上，体量占比较大，溪流和山峰向后延伸，形成厚重稳定的纵深构图。,户外品牌、儿童文创、家居装饰、文化海报、服饰图案、数字插画,躯体厚实、四肢粗壮，轮廓具有重量感、深褐毛发以细密线条表现层次、山石、松树和溪流营造稳固自然环境、墨褐、青绿、暖金与米白形成朴厚配色,熊纹、走兽纹、守护纹样、力量纹样、山林纹样、稳重纹样、力量、稳重、守护、坚韧、安定、威仪、坚贞、护佑,墨褐、青绿、古金、银灰、米白,狼纹、虎纹,https://wenyang.net/#/p/bear-pattern,第22批_421-440_动物瑞兽纹,patterns/421-440_动物瑞兽纹/425_熊纹_卡片图.jpg
426,宝象驮瓶纹,Elephant Carrying a Treasure Vase Pattern,bǎo xiàng tuó píng wén,动物瑞兽纹,不限定单一时期，相关动物题材与象征组合常见于传统绘画、瓷器、织绣、壁画、建筑和器物装饰中，并可用于现代新中式设计再创作。,,以宝象驮瓶为主题，将祥象与宝瓶组合，常见于器物、织绣和吉祥装饰，寓意太平有象、祥瑞稳重与福运圆满。,护佑、祥瑞、坚贞、圆满、福气,太平、祥瑞、稳重、圆满、福运,,通常由一只白象或宝象、华丽鞍毯、宝瓶、莲花、祥云和山石组成。宝瓶居于象背中央，象体横向展开，莲花与云气分布上下，形成稳定对称的仪仗式布局。,节庆礼品、家居陈设、酒店视觉、文化包装、服饰纹样、博物馆文创,象体厚重温和，鞍毯与头饰纹样繁复、宝瓶居中高耸，常插莲花或瑞草、金青朱砂装饰细节形成庄重华丽气质、主体横向稳定，云花围绕形成圆满构图,宝象驮瓶纹、象纹、宝瓶纹、太平纹样、祥瑞纹样、宫廷纹样、太平、祥瑞、稳重、圆满、福运、护佑、坚贞、福气,青绿、古金、朱砂、暖白、米白,白象莲花纹、宝瓶纹、象纹,https://wenyang.net/#/p/elephant-carrying-treasure-vase-pattern,第22批_421-440_动物瑞兽纹,patterns/421-440_动物瑞兽纹/426_宝象驮瓶纹_卡片图.jpg
427,白象莲花纹,White Elephant and Lotus Pattern,bái xiàng lián huā wén,动物瑞兽纹,不限定单一时期，相关动物题材与象征组合常见于传统绘画、瓷器、织绣、壁画、建筑和器物装饰中，并可用于现代新中式设计再创作。,,以白象与莲花为主题，突出清净祥瑞与和合意趣，常见于器物、佛教装饰及织绣纹样中，寓意清净、稳重与吉祥。,清雅、祥瑞、圆满、坚贞、护佑,清净、祥瑞、和合、稳重、护佑,,通常由一只白象、装饰鞍毯、荷叶、莲花、莲蓬、水面和祥云组成。白象位于主视觉中部，莲花从前景与上部环绕，水面和远景形成柔和纵深。,禅意空间、文化包装、家居软装、服饰印花、博物馆文创、数字插画,白象体态温和厚重，象牙和皮肤纹理细致、莲花、荷叶和水波形成清润环境、青绿金饰与象牙白形成洁净华美对比、主体被莲花环抱，构图圆满安静,白象莲花纹、象纹、莲花纹、清净纹样、祥瑞纹样、佛教纹样、清净、祥瑞、和合、稳重、护佑、清雅、圆满、坚贞,暖白、青绿、浅金、淡粉、米白,宝象驮瓶纹、荷塘莲纹、白象纹、宝相花纹,https://wenyang.net/#/p/white-elephant-lotus-pattern,第22批_421-440_动物瑞兽纹,patterns/421-440_动物瑞兽纹/427_白象莲花纹_卡片图.jpg
428,犀牛望月纹,Rhinoceros Gazing at the Moon Pattern,xī niú wàng yuè wén,动物瑞兽纹,不限定单一时期，相关动物题材与象征组合常见于传统绘画、瓷器、织绣、壁画、建筑和器物装饰中，并可用于现代新中式设计再创作。,,以犀牛仰首望月为主题，表现沉静守望与珍奇意趣，常见于绘画、器物和装饰图案，寓意坚固镇守与宁静长久。,坚贞、护佑、富贵、清雅,坚固、镇守、珍贵、守望、宁静,,通常由一只犀牛、满月、松树、峭壁、远山、云气和水岸组成。犀牛位于画面下部高台，头部向月亮抬起，月轮置于上方，松枝和云气连接上下空间。,中秋文创、家居挂画、文化海报、品牌插画、服饰图案、数字艺术,犀牛甲状皮肤和独角形态识别度强、仰首姿态与高悬月轮形成清晰叙事关系、深蓝夜空、云气和山峰营造静谧神秘感、青灰、石青、暖金与米白形成夜景层次,犀牛望月纹、犀牛纹、月夜纹样、守望纹样、镇守纹样、珍奇纹样、坚固、镇守、珍贵、守望、宁静、月夜纹、坚贞、护佑、富贵、清雅,石青、青灰、古金、米白、赭红,犀角纹、桂花玉兔纹、松鹿纹,https://wenyang.net/#/p/rhinoceros-gazing-moon-pattern,第22批_421-440_动物瑞兽纹,patterns/421-440_动物瑞兽纹/428_犀牛望月纹_卡片图.jpg
429,犀角纹,Rhinoceros-Horn Pattern,xī jiǎo wén,动物瑞兽纹,不限定单一时期，相关动物题材与象征组合常见于传统绘画、瓷器、织绣、壁画、建筑和器物装饰中，并可用于现代新中式设计再创作。,,以犀角器形与装饰纹样为主题，突出珍贵器物的曲线轮廓与古雅工艺，常见于器物、边饰及工艺图案中。,富贵、坚贞、护佑、清雅,珍贵、坚固、镇守、古雅、工艺,,通常由犀角形器物或犀角杯、雕刻纹饰、器座、流苏、花木和山石组成。犀角器位于主视觉中心，弧形轮廓向上展开，底座稳定承托，花石围绕形成陈设画面。,博物馆文创、工艺品牌视觉、高端包装、家居陈设、文化海报、数字插画,犀角器轮廓弯曲上扬，器形独特、表面雕刻纹饰繁复，强调工艺与材质感、器座、流苏和花石形成古典陈设氛围、深棕、暖金、青绿与米白呈现沉稳珍贵感,犀角纹、器物纹、珍宝纹样、工艺纹样、博古纹样、边饰纹样、珍贵、坚固、镇守、古雅、工艺、富贵、坚贞、护佑、清雅,墨褐、古金、青绿、朱砂、米白,犀牛望月纹、宝瓶纹、如意纹,https://wenyang.net/#/p/rhinoceros-horn-pattern,第22批_421-440_动物瑞兽纹,patterns/421-440_动物瑞兽纹/429_犀角纹_卡片图.jpg
430,羊衔灵芝纹,Ram Holding Lingzhi Pattern,yáng xián líng zhī wén,动物瑞兽纹,不限定单一时期，相关动物题材与象征组合常见于传统绘画、瓷器、织绣、壁画、建筑和器物装饰中，并可用于现代新中式设计再创作。,,以羊衔灵芝为主题，将温顺祥羊与瑞草结合，常见于绘画、器物和织绣装饰，寓意祥瑞温厚、长寿如意。,祥瑞、长寿、吉祥、护佑,祥瑞、长寿、如意、温厚、安康,,通常由一只羊或公羊、口衔灵芝、松树、山峰、菊花、山石和祥云组成。羊位于画面中部，灵芝作为视觉焦点突出于口部，松石和花卉上下围合，构成安稳圆满布局。,寿礼文创、节庆包装、家居装饰、服饰图案、文化展陈、数字插画,羊角卷曲，毛色柔和，体态温顺稳健、灵芝形态鲜明，朱红色增强吉祥焦点、松树、菊花和山石共同营造福寿山林意境、米白、青绿、暖金和朱砂形成温厚古雅配色,羊衔灵芝纹、羊纹、灵芝纹、长寿纹样、祥瑞纹样、如意纹样、祥瑞、长寿、如意、温厚、安康、吉祥、护佑,米白、青绿、古金、朱砂、赭石,灵芝如意纹、灵芝祥云纹、松鹿纹,https://wenyang.net/#/p/ram-holding-lingzhi-pattern,第22批_421-440_动物瑞兽纹,patterns/421-440_动物瑞兽纹/430_羊衔灵芝纹_卡片图.jpg
431,双羊纹,Twin Sheep Pattern,shuāng yáng wén,动物瑞兽纹,不限定单一时期，相关动物题材与吉祥组合常见于传统绘画、瓷器、织绣、壁画、建筑和器物装饰中，并可用于现代新中式设计再创作。,,以双羊为主题，着重表现成对祥瑞之美与温顺和美意趣，常见于绘画、器物与织绣装饰。,吉祥、圆满、护佑,吉祥、和美、温顺,,通常由两只羊、牡丹或梅花、太湖石、山草和祥云组成。两羊一前一后或一坐一立，形成稳定呼应关系；花木与山石围合主体，构图舒缓、均衡而富有层次。,节庆包装、婚庆文创、家居挂画、服饰图案、文化展陈、数字插画,两只羊姿态互相呼应，强调成双与和合关系、卷角、柔软羊毛和温和神态具有鲜明识别度、花卉、山石和草木营造祥和庭园意境、米白、青绿、暖金与淡朱砂形成温润古雅配色,双羊纹、羊纹、双兽纹、和合纹样、吉祥纹样、温顺纹样、吉祥、和美、温顺、圆满、护佑,米白、青绿、古金、朱砂、赭石,羊衔灵芝纹,https://wenyang.net/#/p/twin-sheep-pattern,第22批_421-440_动物瑞兽纹,patterns/421-440_动物瑞兽纹/431_双羊纹_卡片图.jpg
432,牧牛纹,Herding Ox Pattern,mù niú wén,动物瑞兽纹,不限定单一时期，相关动物题材与吉祥组合常见于传统绘画、瓷器、织绣、壁画、建筑和器物装饰中，并可用于现代新中式设计再创作。,,以牧牛为主题，着重表现牧养田园之趣与勤劳安稳意境，常见于绘画、器物与织绣装饰。,坚贞、富贵,勤劳、丰收、稳重,,通常由一头牛、牧童、竹笛、溪流、山石、田野和树木组成。牛沿溪岸缓行，牧童位于牛背或一侧，远山与水岸向后延展，形成舒展宁静的田园山水构图。,乡村文旅视觉、儿童绘本、茶饮包装、家居挂画、文化海报、数字插画,牛体厚实沉稳，步态舒缓，体现劳作与安定、牧童骑牛吹笛，增强叙事性和生活情趣、溪岸、远山、树木与田野构成开阔田园环境、赭褐、青绿、米白和浅金呈现朴素温和气质,牧牛纹、牛纹、人物故事纹、田园纹样、勤劳纹样、丰收纹样、勤劳、丰收、稳重、坚贞、富贵,赭石、青绿、米白、浅金、石青,犍牛纹、稻穗纹、禾苗纹,https://wenyang.net/#/p/herding-ox-pattern,第22批_421-440_动物瑞兽纹,patterns/421-440_动物瑞兽纹/432_牧牛纹_卡片图.jpg
433,犍牛纹,Bull Pattern,jiān niú wén,动物瑞兽纹,不限定单一时期，相关动物题材与吉祥组合常见于传统绘画、瓷器、织绣、壁画、建筑和器物装饰中，并可用于现代新中式设计再创作。,,以犍牛为主题，着重表现厚重稳健之姿与勤劳丰收意趣，常见于绘画、器物与织绣装饰。,坚贞、富贵,勤劳、丰收、稳重,,通常由一头犍牛、山峰、梅枝或牡丹、山石和田野草木组成。牛居于视觉中心，正面或侧身站立，角部形成向外延展的张力，花木与远山围绕其四周，构成厚重稳定布局。,农业品牌、生肖文创、户外视觉、家居挂画、服饰图案、数字插画,牛体宽厚、四肢稳健，突出重量感与力量感、双角舒展、目光沉静，形象朴实威健、山峰、梅竹、牡丹和奇石增强传统装饰气息、赭褐、暖金、青绿和米白形成沉稳自然配色,犍牛纹、牛纹、走兽纹、力量纹样、勤劳纹样、丰收纹样、勤劳、丰收、稳重、坚贞、富贵,赭石、古金、青绿、米白、墨褐,牧牛纹、稻穗纹、麦穗纹,https://wenyang.net/#/p/bull-pattern,第22批_421-440_动物瑞兽纹,patterns/421-440_动物瑞兽纹/433_犍牛纹_卡片图.jpg
434,兔衔灵芝纹,Rabbit Holding Lingzhi Pattern,tù xián líng zhī wén,动物瑞兽纹,不限定单一时期，相关动物题材与吉祥组合常见于传统绘画、瓷器、织绣、壁画、建筑和器物装饰中，并可用于现代新中式设计再创作。,,以兔衔灵芝为主题，着重表现长寿如意之兆与祥瑞灵动意趣，常见于绘画、器物与织绣装饰。,长寿、吉祥、祥瑞,长寿、如意、祥瑞,,通常由一只兔、口衔灵芝、牡丹、竹叶、梅枝、奇石和祥云组成。兔位于画面中下部，灵芝在口部形成朱红视觉焦点，花木与山石从四周围合，构成细腻圆满的庭园场景。,寿礼包装、中秋文创、儿童绘本、服饰图案、家居装饰、数字插画,兔体柔软圆润，长耳和明亮眼睛突出灵动感、朱红灵芝位于口部，形成明确吉祥焦点、牡丹、竹石和梅花共同营造富贵清雅意境、米白、青绿、暖金与朱砂形成柔和古典配色,兔衔灵芝纹、兔纹、灵芝纹、长寿纹样、如意纹样、祥瑞纹样、长寿、如意、祥瑞、吉祥,米白、青绿、古金、朱砂、淡粉,玉兔纹、桂花玉兔纹、灵芝如意纹、羊衔灵芝纹、兔纹,https://wenyang.net/#/p/rabbit-holding-lingzhi-pattern,第22批_421-440_动物瑞兽纹,patterns/421-440_动物瑞兽纹/434_兔衔灵芝纹_卡片图.jpg
435,玉兔纹,Jade Rabbit Pattern,yù tù wén,动物瑞兽纹,不限定单一时期，相关动物题材与吉祥组合常见于传统绘画、瓷器、织绣、壁画、建筑和器物装饰中，并可用于现代新中式设计再创作。,,以玉兔为主题，着重表现月宫仙兔之姿与祥和敏捷意趣，常见于绘画、器物与织绣装饰。,吉祥、祥瑞、自然,祥和、敏捷、月意,,通常由一只白兔、满月、桂花或梅花、亭阁、山石、远山和祥云组成。白兔立于高石，月轮悬于背后，花枝自上方伸入，亭阁与群山形成远景，构成清雅宁静的月宫意境。,中秋包装、月饼礼盒、珠宝图案、儿童绘本、家居挂画、数字插画,白兔毛色洁净，长耳直立，姿态安静敏捷、圆月高悬，与兔形形成鲜明月宫叙事、桂花、亭阁、山石和祥云增添仙境氛围、月白、青灰、青绿和浅金形成清冷雅致配色,玉兔纹、兔纹、月宫纹样、中秋纹样、祥瑞纹样、月意纹样、祥和、敏捷、月意、吉祥、祥瑞、自然,月白、青灰、青绿、浅金、米白,兔衔灵芝纹、桂花玉兔纹、月纹,https://wenyang.net/#/p/jade-rabbit-pattern,第22批_421-440_动物瑞兽纹,patterns/421-440_动物瑞兽纹/435_玉兔纹_卡片图.jpg
436,猫纹,Cat Pattern,māo wén,动物瑞兽纹,不限定单一时期，相关动物题材与吉祥组合常见于传统绘画、瓷器、织绣、壁画、建筑和器物装饰中，并可用于现代新中式设计再创作。,,以猫为主题，着重表现灵巧守护之姿与生活情趣，常见于绘画、器物和织绣装饰。,祥瑞、护佑、生机,灵巧、守护、生活情趣,,通常由一只猫、蝴蝶、牡丹、梅竹、奇石和庭园草木组成。猫位于主视觉中央，抬爪或凝视蝴蝶，花枝与山石形成前后层次，构成生动而亲切的花鸟走兽画面。,宠物品牌、家居软装、文具插画、服饰印花、儿童绘本、数字贴纸,猫体柔软，眼神明亮，抬爪或扑蝶姿态富有动感、猫毛以细密线条表现，色斑自然清晰、蝴蝶、牡丹和梅竹强化庭园生活气息、米白、暖褐、青绿、朱砂形成温暖雅致配色,猫纹、猫蝶纹、走兽纹、生活情趣纹样、守护纹样、庭园纹样、灵巧、守护、生活情趣、祥瑞、护佑、生机,米白、赭石、青绿、朱砂、浅金,蝶恋花纹、犬纹、兔纹,https://wenyang.net/#/p/cat-pattern,第22批_421-440_动物瑞兽纹,patterns/421-440_动物瑞兽纹/436_猫纹_卡片图.jpg
437,犬纹,Dog Pattern,quǎn wén,动物瑞兽纹,不限定单一时期，相关动物题材与吉祥组合常见于传统绘画、瓷器、织绣、壁画、建筑和器物装饰中，并可用于现代新中式设计再创作。,,以犬为主题，着重表现忠诚守护之姿与安居吉意，常见于绘画、器物与织绣装饰。,坚贞、护佑,忠诚、守护、安居,,通常由一只犬、庭院建筑、花树、牡丹、竹草和太湖石组成。犬立于庭园前景，头部侧转保持警觉，院墙与花木构成背景，形成兼具生活性与守护感的稳定画面。,宠物品牌、社区视觉、家居装饰、服饰图案、儿童绘本、数字插画,犬体站姿挺拔，竖耳、卷尾和侧首表现警觉、毛色层次自然，轮廓清晰稳健、庭院门窗、花木和奇石强化安居主题、暖褐、墨灰、青绿与米白形成朴实清雅配色,犬纹、狗纹、走兽纹、守护纹样、忠诚纹样、安居纹样、忠诚、守护、安居、坚贞、护佑,赭石、墨黑、青绿、米白、朱砂,猫纹、铺首纹,https://wenyang.net/#/p/dog-pattern,第22批_421-440_动物瑞兽纹,patterns/421-440_动物瑞兽纹/437_犬纹_卡片图.jpg
438,狐纹,Fox Pattern,hú wén,动物瑞兽纹,不限定单一时期，相关动物题材与吉祥组合常见于传统绘画、瓷器、织绣、壁画、建筑和器物装饰中，并可用于现代新中式设计再创作。,,以狐为主题，着重表现灵巧机敏之姿与神秘意趣，常见于绘画、器物与织绣装饰。,祥瑞,灵巧、机敏、神秘,,通常由一只狐狸、梅花或牡丹、竹叶、山石、远山和祥云组成。狐狸居于画面中部或高石之上，回首形成曲线动势，蓬松长尾向下延伸，花木和山峰围绕形成纵深。,潮流品牌、角色设计、服饰图案、家居挂画、文化海报、数字插画,尖耳、细长吻部和蓬松大尾具有强烈识别度、回首姿态形成优雅曲线与警觉神态、梅花、牡丹、竹叶和山石营造清幽山林环境、暖橙、米白、青绿和淡朱砂形成柔美神秘配色,狐纹、狐狸纹、走兽纹、机敏纹样、神秘纹样、山林纹样、灵巧、机敏、神秘、祥瑞,柿橙、米白、青绿、朱砂、赭石,狼纹、猫纹,https://wenyang.net/#/p/fox-pattern,第22批_421-440_动物瑞兽纹,patterns/421-440_动物瑞兽纹/438_狐纹_卡片图.jpg
439,松鼠葡萄纹,Squirrel and Grapes Pattern,sōng shǔ pú táo wén,动物瑞兽纹,不限定单一时期，相关动物题材与吉祥组合常见于传统绘画、瓷器、织绣、壁画、建筑和器物装饰中，并可用于现代新中式设计再创作。,,以松鼠葡萄为主题，着重表现灵动丰硕之趣与长寿常青意蕴，常见于绘画、器物与织绣装饰。,长寿、坚贞,长寿、坚贞、常青,,通常由一只松鼠、葡萄果串、卷曲藤蔓、叶片、山石和秋草组成。葡萄藤从上方向下延展，松鼠位于石上或枝间，手持果实，果串在四周形成疏密有致的垂坠节奏。,食品包装、酒类视觉、家居软装、服饰图案、文具插画、数字纹样,松鼠体态轻巧，蓬松尾巴与持果姿态富有生活感、葡萄成串垂落，紫、红、青果色形成丰富层次、藤蔓与叶片连续延展，具有繁盛和连绵节奏、青绿、葡萄紫、暖褐与米白形成丰润古雅配色,松鼠葡萄纹、松鼠纹、葡萄纹、花果走兽纹、常青纹样、丰硕纹样、长寿、坚贞、常青,青绿、藤萝紫、赭石、赭红、米白,荔枝蜂蝶纹,https://wenyang.net/#/p/squirrel-grapes-pattern,第22批_421-440_动物瑞兽纹,patterns/421-440_动物瑞兽纹/439_松鼠葡萄纹_卡片图.jpg
440,猴献寿桃纹,Monkey Offering Longevity Peaches Pattern,hóu xiàn shòu táo wén,动物瑞兽纹,不限定单一时期，相关动物题材与吉祥组合常见于传统绘画、瓷器、织绣、壁画、建筑和器物装饰中，并可用于现代新中式设计再创作。,,以猴献寿桃为主题，着重表现长寿吉庆之意与灵巧献瑞意趣，常见于绘画、器物与织绣装饰。,长寿、福气、吉祥,长寿、福泽、吉祥,,通常由一只猴、硕大寿桃、桃枝或松梅、牡丹、山石和祥云组成。猴坐于奇石，双手捧桃，寿桃位于画面视觉中心；松梅和花卉从上方及侧面围合，构成喜庆圆满布局。,寿礼包装、节庆文创、生肖礼品、家居挂画、服饰图案、数字插画,猴的面部表情和手部动作生动，突出献瑞叙事、寿桃体量饱满、粉红渐变，形成主要吉祥焦点、松树、梅花、牡丹和山石共同强化福寿意境、暖褐、桃红、青绿、浅金与米白形成喜庆古雅配色,猴献寿桃纹、猴纹、寿桃纹、祝寿纹样、长寿纹样、吉祥纹样、长寿、福泽、吉祥、福气,赭石、朱红、青绿、浅金、米白,寿桃纹、猴纹、灵芝如意纹、三多纹,https://wenyang.net/#/p/monkey-offering-longevity-peaches-pattern,第22批_421-440_动物瑞兽纹,patterns/421-440_动物瑞兽纹/440_猴献寿桃纹_卡片图.jpg
441,蜂采牡丹纹,Bees Gathering from Peonies Pattern,fēng cǎi mǔ dān wén,动物瑞兽纹,不限定单一时期，相关花鸟虫鱼题材长期见于传统绘画、瓷器、织绣、建筑及器物装饰，并可用于现代新中式设计再创作。,,以蜂采牡丹为主题，着重表现繁花与蜂影的生态之美，常见于花鸟画、瓷器与织绣装饰。,富贵、生机、吉祥,富贵、繁盛、吉祥,,通常由多朵牡丹、花苞、枝叶、数只蜜蜂、祥云与奇石构成。牡丹占据主视觉中心，蜜蜂分布在花朵四周形成动势，山石和叶片承托画面，构图繁而不乱。,礼盒包装、美妆视觉、家居软装、服饰印花、节庆海报、数字插画,牡丹花瓣层层展开，形态饱满富丽、蜜蜂体量较小但方向各异，形成轻盈动态、花叶与奇石构成疏密对比和纵深层次、淡朱砂、米白、青绿和暖金形成雅丽配色,蜂采牡丹纹、蜂纹、牡丹纹、花虫纹样、富贵纹样、吉祥纹样、富贵、繁盛、吉祥、生机,朱砂、米白、青绿、古金、赭石,牡丹蝶纹、牡丹凤鸟纹、折枝牡丹纹,https://wenyang.net/#/p/bees-gathering-peonies-pattern,第23批_441-460_动物瑞兽纹,patterns/441-460_动物瑞兽纹/441_蜂采牡丹纹_卡片图.jpg
442,蜻蜓荷叶纹,Dragonflies and Lotus Leaves Pattern,qīng tíng hé yè wén,动物瑞兽纹,不限定单一时期，相关花鸟虫鱼题材长期见于传统绘画、瓷器、织绣、建筑及器物装饰，并可用于现代新中式设计再创作。,,以蜻蜓荷叶为主题，着重表现清荷与蜓影的生态之美，常见于花鸟画、瓷器与织绣装饰。,清雅、圆满,清净、和美、圆满,,通常由荷叶、荷花、花苞、水纹、蜻蜓和湖石组成。大荷叶形成主构图骨架，荷花与花苞穿插其间，蜻蜓在上方和水面回旋，构成上下呼应的动态关系。,夏季包装、茶饮视觉、家居挂画、丝巾图案、文具插画、数字壁纸,圆阔荷叶与直立花茎形成舒展节奏、蜻蜓透明翅脉细腻，飞行方向富于变化、水纹、荷叶与湖石呈现清凉湿润质感、青绿、荷粉、米白和浅金形成清雅配色,蜻蜓荷叶纹、蜻蜓纹、荷叶纹、水生纹样、清雅纹样、夏日纹样、清净、和美、圆满、水生花虫纹样、清雅,青绿、淡粉、米白、浅金、水青,荷塘莲纹、双莲纹、并蒂莲纹、蜻蜓纹、莲花水波纹,https://wenyang.net/#/p/dragonflies-lotus-leaves-pattern,第23批_441-460_动物瑞兽纹,patterns/441-460_动物瑞兽纹/442_蜻蜓荷叶纹_卡片图.jpg
443,螳螂捕蝉纹,Mantis Stalking a Cicada Pattern,táng láng bǔ chán wén,动物瑞兽纹,不限定单一时期，相关花鸟虫鱼题材长期见于传统绘画、瓷器、织绣、建筑及器物装饰，并可用于现代新中式设计再创作。,,以螳螂捕蝉为主题，着重表现草木虫鸣中的生动情境，常见于花鸟画、瓷器与织绣装饰。,祥瑞、升腾、自然,机敏、勇进、自然,,通常由一只螳螂、一只蝉、枝叶、花朵、秋草和太湖石组成。蝉停于细枝，螳螂从另一侧趋近，二者之间留出张力空间，花叶和石景围绕形成完整生态场景。,自然教育插画、文具图案、家居挂画、服饰印花、文化海报、数字插画,螳螂前足高举，姿态敏捷，具有明显张力、蝉翼透明、翅脉清晰，停栖状态安静、枝叶与花石形成斜向动势和前后层次、草绿、赭褐、米白和浅金形成自然配色,螳螂捕蝉纹、螳螂纹、蝉纹、草虫纹样、机敏纹样、自然纹样、机敏、勇进、自然、祥瑞、升腾,青绿、赭石、米白、浅金、朱砂,蝉栖柳叶纹、蝉叶纹、蟋蟀秋草纹、蜻蜓荷叶纹,https://wenyang.net/#/p/mantis-stalking-cicada-pattern,第23批_441-460_动物瑞兽纹,patterns/441-460_动物瑞兽纹/443_螳螂捕蝉纹_卡片图.jpg
444,蝉栖柳叶纹,Cicada on Willow Leaves Pattern,chán qī liǔ yè wén,动物瑞兽纹,不限定单一时期，相关花鸟虫鱼题材长期见于传统绘画、瓷器、织绣、建筑及器物装饰，并可用于现代新中式设计再创作。,,以蝉栖柳叶为主题，着重表现清风柳影与蝉鸣意趣，常见于花鸟画、瓷器与织绣装饰。,清雅、生机、升腾,高洁、再生、长鸣,,通常由柳枝、细长柳叶、一至数只蝉、山石、远山和云气组成。柳枝自上方垂落，蝉停在枝干或叶间，奇石位于下方承托画面，形成纵向舒展构图。,夏日包装、文具插画、家居挂画、首饰纹样、服饰印花、数字壁纸,柳叶细长下垂，形成连续柔和的线性节奏、蝉体深褐，透明翅脉精细，识别度较高、枝叶与山石构成轻重、虚实对比、青绿、墨褐、米白和浅金形成清润古雅配色,蝉栖柳叶纹、蝉纹、柳叶纹、草虫纹样、高洁纹样、夏日纹样、高洁、再生、长鸣、清雅、生机、升腾,青绿、墨褐、米白、浅金、石青,蝉叶纹、螳螂捕蝉纹、芦苇纹,https://wenyang.net/#/p/cicada-willow-leaves-pattern,第23批_441-460_动物瑞兽纹,patterns/441-460_动物瑞兽纹/444_蝉栖柳叶纹_卡片图.jpg
445,蚕纹,Silkworm Pattern,cán wén,动物瑞兽纹,不限定单一时期，相关花鸟虫鱼题材长期见于传统绘画、瓷器、织绣、建筑及器物装饰，并可用于现代新中式设计再创作。,,以蚕为主题，着重表现丝织文化中的勤劳与繁衍意趣，常见于绘画、器物与织绣装饰。,坚贞、生机,勤劳、丝织、繁衍,,通常由桑枝、桑叶、桑葚、若干蚕体、花枝和山石组成。大片桑叶形成主要承载面，蚕分布于叶片和枝干之间，桑葚与小花补充色彩，构成繁茂的生态画面。,丝绸品牌、非遗展陈、教育插画、包装设计、文具图案、数字内容,白色蚕体节段清晰，分布在深绿桑叶之间、桑叶宽大、叶脉明显，形成稳定视觉底座、桑葚、花枝与山石丰富环境层次、桑绿、乳白、米白和淡粉形成温和自然配色,蚕纹、桑叶纹、丝织文化纹样、勤劳纹样、繁衍纹样、非遗纹样、勤劳、丝织、繁衍、坚贞、生机,青绿、暖白、米白、淡粉、浅金,,https://wenyang.net/#/p/silkworm-pattern,第23批_441-460_动物瑞兽纹,patterns/441-460_动物瑞兽纹/445_蚕纹_卡片图.jpg
446,蟋蟀秋草纹,Cricket among Autumn Grasses Pattern,xī shuài qiū cǎo wén,动物瑞兽纹,不限定单一时期，相关花鸟虫鱼题材长期见于传统绘画、瓷器、织绣、建筑及器物装饰，并可用于现代新中式设计再创作。,,以蟋蟀秋草为主题，着重表现秋声草色中的生机情趣，常见于花鸟画、瓷器与织绣装饰。,自然、生机,秋趣、生机、生活情趣,,通常由一只蟋蟀、芦草或秋草、菊花、枯叶、山石和云气组成。高挑秋草自上方伸展，蟋蟀置于石面或草间，菊花和落叶围绕其下，形成疏朗秋景。,秋季包装、家居挂画、文具插画、服饰印花、自然教育内容、数字壁纸,蟋蟀触角细长、后足有力，姿态富于动感、秋草穗部轻盈，叶片枯黄与青绿交错、菊花和山石增强季节性与传统意境、草黄、青绿、米白和赭褐形成温暖秋色,蟋蟀秋草纹、蟋蟀纹、秋草纹、草虫纹样、秋趣纹样、生活情趣纹样、秋趣、生机、生活情趣、自然,浅金、青绿、米白、赭石,蝉叶纹、蝉栖柳叶纹、螳螂捕蝉纹、菊花篱纹、芦苇纹,https://wenyang.net/#/p/cricket-autumn-grasses-pattern,第23批_441-460_动物瑞兽纹,patterns/441-460_动物瑞兽纹/446_蟋蟀秋草纹_卡片图.jpg
447,蝉叶纹,Cicada and Leaf Pattern,chán yè wén,动物瑞兽纹,不限定单一时期，相关花鸟虫鱼题材长期见于传统绘画、瓷器、织绣、建筑及器物装饰，并可用于现代新中式设计再创作。,,以蝉叶为主题，着重表现叶间蝉鸣与高洁自然之趣，常见于花鸟画、瓷器与织绣装饰。,清雅、生机、升腾,高洁、再生、长鸣,,通常由一只蝉、宽叶花枝、花苞、太湖石、细草和云气组成。蝉位于画面中上部，叶片从四周围合，山石置于下方形成稳定支撑，构图简洁而集中。,首饰纹样、文具设计、夏季包装、家居挂画、服饰印花、数字图标,单只蝉体量突出，翅脉与腹部纹理细腻、叶片宽阔、叶脉清晰，与蝉体形成比例对比、花枝与山石增强自然环境和层次、青绿、墨褐、米白与浅金形成清雅配色,蝉叶纹、蝉纹、叶纹、草虫纹样、高洁纹样、再生纹样、高洁、再生、长鸣、清雅、生机、升腾,青绿、墨褐、米白、浅金,蝉栖柳叶纹、螳螂捕蝉纹,https://wenyang.net/#/p/cicada-leaf-pattern,第23批_441-460_动物瑞兽纹,patterns/441-460_动物瑞兽纹/447_蝉叶纹_卡片图.jpg
448,海螺珠贝纹,"Conch, Pearls and Shells Pattern",hǎi luó zhū bèi wén,动物瑞兽纹,不限定单一时期，相关花鸟虫鱼题材长期见于传统绘画、瓷器、织绣、建筑及器物装饰，并可用于现代新中式设计再创作。,,以海螺珠贝为主题，着重表现海洋珍物的流转与华美意趣，常见于器物、边饰与织绣装饰。,秩序、富贵、自然,流转、珍贵、海洋,,通常由大型海螺、扇贝、珍珠串、小贝壳、珊瑚、水草、礁石与水纹组成。主海螺居于上部，扇贝和珍珠围绕下方展开，水草与珊瑚形成向上的流动线条。,珠宝包装、海洋品牌、家居装饰、丝巾图案、文具插画、数字纹样,海螺螺旋和壳口形态夸张，具有强烈主视觉、贝壳放射纹与珍珠圆润光泽形成材质对比、珊瑚、水草和水纹营造丰富海洋环境、贝白、珍珠白、海青和珊瑚粉形成柔和华美配色,海螺珠贝纹、海螺纹、珠贝纹、海洋纹样、珍贵纹样、水生纹样、流转、珍贵、海洋、秩序、富贵、自然,白色、深青、珊瑚红、浅金,海水江崖纹、虾藻纹、芦蟹纹、贝壳纹,https://wenyang.net/#/p/conch-pearls-shells-pattern,第23批_441-460_动物瑞兽纹,patterns/441-460_动物瑞兽纹/448_海螺珠贝纹_卡片图.jpg
449,芦蟹纹,Crabs and Reeds Pattern,lú xiè wén,动物瑞兽纹,不限定单一时期，相关花鸟虫鱼题材长期见于传统绘画、瓷器、织绣、建筑及器物装饰，并可用于现代新中式设计再创作。,,以芦蟹为主题，着重表现水岸芦影与蟹趣生态，常见于花鸟画、瓷器与织绣装饰。,富贵、坚贞,甲第、坚韧、丰足,,通常由数只螃蟹、芦苇、浅水、水纹、岸石和泥滩组成。芦苇从右上方垂落，螃蟹散布于水岸和石面，水流贯穿其间，形成开阔而自然的浅滩场景。,水产包装、餐饮视觉、家居挂画、秋季海报、文具插画、数字壁纸,蟹壳、蟹足和钳部结构清晰，姿态各异、芦苇穗与细长叶片形成轻盈风动感、水纹和泥滩构成连续空间，引导视线深入、芦黄、青绿、米白和蟹褐形成清淡秋水配色,芦蟹纹、蟹纹、芦苇纹、水岸纹样、甲第纹样、丰足纹样、甲第、坚韧、丰足、富贵、坚贞,浅金、青绿、米白、赭石、水青,虾藻纹、海螺珠贝纹、芦雁纹、芦苇纹,https://wenyang.net/#/p/crabs-reeds-pattern,第23批_441-460_动物瑞兽纹,patterns/441-460_动物瑞兽纹/449_芦蟹纹_卡片图.jpg
450,虾藻纹,Shrimps and Aquatic Plants Pattern,xiā zǎo wén,动物瑞兽纹,不限定单一时期，相关花鸟虫鱼题材长期见于传统绘画、瓷器、织绣、建筑及器物装饰，并可用于现代新中式设计再创作。,,以虾藻为主题，着重表现水中生灵与藻影的灵动之美，常见于花鸟画、瓷器与织绣装饰。,祥瑞、生机、富贵,灵动、活力、丰足,,通常由数只游虾、水藻、水草、荷梗、浅水、卵石和水纹组成。虾在不同高度和方向游动，长须交错延展，水藻随水流倾斜，形成纵向流动构图。,水产包装、餐饮品牌、家居挂画、丝巾图案、文具插画、数字壁纸,虾体半透明，节段、长须和尾扇表现细腻、不同方向游动的虾形成丰富节奏和空间层次、水藻与水草柔软舒展，强化水流感、水青、藻绿、米白和淡金形成清澈柔和配色,虾藻纹、虾纹、水藻纹、水生纹样、灵动纹样、丰足纹样、灵动、活力、丰足、祥瑞、生机、富贵,水青、青绿、米白、浅金、赭石,芦蟹纹、海螺珠贝纹、荷塘莲纹、水波纹,https://wenyang.net/#/p/shrimps-aquatic-plants-pattern,第23批_441-460_动物瑞兽纹,patterns/441-460_动物瑞兽纹/450_虾藻纹_卡片图.jpg
451,双辟邪纹,Pair of Bixie Guardian Beasts Pattern,shuāng bì xié wén,动物瑞兽纹,不限定单一时期，相关神兽题材长期见于宫廷织绣、建筑彩画、瓷器、玉器、金银器与民间吉祥装饰，并可用于现代新中式设计再创作。,,以双辟邪为核心，融合祥云、火焰、宝珠与瑞草，表现镇守驱邪的威仪之美，常见于器物、建筑与织绣装饰。,护佑、威仪,护佑、驱邪、威仪,,通常由两只辟邪神兽、火焰宝珠、祥云、瑞草和山石组成。双兽分居画面上下或左右，相互呼应并围绕中心宝珠形成动势，云火纹填充其间，使画面兼具对称秩序与旋转张力。,门神与空间导视、文博文创、高端包装、游戏角色设定、建筑装饰图形、数字插画,双兽相互呼应，构图具有护卫和环抱感、鬃毛、鳞甲与火焰线条卷曲流动、宝珠作为中心视觉锚点强化祥瑞寓意、金青、朱砂与米白形成庄重华丽配色,双辟邪纹、辟邪纹、双兽纹、护佑神兽纹、护佑、驱邪、威仪,金色、青绿、朱砂、米白、墨黑,貔貅纹、天禄纹、狻猊纹、兽面纹,https://wenyang.net/#/p/pair-bixie-guardian-beasts-pattern,第23批_441-460_动物瑞兽纹,patterns/441-460_动物瑞兽纹/451_双辟邪纹_卡片图.jpg
452,天禄衔芝纹,Tianlu Holding Lingzhi Pattern,tiān lù xián zhī wén,动物瑞兽纹,不限定单一时期，相关神兽题材长期见于宫廷织绣、建筑彩画、瓷器、玉器、金银器与民间吉祥装饰，并可用于现代新中式设计再创作。,,以天禄衔芝为核心，结合祥云、火焰、宝珠和瑞草，呈现福禄护佑、祥瑞长寿的神兽意象。,福气、护佑、祥瑞、长寿,福禄、护佑、祥瑞、长寿,,画面多以天禄昂首迈步为主体，口中衔持灵芝，周围辅以火焰宝珠、祥云、牡丹和山石。神兽身体形成斜向上升动势，灵芝与云火纹在头部周围聚焦，增强视觉识别。,礼赠包装、寿庆视觉、文博文创、品牌吉祥物、家居陈设、数字插画,天禄角、鬃毛、鳞甲与鹿蹄特征鲜明、口衔灵芝形成清晰的吉祥叙事、姿态昂扬，整体具有向前迈进的动势、青绿、浅金、朱砂和米白清雅而华贵,天禄衔芝纹、天禄纹、灵芝纹、瑞兽纹、福禄、护佑、祥瑞、长寿、福气,浅金、青绿、朱砂、米白、赭石,双辟邪纹、貔貅纹、灵芝如意纹、麒麟纹,https://wenyang.net/#/p/tianlu-holding-lingzhi-pattern,第23批_441-460_动物瑞兽纹,patterns/441-460_动物瑞兽纹/452_天禄衔芝纹_卡片图.jpg
453,貔貅纹,Pixiu Pattern,pí xiū wén,动物瑞兽纹,不限定单一时期，相关神兽题材长期见于宫廷织绣、建筑彩画、瓷器、玉器、金银器与民间吉祥装饰，并可用于现代新中式设计再创作。,,以貔貅为核心，融入祥云、火焰、宝珠与瑞草，着重表现招财纳福、镇守护佑的威仪气势。,富贵、护佑、威仪,招财、护佑、威仪,,通常由单只貔貅、火焰宝珠、祥云、瑞草和山石组成。貔貅多呈蹲伏、昂首或回望姿态，宝珠位于头顶或前方，云火纹围绕身体展开，形成集中而饱满的构图。,财富主题品牌视觉、商业空间装饰、礼盒包装、文博文创、吉祥物设计、数字收藏视觉,龙狮融合的头部与卷曲鬃毛辨识度高、鳞甲、利爪和装饰璎珞强化威仪感、宝珠与火焰形成祥瑞视觉中心、青绿、金色和朱砂呈现华贵宫廷气质,貔貅纹、招财纹、护佑神兽纹、招财、护佑、威仪、富贵,青绿、金色、朱砂、米白、赭石,双辟邪纹、天禄纹、狻猊纹、麒麟纹、兽面纹,https://wenyang.net/#/p/pixiu-pattern,第23批_441-460_动物瑞兽纹,patterns/441-460_动物瑞兽纹/453_貔貅纹_卡片图.jpg
454,狻猊纹,Suanni Lion Pattern,suān ní wén,动物瑞兽纹,不限定单一时期，相关神兽题材长期见于宫廷织绣、建筑彩画、瓷器、玉器、金银器与民间吉祥装饰，并可用于现代新中式设计再创作。,,以狻猊为核心，结合宝珠、祥云、火焰和花石，呈现尊贵威仪、镇守护佑的祥瑞神兽形象。,祥瑞、威仪、护佑、富贵,祥瑞、威仪、护佑、尊贵,,画面以狻猊立于山石为中心，前置宝球或绣球，头顶配火焰宝珠，周围铺陈祥云、牡丹与瑞草。主体体量厚重，鬃毛与云火向外扩展，使构图稳固而富有张力。,香文化产品、高端家居品牌、建筑空间装饰、博物馆文创、游戏神兽设定、数字插画,狮形躯体厚重，卷鬃与獠牙具有威慑感、前爪与宝球形成稳定的三角构图、装饰璎珞和金饰强化尊贵气质、浅金、青绿、朱砂和米白层次丰富,狻猊纹、狮形瑞兽纹、护佑纹、祥瑞、威仪、护佑、尊贵、富贵,浅金、青绿、朱砂、米白、深蓝,狮子滚绣球纹、貔貅纹、麒麟纹、兽面纹,https://wenyang.net/#/p/suanni-lion-pattern,第23批_441-460_动物瑞兽纹,patterns/441-460_动物瑞兽纹/454_狻猊纹_卡片图.jpg
455,螭虎纹,Chi Tiger Pattern,chī hǔ wén,动物瑞兽纹,不限定单一时期，相关神兽题材长期见于宫廷织绣、建筑彩画、瓷器、玉器、金银器与民间吉祥装饰，并可用于现代新中式设计再创作。,,以螭虎为核心，融合祥云、火焰、宝珠和瑞草，表现镇守勇力、威武升腾的传统神兽气势。,威仪、护佑,威武、镇守、勇力,,通常由单只螭虎、火焰宝珠、祥云、瑞草和山石组成。螭虎呈前扑或昂首姿态，身体由鳞甲、卷云纹和火焰纹装饰，宝珠与太阳纹位于上方，形成向上升腾的视觉动势。,武术与国潮品牌、空间镇守图形、游戏角色设计、博物馆文创、高端包装、数字插画,龙角、虎爪与鳞甲融合形成独特神兽轮廓、身体卷曲而前扑，具有强烈运动感、云火和宝珠围绕主体强化镇守意象、墨青、青绿、朱砂和金色对比鲜明,螭虎纹、螭龙纹、镇守神兽纹、威武、镇守、勇力、威仪、护佑,墨黑、青绿、朱砂、金色、米白,虎面纹、螭龙纹、白虎纹、貔貅纹、兽面纹,https://wenyang.net/#/p/chi-tiger-pattern,第23批_441-460_动物瑞兽纹,patterns/441-460_动物瑞兽纹/455_螭虎纹_卡片图.jpg
456,飞廉纹,Feilian Pattern,fēi lián wén,动物瑞兽纹,不限定单一时期，相关神兽题材长期见于宫廷织绣、建筑彩画、瓷器、玉器、金银器与民间吉祥装饰，并可用于现代新中式设计再创作。,,以飞廉为核心，结合鹿角、羽翼、祥云、火焰和宝珠，呈现腾跃疾行、神异祥瑞的风神意象。,祥瑞、威仪、护佑,祥瑞、威仪、护佑、迅疾,,画面以飞廉凌空奔跃为主体，鹿角与双翼向上展开，尾部和鬃毛随风飘动，周围配置火焰宝珠、祥云、海水、牡丹和瑞草。斜向飞行构图强化速度和空间感。,运动与速度主题品牌、游戏神兽设计、飞行器视觉、文博文创、国潮服饰、数字插画,鹿形身体与大型羽翼构成鲜明混合形象、前后肢腾空，姿态轻捷而富有冲击力、羽毛、鬃毛与祥云形成连续流线、青绿、朱砂、浅金和米白兼具灵动与古雅,飞廉纹、翼兽纹、风神瑞兽纹、祥瑞、威仪、护佑、迅疾,青绿、朱砂、浅金、米白、赭石,天马飞云纹、应龙纹、朱雀纹、瑞兽云火纹,https://wenyang.net/#/p/feilian-pattern,第23批_441-460_动物瑞兽纹,patterns/441-460_动物瑞兽纹/456_飞廉纹_卡片图.jpg
457,天马飞云纹,Celestial Horse and Flying Clouds Pattern,tiān mǎ fēi yún wén,动物瑞兽纹,不限定单一时期，相关神兽题材长期见于宫廷织绣、建筑彩画、瓷器、玉器、金银器与民间吉祥装饰，并可用于现代新中式设计再创作。,,以天马飞云为核心，融入祥云、火焰、宝珠与瑞草，表现自由升腾、奋进祥瑞的轻盈动势。,祥瑞、升腾,祥瑞、升腾、自由,,画面以一匹白色天马斜向跃起为中心，鬃尾随风飘扬，鞍饰和飘带细密华丽。祥云围绕四肢和身体展开，火焰宝珠位于上方，瑞草与卷枝花卉承托下方。,出行与旅行品牌、运动视觉、文化活动主视觉、文博文创、服饰印花、数字插画,天马腾跃姿态舒展，四肢离地形成飞行感、鬃尾、飘带和云纹方向统一，节奏流畅、白马与青绿云气形成清晰明暗对比、朱砂与浅金装饰提升祥瑞和宫廷感,天马飞云纹、天马纹、飞云纹、升腾瑞兽纹、祥瑞、升腾、自由,米白、青绿、朱砂、浅金、青灰,天马海水纹、龙马纹、飞廉纹、祥云纹,https://wenyang.net/#/p/celestial-horse-flying-clouds-pattern,第23批_441-460_动物瑞兽纹,patterns/441-460_动物瑞兽纹/457_天马飞云纹_卡片图.jpg
458,海马纹,Sea Horse Pattern,hǎi mǎ wén,动物瑞兽纹,不限定单一时期，相关神兽题材长期见于宫廷织绣、建筑彩画、瓷器、玉器、金银器与民间吉祥装饰，并可用于现代新中式设计再创作。,,以神话海马为核心，融合海浪、祥云、火焰宝珠与珊瑚瑞草，表现流转润泽和水域力量。,秩序、自然、威仪,流转、润泽、力量,,画面以一只竖立于海浪中的海马神兽为中心，马首与龙鳞身体向上弯曲，背部和尾部生出火焰状鱼鳍。火焰宝珠位于前方，周围辅以祥云、珊瑚、海藻和旋涡。,海洋文化品牌、滨海空间视觉、文博文创、首饰与包装图形、游戏海兽设定、数字插画,马首、龙鳞、鱼鳍和卷尾融合成海兽轮廓、竖向弯曲身体强化升腾与流转感、海浪、珊瑚和宝珠构成水火相济的视觉张力、海青、朱砂、浅金和米白富有海洋华彩,海马纹、海兽纹、水族瑞兽纹、流转、润泽、力量、秩序、自然、威仪,深青、朱砂、浅金、米白、珊瑚红,天马海水纹、龙鱼纹、鱼化龙纹、海水江崖纹、龙马纹,https://wenyang.net/#/p/sea-horse-pattern,第23批_441-460_动物瑞兽纹,patterns/441-460_动物瑞兽纹/458_海马纹_卡片图.jpg
459,天马海水纹,Celestial Horse Pattern,tiān mǎ hǎi shuǐ wén,动物瑞兽纹,不限定单一时期，相关神兽题材长期见于宫廷织绣、建筑彩画、瓷器、玉器、金银器与民间吉祥装饰，并可用于现代新中式设计再创作。,,以天马踏浪为核心，结合海水、祥云、火焰宝珠和瑞草，表现流转润泽、奋进升腾的祥瑞力量。,秩序、自然、威仪、升腾,流转、润泽、力量、升腾,,画面以一匹白色天马跃出海浪为主体，前蹄高举，鬃尾和飘带随风舒展。层叠海浪从下方托起主体，上方配火焰宝珠和祥云，岸边花卉山石补充空间层次。,航运与出行品牌、体育赛事视觉、节庆海报、文博文创、高端包装、数字插画,白色天马与深青海浪形成强烈主体对比、高举前蹄与翻卷浪峰共同形成上升动势、鬃尾、云气和水纹形成连续流线、青绿、米白、朱砂和浅金清丽庄重,天马海水纹、天马纹、海水纹、升腾瑞兽纹、流转、润泽、力量、升腾、秩序、自然、威仪,深青、米白、青绿、朱砂、浅金,天马飞云纹、海马纹、龙马纹、海水江崖纹,https://wenyang.net/#/p/celestial-horse-sea-waves-pattern,第23批_441-460_动物瑞兽纹,patterns/441-460_动物瑞兽纹/459_天马海水纹_卡片图.jpg
460,龙马纹,Dragon Horse Pattern,lóng mǎ wén,动物瑞兽纹,不限定单一时期，相关神兽题材长期见于宫廷织绣、建筑彩画、瓷器、玉器、金银器与民间吉祥装饰，并可用于现代新中式设计再创作。,,以龙马为核心，融合龙首、马身、鳞甲、祥云和火焰宝珠，呈现权威祥瑞、昂扬升腾的神兽形象。,威仪、祥瑞、升腾,权威、祥瑞、升腾,,画面以龙马昂首腾跃为主体，前蹄高举，鳞甲覆盖躯干，龙角和长鬃向后飞扬。火焰宝珠位于上方，祥云围绕身体，牡丹、山石与瑞草布置在下方，形成稳定的竖向构图。,企业精神图形、赛事与奖项视觉、文博文创、高端礼盒、游戏神兽设计、数字插画,龙首、龙角、鳞甲与马蹄组合鲜明、腾跃姿态和飞扬鬃尾强化昂扬气势、火焰宝珠与祥云突出权威祥瑞含义、青绿、浅金、朱砂和米白庄重华丽,龙马纹、龙兽纹、升腾瑞兽纹、权威、祥瑞、升腾、威仪,青绿、浅金、朱砂、米白、墨黑,天马飞云纹、天马海水纹、龙鱼纹、麒麟纹、云龙纹,https://wenyang.net/#/p/dragon-horse-pattern,第23批_441-460_动物瑞兽纹,patterns/441-460_动物瑞兽纹/460_龙马纹_卡片图.jpg
461,龙凤团寿纹,"Dragon, Phoenix and Longevity Medallion Pattern",lóng fèng tuán shòu wén,动物瑞兽纹,不限定单一时期。相关龙凤、龙纹与祥瑞神兽题材长期见于宫廷织绣、瓷器、建筑彩画、木雕漆器和民间吉祥装饰；本批卡片为现代原创再设计，不对应或复制单一文物图案。,,以龙凤环护团寿为核心，融合祥云、火焰、宝珠与牡丹，表现和合吉庆、尊贵长寿的祥瑞意象。,圆满、祥瑞、富贵、长寿,和美、祥瑞、尊贵、长寿,,通常由上方盘旋的龙、下方展翼的凤、中央团寿徽记以及祥云、火焰、宝珠、牡丹和瑞草组成。龙凤围绕中心寿字形成纵向或圆形秩序，团寿作为视觉锚点，云火和花卉负责填充空间并连接上下动势。,寿庆与婚庆视觉、礼赠包装、文博文创、高端家居纹样、品牌吉祥图形、数字插画,龙凤上下呼应，形成庄重完整的中心式构图、寿字团徽位于视觉中心，识别度强、龙鳞与凤羽线条细密，动静对比鲜明、青绿、朱砂、浅金与米白呈现华丽而克制的宫廷气质,龙凤团寿纹、龙凤纹、团寿纹、祥瑞团花纹、和美、祥瑞、尊贵、长寿、圆满、富贵,青绿、朱砂、浅金、米白、深蓝,双龙捧寿纹、龙凤呈祥纹、团寿纹、五爪团龙纹,https://wenyang.net/#/p/dragon-phoenix-longevity-medallion-pattern,第24批_461-480_动物瑞兽纹,patterns/461-480_动物瑞兽纹/461_龙凤团寿纹_卡片图.jpg
462,双龙捧寿纹,Two Dragons Supporting a Longevity Emblem Pattern,shuāng lóng pěng shòu wén,动物瑞兽纹,不限定单一时期。相关龙凤、龙纹与祥瑞神兽题材长期见于宫廷织绣、瓷器、建筑彩画、木雕漆器和民间吉祥装饰；本批卡片为现代原创再设计，不对应或复制单一文物图案。,,以双龙环护寿字团徽为核心，结合祥云、火焰宝珠与牡丹，呈现权威祥瑞、延寿纳福的庄重构图。,威仪、祥瑞、升腾、长寿,权威、祥瑞、升腾、长寿,,通常由左右相向的双龙、中央圆形寿字徽记、上方火焰宝珠、祥云、牡丹和山石构成。双龙以S形曲线向中心收拢，头部相对、尾部向下延展，形成环抱与捧持关系。,寿庆礼赠包装、传统节庆主视觉、文博文创、高端家居装饰、品牌周年图形、数字插画,双龙左右对称，秩序感与仪式感突出、中心寿字团徽形成稳定视觉焦点、龙身曲线与云火纹相互呼应，动势连贯、青绿龙鳞配朱砂火焰和浅金描边，庄重华美,双龙捧寿纹、双龙纹、捧寿纹、团寿纹、权威、祥瑞、升腾、长寿、威仪,青绿、浅金、朱砂、米白、赭石,龙凤团寿纹、双龙戏珠纹、团寿纹、五爪团龙纹、云龙捧珠纹,https://wenyang.net/#/p/two-dragons-supporting-longevity-emblem-pattern,第24批_461-480_动物瑞兽纹,patterns/461-480_动物瑞兽纹/462_双龙捧寿纹_卡片图.jpg
463,云龙捧珠纹,Cloud Dragon Supporting a Pearl Pattern,yún lóng pěng zhū wén,动物瑞兽纹,不限定单一时期。相关龙凤、龙纹与祥瑞神兽题材长期见于宫廷织绣、瓷器、建筑彩画、木雕漆器和民间吉祥装饰；本批卡片为现代原创再设计，不对应或复制单一文物图案。,,以云龙盘旋捧珠为核心，融入祥云、火焰与牡丹，表现权威祥瑞、升腾灵动和追逐光明的意象。,威仪、祥瑞、升腾,权威、祥瑞、升腾、光明,,通常由一条盘旋云龙、火焰宝珠、层叠祥云、牡丹和瑞草构成。龙身以连续S形贯穿主视觉，头部与前爪朝向宝珠，云纹环绕龙身并填充空隙，形成云中腾跃的空间层次。,品牌腾飞主题视觉、节庆海报、文博文创、包装与徽章设计、游戏龙形象设定、数字插画,龙身穿行云层，画面具有明显纵向升腾感、宝珠与龙爪形成紧密互动关系、祥云层层叠压，增强空间深度和节奏、青绿龙鳞、浅金鬃须与朱砂火焰形成鲜明识别,云龙捧珠纹、云龙纹、宝珠纹、升腾龙纹、权威、祥瑞、升腾、光明、威仪,青绿、浅金、朱砂、米白、深青,双龙捧寿纹、行龙赶珠纹、五爪团龙纹、升龙捧日纹、蟠龙纹,https://wenyang.net/#/p/cloud-dragon-supporting-pearl-pattern,第24批_461-480_动物瑞兽纹,patterns/461-480_动物瑞兽纹/463_云龙捧珠纹_卡片图.jpg
464,五爪团龙纹,Five-Clawed Dragon Medallion Pattern,wǔ zhǎo tuán lóng wén,动物瑞兽纹,不限定单一时期。相关龙凤、龙纹与祥瑞神兽题材长期见于宫廷织绣、瓷器、建筑彩画、木雕漆器和民间吉祥装饰；本批卡片为现代原创再设计，不对应或复制单一文物图案。,,以五爪团龙盘绕宝珠为核心，融合祥云、火焰与牡丹，呈现权威尊贵、祥瑞守护的中心式龙纹。,威仪、祥瑞、升腾、富贵,权威、祥瑞、升腾、尊贵,,通常由一条五爪龙、中心火焰宝珠、祥云、牡丹和瑞草构成。龙身围绕中心做圆形或椭圆形盘绕，龙首、龙爪和宝珠共同形成内聚结构，外围花云纹进一步稳定团形轮廓。,高端品牌徽章、礼仪活动主视觉、文博文创、国潮服饰印花、空间装饰图形、数字插画,龙身盘成完整团形，中心式构图紧凑饱满、五爪张开，强调力量与威仪、宝珠、云火与牡丹围绕龙身形成多层装饰、青绿鳞甲与金线细节突出精致宫廷感,五爪团龙纹、五爪龙纹、团龙纹、宫廷龙纹、权威、祥瑞、升腾、尊贵、威仪、富贵,青绿、浅金、朱砂、米白、深蓝,蟠龙纹、云龙捧珠纹、双龙捧寿纹、行龙赶珠纹、苍龙纹,https://wenyang.net/#/p/five-clawed-dragon-medallion-pattern,第24批_461-480_动物瑞兽纹,patterns/461-480_动物瑞兽纹/464_五爪团龙纹_卡片图.jpg
465,行龙赶珠纹,Walking Dragon Chasing a Pearl Pattern,xíng lóng gǎn zhū wén,动物瑞兽纹,不限定单一时期。相关龙凤、龙纹与祥瑞神兽题材长期见于宫廷织绣、瓷器、建筑彩画、木雕漆器和民间吉祥装饰；本批卡片为现代原创再设计，不对应或复制单一文物图案。,,以行龙追逐火焰宝珠为核心，配合祥云、花卉与瑞草，表现权威祥瑞、奋进向前的强烈动势。,威仪、祥瑞、升腾,权威、祥瑞、升腾、进取,,通常由侧向行进的龙、前方火焰宝珠、祥云、牡丹、莲花与瑞草构成。龙身呈长S形贯穿画面，龙首与宝珠构成运动方向，花云纹沿龙身展开并平衡上下空间。,进取主题品牌视觉、赛事与活动海报、文博文创、服饰印花、包装装饰带、数字插画,龙首前探、四爪展开，具有明确前进方向、宝珠位于运动前方，强化追逐叙事、长形龙身与云纹形成流畅连续节奏、朱砂火焰、青绿鳞甲和浅金鬃须对比鲜明,行龙赶珠纹、行龙纹、赶珠纹、动态龙纹、权威、祥瑞、升腾、进取、威仪,青绿、朱砂、浅金、米白、墨黑,云龙捧珠纹、升龙捧日纹、降龙探海纹、蟠龙纹、五爪团龙纹,https://wenyang.net/#/p/walking-dragon-chasing-pearl-pattern,第24批_461-480_动物瑞兽纹,patterns/461-480_动物瑞兽纹/465_行龙赶珠纹_卡片图.jpg
466,升龙捧日纹,Ascending Dragon Supporting the Sun Pattern,shēng lóng pěng rì wén,动物瑞兽纹,不限定单一时期。相关龙凤、龙纹与祥瑞神兽题材长期见于宫廷织绣、瓷器、建筑彩画、木雕漆器和民间吉祥装饰；本批卡片为现代原创再设计，不对应或复制单一文物图案。,,以升龙仰首捧日为核心，结合祥云、海水与牡丹，表现权威升腾、光耀向上的祥瑞力量。,威仪、祥瑞、升腾,权威、祥瑞、升腾、光明,,通常由一条向上盘升的龙、顶部日轮、祥云、火焰宝珠、海水和牡丹构成。龙身沿纵向S形上升，前爪与日轮形成托举关系，下方海水和花卉提供稳定基座。,企业腾飞主题视觉、庆典与发布会主视觉、文博文创、奖章徽记、高端包装、数字插画,龙身由下向上延伸，垂直动势非常鲜明、日轮位于顶部，形成强烈视觉终点、云海与花卉层层铺陈，画面上轻下重、朱砂日轮、青绿龙鳞和浅金线条传达光耀感,升龙捧日纹、升龙纹、日纹、光耀祥瑞纹、权威、祥瑞、升腾、光明、威仪,朱砂、青绿、浅金、米白、深青,行龙赶珠纹、云龙捧珠纹、降龙探海纹、应龙纹、苍龙纹,https://wenyang.net/#/p/ascending-dragon-supporting-sun-pattern,第24批_461-480_动物瑞兽纹,patterns/461-480_动物瑞兽纹/466_升龙捧日纹_卡片图.jpg
467,降龙探海纹,Descending Dragon Exploring the Sea Pattern,jiàng lóng tàn hǎi wén,动物瑞兽纹,不限定单一时期。相关龙凤、龙纹与祥瑞神兽题材长期见于宫廷织绣、瓷器、建筑彩画、木雕漆器和民间吉祥装饰；本批卡片为现代原创再设计，不对应或复制单一文物图案。,,以降龙俯冲探海为核心，融合海浪、祥云、火焰宝珠与花卉，表现威严、探索和水域升腾之势。,威仪、祥瑞,权威、祥瑞、探索、力量,,通常由一条向下盘旋的龙、海浪、祥云、火焰宝珠、牡丹和水生瑞草构成。龙身由画面上方延伸至海面，龙首贴近浪尖，海水与山石在底部形成承托，云纹连接天空与海域。,海洋文化品牌、探索主题活动视觉、文博文创、空间壁画、游戏龙族设定、数字插画,龙首向下俯冲，形成少见的下降动势、高云与海浪上下呼应，空间层次丰富、龙身曲线贯穿天海，叙事感强、海青、青绿、浅金与朱砂构成冷暖平衡,降龙探海纹、降龙纹、海水纹、探海龙纹、权威、祥瑞、探索、力量、威仪,深青、青绿、浅金、朱砂、米白,升龙捧日纹、行龙赶珠纹、海水江崖纹、云龙捧珠纹、苍龙纹,https://wenyang.net/#/p/descending-dragon-exploring-sea-pattern,第24批_461-480_动物瑞兽纹,patterns/461-480_动物瑞兽纹/467_降龙探海纹_卡片图.jpg
468,蟠龙纹,Coiled Dragon Pattern,pán lóng wén,动物瑞兽纹,不限定单一时期。相关龙凤、龙纹与祥瑞神兽题材长期见于宫廷织绣、瓷器、建筑彩画、木雕漆器和民间吉祥装饰；本批卡片为现代原创再设计，不对应或复制单一文物图案。,,以蟠龙盘旋宝珠为核心，结合祥云、火焰与牡丹，表现权威祥瑞、盘旋守护和凝聚不息的力量。,威仪、祥瑞、护佑,权威、祥瑞、守护、凝聚,,通常由盘绕成环的龙、火焰宝珠、祥云、牡丹和瑞草组成。龙身多次折转形成圆形或“S”形回环，宝珠位于内圈或龙首前方，花云纹沿外围补足轮廓。,圆形徽章与标志、空间穹顶装饰、文博文创、高端包装、服饰团花印花、数字插画,龙身多重回环，构图紧密而富有节奏、首尾相顾，形成内聚与守护感、宝珠位于盘旋中心，强化视觉凝聚力、青绿鳞甲与浅金轮廓呈现古雅华丽质感,蟠龙纹、盘龙纹、团绕龙纹、权威、祥瑞、守护、凝聚、威仪、护佑,青绿、浅金、朱砂、米白、墨黑,五爪团龙纹、云龙捧珠纹、行龙赶珠纹、苍龙纹、团龙纹,https://wenyang.net/#/p/coiled-dragon-pattern,第24批_461-480_动物瑞兽纹,patterns/461-480_动物瑞兽纹/468_蟠龙纹_卡片图.jpg
469,应龙纹,Winged Dragon Pattern,yìng lóng wén,动物瑞兽纹,不限定单一时期。相关龙凤、龙纹与祥瑞神兽题材长期见于宫廷织绣、瓷器、建筑彩画、木雕漆器和民间吉祥装饰；本批卡片为现代原创再设计，不对应或复制单一文物图案。,,以有翼应龙腾空为核心，融合祥云、火焰宝珠与牡丹，展现飞腾神异、权威祥瑞和升空之势。,威仪、祥瑞、升腾,权威、祥瑞、升腾、神异,,通常由一条有翼应龙、火焰宝珠、祥云、牡丹和瑞草构成。龙身盘曲于画面中央，两翼向上或向两侧展开，龙首朝向宝珠，羽翼与云纹共同形成放射式升腾结构。,幻想文化品牌、游戏与影视神兽设定、文博文创、节庆主视觉、服饰印花、数字插画,龙身与大型羽翼结合，识别度极高、展开双翼形成强烈向上与向外张力、羽毛、鳞片和云火线条细密交织、青绿、浅金、朱砂和宝蓝形成神异华丽气质,应龙纹、翼龙纹、飞龙纹、权威、祥瑞、升腾、神异、威仪,青绿、深蓝、浅金、朱砂、米白,升龙捧日纹、苍龙纹,https://wenyang.net/#/p/winged-dragon-pattern,第24批_461-480_动物瑞兽纹,patterns/461-480_动物瑞兽纹/469_应龙纹_卡片图.jpg
470,苍龙纹,Canglong Dragon Pattern,cāng lóng wén,动物瑞兽纹,不限定单一时期。相关龙凤、龙纹与祥瑞神兽题材长期见于宫廷织绣、瓷器、建筑彩画、木雕漆器和民间吉祥装饰；本批卡片为现代原创再设计，不对应或复制单一文物图案。,,以苍龙盘云逐珠为核心，融入祥云、火焰与牡丹，表现苍劲威严、权威祥瑞和东方升腾之意。,威仪、祥瑞、升腾,权威、祥瑞、升腾、威严,,通常由一条青苍色长龙、火焰宝珠、祥云、牡丹、山石和瑞草构成。龙身由上至下曲折延展，龙首朝向宝珠，云纹和花石沿身体两侧展开，形成纵向贯通的完整构图。,东方文化品牌视觉、建筑空间装饰、文博文创、国潮包装、游戏龙形象设定、数字插画,青苍色龙身突出沉稳与苍劲气质、修长龙体贯穿画面，具有强烈纵向张力、火焰宝珠与龙首形成明确互动、墨青、青绿、浅金和朱砂形成古朴厚重配色,苍龙纹、青龙纹、东方龙纹、权威、祥瑞、升腾、威严、威仪,墨黑、青绿、浅金、朱砂、米白,云龙捧珠纹、蟠龙纹、应龙纹、升龙捧日纹,https://wenyang.net/#/p/canglong-dragon-pattern,第24批_461-480_动物瑞兽纹,patterns/461-480_动物瑞兽纹/470_苍龙纹_卡片图.jpg
471,双凤朝阳纹,Pair of Phoenixes Facing the Sun Pattern,shuāng fèng cháo yáng wén,动物瑞兽纹,不限定单一时期。相关凤凰、四象与祥瑞神兽题材长期见于宫廷织绣、瓷器、建筑彩画、墓葬壁画、木雕漆器和民间吉祥装饰；本批卡片为现代原创再设计，不对应或复制单一文物图案。,,以双凤相向朝阳为核心，配合祥云、火焰宝珠与牡丹，表现高贵和美、光明吉庆的祥瑞意象。,富贵、圆满、吉祥、升腾,高贵、和美、吉庆、光明,,通常由左右对称的双凤、中央红日或火焰宝珠、层叠祥云、牡丹、瑞草和装饰花叶组成。双凤向中心昂首，尾羽向下回旋，使纵向画面形成稳定的环抱结构。,婚庆与礼庆视觉、礼赠包装、文博文创、高端家居纹样、品牌吉祥图形、数字插画,双凤左右对称，构图庄重完整、红日位于视觉中心，主题识别明确、凤羽层次丰富，线条舒展流动、青绿、朱砂、浅金与米白呈现华丽而克制的宫廷气质,双凤朝阳纹、双凤纹、朝阳纹、祥瑞禽鸟纹、高贵、和美、吉庆、光明、富贵、圆满、吉祥、升腾,青绿、朱砂、浅金、米白、赭石,团凤衔花纹、鸾凤和鸣纹、朱雀纹、凤穿牡丹纹、龙凤团寿纹,https://wenyang.net/#/p/pair-of-phoenixes-facing-the-sun-pattern,第24批_461-480_动物瑞兽纹,patterns/461-480_动物瑞兽纹/471_双凤朝阳纹_卡片图.jpg
472,团凤衔花纹,Phoenix Medallion Holding Flowers Pattern,tuán fèng xián huā wén,动物瑞兽纹,不限定单一时期。相关凤凰、四象与祥瑞神兽题材长期见于宫廷织绣、瓷器、建筑彩画、墓葬壁画、木雕漆器和民间吉祥装饰；本批卡片为现代原创再设计，不对应或复制单一文物图案。,,以团凤衔花为核心，凤凰回旋成团并衔持花枝，融合祥云与牡丹，呈现高贵和美、吉庆繁盛之意。,富贵、圆满、吉祥、生机,高贵、和美、吉庆、繁盛,,通常由居中的团凤、口衔花枝、圆形或椭圆形边界、祥云、火焰宝珠、牡丹和卷草组成。凤凰尾羽回绕并与花叶相接，使主体形成完整闭合的团花结构。,礼赠包装、婚庆图形、文博文创、丝巾服饰印花、品牌徽章、数字插画,凤凰盘旋成团，构图集中而圆满、口衔花枝强化吉庆和繁盛主题、羽翼与尾羽围绕中心形成连续节奏、花卉边饰与云火元素提升装饰性,团凤衔花纹、团凤纹、衔花纹、团花纹、高贵、和美、吉庆、繁盛、富贵、圆满、吉祥、生机,青绿、朱砂、浅金、米白、淡粉,双凤朝阳纹、凤衔灵芝纹、鸾凤和鸣纹、团花纹、凤穿海棠纹,https://wenyang.net/#/p/phoenix-medallion-holding-flowers-pattern,第24批_461-480_动物瑞兽纹,patterns/461-480_动物瑞兽纹/472_团凤衔花纹_卡片图.jpg
473,凤穿海棠纹,Phoenix among Begonias Pattern,fèng chuān hǎi táng wén,动物瑞兽纹,不限定单一时期。相关凤凰、四象与祥瑞神兽题材长期见于宫廷织绣、瓷器、建筑彩画、墓葬壁画、木雕漆器和民间吉祥装饰；本批卡片为现代原创再设计，不对应或复制单一文物图案。,,以凤凰穿行海棠花枝为核心，融合祥云、火焰宝珠与山石，表现富贵和美、雅致祥瑞的花鸟意境。,富贵、圆满、清雅、祥瑞,富贵、和美、雅致、祥瑞,,通常由展翼凤凰、海棠花枝、山石、祥云、火焰宝珠和瑞草组成。凤凰沿纵向穿行，尾羽向下舒展，海棠花枝从四周围合，使主体呈现流动而平衡的构图。,女性品牌视觉、礼赠包装、文博文创、服饰印花、家居软装、数字插画,凤凰展翼穿行，画面动势明显、海棠花枝环绕主体，气质柔美雅致、长尾与枝干交错，形成丰富层次、青绿、朱砂、粉白与浅金兼具华美和清雅,凤穿海棠纹、凤凰纹、海棠纹、花鸟纹、富贵、和美、雅致、祥瑞、圆满、清雅,青绿、朱砂、淡粉、浅金、米白,团凤衔花纹、凤衔灵芝纹、海棠团花纹、双凤朝阳纹、凤穿牡丹纹,https://wenyang.net/#/p/phoenix-among-begonias-pattern,第24批_461-480_动物瑞兽纹,patterns/461-480_动物瑞兽纹/473_凤穿海棠纹_卡片图.jpg
474,凤衔灵芝纹,Phoenix Holding Lingzhi Pattern,fèng xián líng zhī wén,动物瑞兽纹,不限定单一时期。相关凤凰、四象与祥瑞神兽题材长期见于宫廷织绣、瓷器、建筑彩画、墓葬壁画、木雕漆器和民间吉祥装饰；本批卡片为现代原创再设计，不对应或复制单一文物图案。,,以凤凰衔持灵芝为核心，配合祥云、火焰宝珠、牡丹与山石，寓意长寿如意、华贵祥瑞。,长寿、吉祥、祥瑞、富贵,长寿、如意、祥瑞、高贵,,通常由凤凰、口衔灵芝、祥云、火焰宝珠、牡丹、山石和瑞草组成。凤凰位于主视觉中央，灵芝突出在头部前方，尾羽向画面下方展开并与花叶、云气相接。,寿庆礼赠包装、文博文创、养生品牌图形、高端家居纹样、服饰印花、数字插画,凤凰衔灵芝，主题识别清晰、凤羽与灵芝曲线相互呼应、尾羽、云气和花卉形成流畅纵向节奏、朱砂、青绿与浅金体现祥瑞华贵气质,凤衔灵芝纹、凤凰纹、灵芝纹、长寿纹、长寿、如意、祥瑞、高贵、吉祥、富贵,青绿、朱砂、浅金、米白、赭石,团凤衔花纹、鸾鸟衔绶纹、灵芝如意纹、双凤朝阳纹、凤穿海棠纹,https://wenyang.net/#/p/phoenix-holding-lingzhi-pattern,第24批_461-480_动物瑞兽纹,patterns/461-480_动物瑞兽纹/474_凤衔灵芝纹_卡片图.jpg
475,鸾鸟衔绶纹,Luan Bird Holding a Ribbon Pattern,luán niǎo xián shòu wén,动物瑞兽纹,不限定单一时期。相关凤凰、四象与祥瑞神兽题材长期见于宫廷织绣、瓷器、建筑彩画、墓葬壁画、木雕漆器和民间吉祥装饰；本批卡片为现代原创再设计，不对应或复制单一文物图案。,,以鸾鸟衔持绶带为核心，融合祥云、宝珠、牡丹与山石，表现祥瑞和鸣、清雅吉庆的礼仪意象。,祥瑞、圆满、清雅、吉祥,祥瑞、和鸣、清雅、吉庆,,通常由鸾鸟、口衔绶带、吉祥结、流苏、祥云、火焰宝珠、牡丹和山石组成。鸾鸟居中立于花石之间，绶带向左或向下回旋，长尾向右延展，形成均衡的横纵关系。,礼庆品牌视觉、礼赠包装、文博文创、服饰丝巾、家居软装、数字插画,鸾鸟姿态端雅，羽色清丽、绶带和流苏形成柔软曲线、长尾与花枝共同延展画面节奏、青绿、朱砂、浅金营造清雅礼仪气质,鸾鸟衔绶纹、鸾鸟纹、衔绶纹、祥瑞禽鸟纹、祥瑞、和鸣、清雅、吉庆、圆满、吉祥,青绿、朱砂、浅金、米白、淡粉,凤衔灵芝纹、鸾凤和鸣纹、团凤衔花纹、绶带纹、双凤朝阳纹,https://wenyang.net/#/p/luan-bird-holding-a-ribbon-pattern,第24批_461-480_动物瑞兽纹,patterns/461-480_动物瑞兽纹/475_鸾鸟衔绶纹_卡片图.jpg
476,鸾凤和鸣纹,Luan and Phoenix in Harmony Pattern,luán fèng hé míng wén,动物瑞兽纹,不限定单一时期。相关凤凰、四象与祥瑞神兽题材长期见于宫廷织绣、瓷器、建筑彩画、墓葬壁画、木雕漆器和民间吉祥装饰；本批卡片为现代原创再设计，不对应或复制单一文物图案。,,以鸾鸟与凤凰相向和鸣为核心，配合祥云、火焰宝珠与牡丹，象征高贵和美、吉庆和谐。,富贵、圆满、吉祥,高贵、和美、吉庆、和谐,,通常由一只鸾鸟、一只凤凰、中央祥云或火焰宝珠、牡丹、瑞草和山石组成。双鸟左右或上下相对，头部朝向中心，长尾向两侧或下方舒展，形成平衡的双主体构图。,婚庆主视觉、礼赠包装、文博文创、情侣品牌图形、家居装饰、数字插画,鸾凤相向呼应，主题具有叙事性、双鸟羽色形成青绿与朱砂对比、长尾交错延展，画面节奏舒展、花卉与祥云强化和美吉庆氛围,鸾凤和鸣纹、鸾凤纹、和鸣纹、双禽纹、高贵、和美、吉庆、和谐、富贵、圆满、吉祥,青绿、朱砂、浅金、米白、淡粉,双凤朝阳纹、鸾鸟衔绶纹、龙凤团寿纹、团凤衔花纹、凤穿海棠纹,https://wenyang.net/#/p/luan-and-phoenix-in-harmony-pattern,第24批_461-480_动物瑞兽纹,patterns/461-480_动物瑞兽纹/476_鸾凤和鸣纹_卡片图.jpg
477,朱雀纹,Vermilion Bird Pattern,zhū què wén,动物瑞兽纹,不限定单一时期。相关凤凰、四象与祥瑞神兽题材长期见于宫廷织绣、瓷器、建筑彩画、墓葬壁画、木雕漆器和民间吉祥装饰；本批卡片为现代原创再设计，不对应或复制单一文物图案。,,以朱雀展翼升腾为核心，融合火焰、祥云、宝珠与牡丹，表现光明祥瑞、旺盛生命与升腾华彩。,升腾、祥瑞、生机,光明、祥瑞、升腾、生命力,,通常由朱雀、火焰冠羽、展开双翼、火焰宝珠、祥云、牡丹和瑞草组成。朱雀位于画面中心并向上飞升，尾羽向下回旋，云火元素围绕主体形成热烈的旋转动势。,文化品牌主视觉、节庆包装、文博文创、游戏与影视设定、服饰印花、数字插画,朱雀以朱砂红为主色，视觉鲜明、双翼大幅展开，姿态昂扬、冠羽和尾羽呈火焰状延展、云火、宝珠与花卉共同强化升腾感,朱雀纹、四象纹、南方神兽纹、光明、祥瑞、升腾、生命力、生机,朱砂、浅金、青绿、米白、墨黑,青龙纹、白虎纹、玄武纹、双凤朝阳纹,https://wenyang.net/#/p/vermilion-bird-pattern,第24批_461-480_动物瑞兽纹,patterns/461-480_动物瑞兽纹/477_朱雀纹_卡片图.jpg
478,玄武纹,Black Tortoise Pattern,xuán wǔ wén,动物瑞兽纹,不限定单一时期。相关凤凰、四象与祥瑞神兽题材长期见于宫廷织绣、瓷器、建筑彩画、墓葬壁画、木雕漆器和民间吉祥装饰；本批卡片为现代原创再设计，不对应或复制单一文物图案。,,以龟蛇相合的玄武形象为核心，融合祥云、海水、宝珠与莲花，象征守护长寿、安定沉稳。,护佑、长寿、坚贞,守护、长寿、安定、沉稳,,通常由黑龟、盘绕长蛇、龟甲纹、海水江崖、祥云、火焰宝珠、莲花和山石组成。龟位于下方承托主体，蛇身向上盘旋，形成稳固基座与上升曲线并存的构图。,安防与守护品牌图形、文博文创、家居陈设装饰、游戏与影视设定、首饰纹样、数字插画,龟蛇相合，形象辨识度高、龟甲几何纹与蛇身曲线形成对比、整体色调深沉稳重、海水、山石和莲花强化安定与长寿意象,玄武纹、四象纹、龟蛇纹、北方神兽纹、守护、长寿、安定、沉稳、护佑、坚贞,墨黑、青绿、浅金、米白、朱砂,青龙纹、白虎纹、朱雀纹、龟背纹、海水江崖纹,https://wenyang.net/#/p/black-tortoise-pattern,第24批_461-480_动物瑞兽纹,patterns/461-480_动物瑞兽纹/478_玄武纹_卡片图.jpg
479,白虎纹,White Tiger Pattern,bái hǔ wén,动物瑞兽纹,不限定单一时期。相关凤凰、四象与祥瑞神兽题材长期见于宫廷织绣、瓷器、建筑彩画、墓葬壁画、木雕漆器和民间吉祥装饰；本批卡片为现代原创再设计，不对应或复制单一文物图案。,,以白虎威猛前行的姿态为核心，融合祥云、火焰宝珠、牡丹与山石，体现威武镇守、勇力祥瑞。,威仪、护佑、祥瑞,威武、镇守、勇力、祥瑞,,通常由白虎、山石、祥云、火焰宝珠、牡丹和瑞草组成。白虎沿斜向或纵向前进，前爪突出，尾部向上回旋，山石和花卉围绕主体形成坚实而饱满的环境。,守护品牌图形、体育与团队标识、文博文创、游戏与影视设定、服饰印花、数字插画,白色虎身与墨色条纹对比鲜明、前行姿态富有力量和压迫感、锐目、利爪与张口强化威仪、山石、牡丹与云火平衡刚猛气质,白虎纹、四象纹、西方神兽纹、威武、镇守、勇力、祥瑞、威仪、护佑,米白、墨黑、浅金、青绿、朱砂,青龙纹、玄武纹、朱雀纹、虎面纹、虎啸山林纹,https://wenyang.net/#/p/white-tiger-pattern,第24批_461-480_动物瑞兽纹,patterns/461-480_动物瑞兽纹/479_白虎纹_卡片图.jpg
480,青龙纹,Azure Dragon Pattern,qīng lóng wén,动物瑞兽纹,不限定单一时期。相关凤凰、四象与祥瑞神兽题材长期见于宫廷织绣、瓷器、建筑彩画、墓葬壁画、木雕漆器和民间吉祥装饰；本批卡片为现代原创再设计，不对应或复制单一文物图案。,,以青龙盘旋升腾为核心，融合祥云、海水、火焰宝珠与牡丹，表现权威祥瑞、东方生机与升腾力量。,威仪、祥瑞、升腾、生机,权威、祥瑞、升腾、生机,,通常由青龙、火焰宝珠、祥云、海水江崖、牡丹和山石组成。龙身自上而下盘旋，龙首朝向宝珠，尾部与海浪相接，形成纵向升腾与循环回转相结合的构图。,文化品牌主视觉、文博文创、高端礼赠包装、游戏与影视设定、服饰印花、数字插画,青绿色龙身识别鲜明、龙身盘旋形成强烈纵向动势、鬃须、龙鳞与爪部线条细密、海水、祥云与花卉兼具威仪和华美,青龙纹、四象纹、东方神兽纹、权威、祥瑞、升腾、生机、威仪,青绿、深蓝、浅金、米白、朱砂,白虎纹、朱雀纹、玄武纹、苍龙纹、云龙捧珠纹,https://wenyang.net/#/p/azure-dragon-pattern,第24批_461-480_动物瑞兽纹,patterns/461-480_动物瑞兽纹/480_青龙纹_卡片图.jpg
481,四神纹,Four Symbols Pattern,sì shén wén,动物瑞兽纹,不限定单一时期。相关四象、兽面、鱼龙变化及复合神兽题材长期见于青铜器、建筑门饰、宫廷织绣、瓷器、墓葬壁画、木雕漆器和民间吉祥装饰；本批卡片为现代原创再设计，不对应或复制单一文物图案。,,以青龙、白虎、朱雀、玄武四神同构为核心，配合祥云、海水与宝珠，表现四方守护、秩序安定与祥瑞圆满。,护佑、秩序、祥瑞,四方守护、秩序、祥瑞、安定,,通常由青龙、白虎、朱雀、玄武四个主体构成，辅以中央宝珠、云火、海水江崖、牡丹和瑞草。四神可环绕中心排列，也可依上下左右分区，使画面形成稳定的四方秩序。,文化机构主视觉、城市与空间导视、文博文创、游戏与影视世界观、家居镇守装饰、数字插画,四种神兽同场呈现，主题识别度高、多中心构图通过中央宝珠建立统一秩序、龙、虎、凤、龟蛇的形态对比丰富、青绿、朱砂、墨青与浅金兼具庄重与华彩,四神纹、四象纹、四方神兽纹、守护纹、四方守护、秩序、祥瑞、安定、护佑,青绿、朱砂、墨黑、浅金、米白,,https://wenyang.net/#/p/four-symbols-pattern,第25批_481-500_动物瑞兽纹,patterns/481-500_动物瑞兽纹/481_四神纹_卡片图.jpg
482,兽首衔环纹,Beast-Head Ring Handle Pattern,shòu shǒu xián huán wén,动物瑞兽纹,不限定单一时期。相关四象、兽面、鱼龙变化及复合神兽题材长期见于青铜器、建筑门饰、宫廷织绣、瓷器、墓葬壁画、木雕漆器和民间吉祥装饰；本批卡片为现代原创再设计，不对应或复制单一文物图案。,,以威严兽首衔持圆环为核心，融合云火、宝珠与花卉边饰，呈现祥瑞威仪、镇守护佑与尊贵秩序。,祥瑞、威仪、护佑、富贵,祥瑞、威仪、护佑、尊贵,,通常由正面兽首、口中圆环、额部宝珠、角饰、鬃毛、云火和花卉组成。兽首居中对称，圆环向下垂落，视觉重心稳定，适合圆形、门环形和徽章式构图。,建筑与空间标识、门饰与五金设计、品牌守护图形、文博文创、首饰配件、数字插画,正面兽首对称展开，威仪感强、圆环作为中心功能与装饰焦点、角、鬃毛与云火形成外扩动势、青铜青绿与浅金呈现器物质感,兽首衔环纹、兽面纹、衔环纹、门饰纹、祥瑞、威仪、护佑、尊贵、富贵,青铜绿、青绿、浅金、朱砂、米白,铺首纹、兽面云雷纹、虎面纹,https://wenyang.net/#/p/beast-head-ring-handle-pattern,第25批_481-500_动物瑞兽纹,patterns/481-500_动物瑞兽纹/482_兽首衔环纹_卡片图.jpg
483,铺首纹,Beast-Mask Door Knocker Pattern,pū shǒu wén,动物瑞兽纹,不限定单一时期。相关四象、兽面、鱼龙变化及复合神兽题材长期见于青铜器、建筑门饰、宫廷织绣、瓷器、墓葬壁画、木雕漆器和民间吉祥装饰；本批卡片为现代原创再设计，不对应或复制单一文物图案。,,以圆形铺首兽面和垂落门环为核心，配合云火、宝珠与牡丹，体现镇守安宅、威仪庄严与护佑之意。,护佑、威仪,镇守、安宅、威仪、护佑,,通常由圆形或盾形底盘、正面兽面、口衔圆环、铆钉、云火和花卉边饰组成。兽面占据中心，圆环下垂，底盘边缘形成完整轮廓，突出门饰和器物属性。,建筑入口标识、门把手与五金设计、安防品牌图形、文博文创、家居装饰、数字插画,圆形底盘与兽面对称统一、门环位于中心下部，结构明确、兽面眉眼突出，镇守气息强烈、铜绿、浅金与朱砂强化古建门饰质感,铺首纹、兽面纹、门饰纹、镇守、安宅、威仪、护佑,青铜绿、墨黑、浅金、朱砂、米白,兽首衔环纹、兽面云雷纹、虎面纹,https://wenyang.net/#/p/beast-mask-door-knocker-pattern,第25批_481-500_动物瑞兽纹,patterns/481-500_动物瑞兽纹/483_铺首纹_卡片图.jpg
484,鱼龙变化纹,Fish-to-Dragon Transformation Pattern,yú lóng biàn huà wén,动物瑞兽纹,不限定单一时期。相关四象、兽面、鱼龙变化及复合神兽题材长期见于青铜器、建筑门饰、宫廷织绣、瓷器、墓葬壁画、木雕漆器和民间吉祥装饰；本批卡片为现代原创再设计，不对应或复制单一文物图案。,,以鱼由水中跃起、逐步化为龙的连续变化为核心，融合海水、祥云与宝珠，寓意腾达进取、突破蜕变。,升腾、秩序,腾达、进取、变化、突破,,通常由水中鱼、过渡形态的鱼龙、腾空神龙、海水波涛、祥云、火焰宝珠和莲花构成。主体沿纵向由下至上排列，借连续姿态表现变化过程和上升方向。,成长主题品牌视觉、教育与考试礼赠、文博文创、游戏角色进化设定、运动与团队图形、数字插画,多阶段主体形成连续叙事、由海水到云天的空间层次清晰、鱼鳍逐渐转化为龙爪、龙角和鬃须、青绿海水与朱砂火焰强化冷暖对比,鱼龙变化纹、鱼龙纹、变化纹、进取纹、腾达、进取、变化、突破、升腾、秩序,青绿、深蓝、朱砂、浅金、米白,鱼化龙纹、龙鱼纹、云龙捧珠纹、海水江崖纹,https://wenyang.net/#/p/fish-to-dragon-transformation-pattern,第25批_481-500_动物瑞兽纹,patterns/481-500_动物瑞兽纹/484_鱼龙变化纹_卡片图.jpg
485,鱼化龙纹,Fish Becoming Dragon Pattern,yú huà lóng wén,动物瑞兽纹,不限定单一时期。相关四象、兽面、鱼龙变化及复合神兽题材长期见于青铜器、建筑门饰、宫廷织绣、瓷器、墓葬壁画、木雕漆器和民间吉祥装饰；本批卡片为现代原创再设计，不对应或复制单一文物图案。,,以鱼跃浪化龙的关键瞬间为核心，配合海水、祥云和火焰宝珠，表现功成升跃、奋进腾达与吉庆转变。,升腾,腾达、进取、功成、转变,,通常由鱼龙合体主体、海水波涛、祥云、火焰宝珠、莲花和瑞草组成。主体多沿对角线或纵向上升，龙首位于上方，鱼尾与浪花相连，形成清晰的升腾动势。,升学与晋升礼赠、成长品牌图形、文博文创、赛事与团队标识、游戏与影视设定、数字插画,鱼身与龙首融合，形态识别鲜明、主体由浪尖向云端上升、火焰宝珠强化目标与腾达寓意、鳞片、鱼鳍和鬃须形成细密装饰层次,鱼化龙纹、跃龙门纹、进取纹、腾达、进取、功成、转变、升腾,青绿、深蓝、朱砂、浅金、米白,鱼龙变化纹、龙鱼纹、升龙捧日纹、海水江崖纹,https://wenyang.net/#/p/fish-becoming-dragon-pattern,第25批_481-500_动物瑞兽纹,patterns/481-500_动物瑞兽纹/485_鱼化龙纹_卡片图.jpg
486,龙鱼纹,Dragon Fish Pattern,lóng yú wén,动物瑞兽纹,不限定单一时期。相关四象、兽面、鱼龙变化及复合神兽题材长期见于青铜器、建筑门饰、宫廷织绣、瓷器、墓葬壁画、木雕漆器和民间吉祥装饰；本批卡片为现代原创再设计，不对应或复制单一文物图案。,,以兼具龙首、龙角与鱼身鱼尾的龙鱼为核心，融合海水、云火与宝珠，呈现祥瑞力量、流转润泽与升腾之意。,威仪、祥瑞、升腾、自然,权威、祥瑞、升腾、润泽,,通常由龙首鱼身的主体、火焰宝珠、海水波涛、祥云、莲花和珊瑚瑞草组成。长身沿半圆画面盘旋，鱼尾与海浪相接，龙首昂向宝珠，形成追逐与升腾关系。,海洋文化品牌、文博文创、高端包装、游戏与影视神兽设定、服饰印花、数字插画,龙首与鱼尾结合，复合形态独特、长身随海浪弯曲，流动感强、鳞甲、鱼鳍与鬃须细节丰富、青绿宝蓝与浅金呈现水府祥瑞气质,龙鱼纹、海兽纹、升腾纹、权威、祥瑞、升腾、润泽、威仪、自然,青绿、深蓝、浅金、朱砂、米白,鱼化龙纹、鱼龙变化纹、云龙捧珠纹,https://wenyang.net/#/p/dragon-fish-pattern,第25批_481-500_动物瑞兽纹,patterns/481-500_动物瑞兽纹/486_龙鱼纹_卡片图.jpg
487,螭凤纹,Chi-Dragon and Phoenix Pattern,chī fèng wén,动物瑞兽纹,不限定单一时期。相关四象、兽面、鱼龙变化及复合神兽题材长期见于青铜器、建筑门饰、宫廷织绣、瓷器、墓葬壁画、木雕漆器和民间吉祥装饰；本批卡片为现代原创再设计，不对应或复制单一文物图案。,,以螭龙与凤凰相互呼应为核心，融合祥云、火焰宝珠与牡丹，表现高贵和美、吉庆祥瑞与升腾威仪。,富贵、圆满、吉祥、祥瑞,高贵、和美、吉庆、祥瑞,,通常由一至多条盘旋螭龙、展翼凤凰、中央火焰宝珠、祥云、牡丹和山石组成。龙位于上方或环绕中心，凤凰位于下方，形成上下呼应和环抱关系。,婚庆与礼庆图形、高端礼赠包装、文博文创、品牌吉祥图形、家居纹样、数字插画,螭龙与凤凰形成刚柔对比、云火与宝珠连接上下主体、龙身盘旋、凤尾舒展，动势丰富、青绿、朱砂与浅金营造华贵祥瑞气质,螭凤纹、螭龙纹、凤凰纹、龙凤纹、高贵、和美、吉庆、祥瑞、富贵、圆满、吉祥,青绿、朱砂、浅金、米白、赭石,龙凤团寿纹、云龙捧珠纹,https://wenyang.net/#/p/chi-dragon-and-phoenix-pattern,第25批_481-500_动物瑞兽纹,patterns/481-500_动物瑞兽纹/487_螭凤纹_卡片图.jpg
488,凤尾纹,Phoenix Tail Pattern,fèng wěi wén,动物瑞兽纹,不限定单一时期。相关四象、兽面、鱼龙变化及复合神兽题材长期见于青铜器、建筑门饰、宫廷织绣、瓷器、墓葬壁画、木雕漆器和民间吉祥装饰；本批卡片为现代原创再设计，不对应或复制单一文物图案。,,以层叠回旋的凤凰尾羽为核心，融合祥云、火焰宝珠和牡丹卷草，表现高贵华美、吉庆绵延与灵动升腾。,富贵、吉祥、连绵,高贵、华美、吉庆、绵延,,通常由成束凤尾羽、眼状羽纹、卷草花叶、祥云、火焰宝珠和牡丹组成。尾羽沿纵向或弧形展开，多个羽片彼此交叠，形成连续流动的装饰结构。,服饰与丝巾印花、包装边饰、品牌辅助纹样、文博文创、家居软装、数字背景,长尾羽层叠舒展，线条流畅、眼状羽纹形成鲜明识别点、羽梢与卷草相互穿插连接、适合边饰、局部纹样和满地连续设计,凤尾纹、羽饰纹、卷草纹、高贵、华美、吉庆、绵延、富贵、吉祥、连绵,青绿、孔雀蓝、朱砂、浅金、米白,卷草纹,https://wenyang.net/#/p/phoenix-tail-pattern,第25批_481-500_动物瑞兽纹,patterns/481-500_动物瑞兽纹/488_凤尾纹_卡片图.jpg
489,鸟首纹,Bird Head Pattern,niǎo shǒu wén,动物瑞兽纹,不限定单一时期。相关四象、兽面、鱼龙变化及复合神兽题材长期见于青铜器、建筑门饰、宫廷织绣、瓷器、墓葬壁画、木雕漆器和民间吉祥装饰；本批卡片为现代原创再设计，不对应或复制单一文物图案。,,以夸张神鸟首部为核心，突出锐目、钩喙、冠羽与卷曲羽饰，配合云火宝珠，呈现祥瑞威仪与护佑气势。,祥瑞、威仪、护佑、富贵,祥瑞、威仪、护佑、尊贵,,通常由正面或侧面的神鸟头部、钩喙、冠羽、颈羽、祥云、火焰宝珠、牡丹和卷草组成。主体头部放大，羽毛向四周延展，适合圆形、半圆形和徽章式构图。,品牌徽章、守护图腾设计、首饰与配件、文博文创、游戏与影视设定、数字插画,鸟首局部放大，视觉焦点集中、钩喙与锐目强化威仪感、冠羽和颈羽卷曲装饰性强、轮廓适合标志、徽章和器物局部应用,鸟首纹、神鸟纹、兽面化纹、祥瑞、威仪、护佑、尊贵、富贵,青绿、浅金、朱砂、米白、墨黑,凤尾纹、兽面纹、鸟兽合纹,https://wenyang.net/#/p/bird-head-pattern,第25批_481-500_动物瑞兽纹,patterns/481-500_动物瑞兽纹/489_鸟首纹_卡片图.jpg
490,鸟兽合纹,Combined Bird-and-Beast Pattern,niǎo shòu hé wén,动物瑞兽纹,不限定单一时期。相关四象、兽面、鱼龙变化及复合神兽题材长期见于青铜器、建筑门饰、宫廷织绣、瓷器、墓葬壁画、木雕漆器和民间吉祥装饰；本批卡片为现代原创再设计，不对应或复制单一文物图案。,,以鸟首、羽翼与走兽躯体融合的复合神兽为核心，配合云火、海水与牡丹，表现祥瑞威仪、护佑力量与奇异尊贵。,祥瑞、威仪、护佑、富贵,祥瑞、威仪、护佑、尊贵,,通常由鸟首、角冠、双翼、走兽躯体、四足利爪、长尾、祥云、火焰宝珠、海水山石和牡丹组成。主体以完整合体神兽形式居中，绝不拆分为普通鸟与兔等两个独立动物。,原创神兽IP、品牌守护图形、文博文创、游戏与影视设定、高端包装、数字插画,鸟首羽翼与走兽四足完整融合、复合神兽轮廓威严且富有想象力、羽毛、鳞甲与兽毛形成多重材质层次、云火、海水和牡丹共同强化祥瑞氛围,鸟兽合纹、鸟兽合体纹、复合神兽纹、祥瑞纹、祥瑞、威仪、护佑、尊贵、富贵,青绿、浅金、朱砂、米白、墨黑,鸟首纹、螭凤纹、神兽团纹、瑞兽云火纹,https://wenyang.net/#/p/combined-bird-and-beast-pattern,第25批_481-500_动物瑞兽纹,patterns/481-500_动物瑞兽纹/490_鸟兽合纹_卡片图.jpg
491,狮子滚绣球纹,Lions Playing with a Brocade Ball Pattern,shī zi gǔn xiù qiú wén,动物瑞兽纹,不限定单一时期。相关狮子、麒麟、天马、夔兽、兽面及复合神兽题材长期见于青铜器、建筑彩画、宫廷织绣、瓷器、石刻、木雕漆器和民间吉祥装饰；本批卡片为现代原创再设计，不对应或复制单一文物图案。,,以双狮围绕锦绣彩球嬉戏为核心，配合祥云、牡丹与飘带，表现镇守纳福、喜庆团圆与威仪祥瑞。,护佑、吉祥、威仪、圆满,镇守、喜庆、威仪、团圆,,通常由两只姿态相对或上下呼应的狮子、中央绣球、飘带、祥云、牡丹和山石组成。绣球构成视觉中心，双狮通过扑跃、回望或守护姿态形成动态环绕。,节庆品牌视觉、婚庆与礼赠包装、文博文创、空间入口装饰、家居摆件、数字插画,双狮与绣球形成明确的中心关系、鬃毛、尾部和飘带增强旋转动势、牡丹与祥云填充画面并强化喜庆氛围、青绿、朱砂、浅金与米白兼具华彩与古雅,狮子滚绣球纹、狮子纹、绣球纹、喜庆纹、镇守、喜庆、威仪、团圆、护佑、吉祥、圆满,青绿、朱砂、浅金、暖白、墨黑,狮子牡丹纹、麒麟祥云纹,https://wenyang.net/#/p/lions-playing-with-a-brocade-ball-pattern,第25批_481-500_动物瑞兽纹,patterns/481-500_动物瑞兽纹/491_狮子滚绣球纹_卡片图.jpg
492,狮子牡丹纹,Lion and Peony Pattern,shī zi mǔ dān wén,动物瑞兽纹,不限定单一时期。相关狮子、麒麟、天马、夔兽、兽面及复合神兽题材长期见于青铜器、建筑彩画、宫廷织绣、瓷器、石刻、木雕漆器和民间吉祥装饰；本批卡片为现代原创再设计，不对应或复制单一文物图案。,,以威严瑞狮与盛放牡丹同构为核心，配合祥云、宝珠与山石，表现镇守护佑、富贵繁盛与吉祥圆满。,富贵、生机、吉祥、护佑,富贵、繁盛、吉祥、护佑,,由一只或成对瑞狮、盛放牡丹、绣球或宝珠、祥云、山石和飘带组成。瑞狮作为主体，牡丹在前景或周围展开，形成主次分明、刚柔相济的构图。,高端礼盒包装、新中式家居、文博文创、品牌守护图形、服饰印花、数字插画,瑞狮鬃毛卷曲，形态饱满威严、牡丹层叠开放，强化富贵华美感、狮身与花枝形成刚柔对照、浅金、青绿与朱砂营造宫廷装饰气质,狮子牡丹纹、狮子纹、牡丹纹、富贵纹、富贵、繁盛、吉祥、护佑、生机,浅金、青绿、朱砂、米白、赭石,狮子滚绣球纹、牡丹凤鸟纹、瑞兽云火纹,https://wenyang.net/#/p/lion-and-peony-pattern,第25批_481-500_动物瑞兽纹,patterns/481-500_动物瑞兽纹/492_狮子牡丹纹_卡片图.jpg
493,麒麟送子纹,Qilin Bringing a Child Pattern,qí lín sòng zǐ wén,动物瑞兽纹,不限定单一时期。相关狮子、麒麟、天马、夔兽、兽面及复合神兽题材长期见于青铜器、建筑彩画、宫廷织绣、瓷器、石刻、木雕漆器和民间吉祥装饰；本批卡片为现代原创再设计，不对应或复制单一文物图案。,,以麒麟驮载童子送福而来为核心，融合祥云、宝珠与花卉，表现仁德祥瑞、福泽绵延与子嗣兴旺。,祥瑞、坚贞、福气,祥瑞、仁德、送福、子嗣兴旺,,通常由麒麟、童子、如意或莲花、祥云、火焰宝珠、牡丹和飘带构成。童子位于麒麟背上或身侧，麒麟向前行进，使画面具有明确的送福叙事。,新生礼赠、亲子文化品牌、节庆包装、文博文创、家居装饰画、数字插画,麒麟与童子形成鲜明的人兽叙事主体、人物服饰和神兽鳞甲细节丰富、祥云与飘带强化行进感和祥瑞气氛、金青朱砂色调温润喜庆,麒麟送子纹、麒麟纹、人物吉祥纹、送福纹、祥瑞、仁德、送福、子嗣兴旺、坚贞、福气,浅金、青绿、朱砂、米白、赭石,麒麟祥云纹、麒麟踏云纹、瑞兽云火纹,https://wenyang.net/#/p/qilin-bringing-a-child-pattern,第25批_481-500_动物瑞兽纹,patterns/481-500_动物瑞兽纹/493_麒麟送子纹_卡片图.jpg
494,麒麟祥云纹,Qilin and Cloud Pattern,qí lín xiáng yún wén,动物瑞兽纹,不限定单一时期。相关狮子、麒麟、天马、夔兽、兽面及复合神兽题材长期见于青铜器、建筑彩画、宫廷织绣、瓷器、石刻、木雕漆器和民间吉祥装饰；本批卡片为现代原创再设计，不对应或复制单一文物图案。,,以麒麟立于祥云瑞气之间为核心，配合火焰宝珠与花卉山石，表现仁德祥瑞、护佑纳福与升腾吉庆。,祥瑞、坚贞、护佑、福气,祥瑞、仁德、护佑、送福,,由单只麒麟、祥云、火焰宝珠、牡丹或瑞草、山石和飘带组成。麒麟位于主视觉中心，祥云托举其足部并围绕身躯，使构图具有上升和流动感。,祥瑞品牌图形、礼赠包装、文博文创、空间壁画、服饰印花、数字插画,麒麟鹿角、鳞甲与鬃毛细节清晰、祥云层叠环绕，形成轻盈升腾动势、宝珠与花卉建立祥瑞中心、青绿浅金朱砂配色庄重温润,麒麟祥云纹、麒麟纹、祥云纹、祥瑞纹、祥瑞、仁德、护佑、送福、坚贞、福气,青绿、浅金、朱砂、米白、墨黑,麒麟送子纹、麒麟踏云纹、天马祥云纹、瑞兽云火纹、祥云纹,https://wenyang.net/#/p/qilin-and-cloud-pattern,第25批_481-500_动物瑞兽纹,patterns/481-500_动物瑞兽纹/494_麒麟祥云纹_卡片图.jpg
495,麒麟踏云纹,Qilin Treading Clouds Pattern,qí lín tà yún wén,动物瑞兽纹,不限定单一时期。相关狮子、麒麟、天马、夔兽、兽面及复合神兽题材长期见于青铜器、建筑彩画、宫廷织绣、瓷器、石刻、木雕漆器和民间吉祥装饰；本批卡片为现代原创再设计，不对应或复制单一文物图案。,,以麒麟腾跃踏行于祥云之上为核心，融合宝珠、云火与花卉，表现仁德祥瑞、昂扬进取与升腾送福。,祥瑞、坚贞、升腾,祥瑞、仁德、进取、升腾,,通常由腾跃麒麟、脚下祥云、火焰宝珠、飘带、牡丹与瑞草组成。麒麟前足抬起，身体斜向上方，祥云沿运动方向展开，形成强烈的动势。,运动与成长品牌、礼赠包装、文博文创、游戏角色设计、空间壁画、数字插画,腾跃姿态突出力量与速度、云气沿身体方向展开，形成升腾节奏、鳞甲、鬃毛和尾部线条流动、青绿浅金和朱砂兼具华彩与灵动,麒麟踏云纹、麒麟纹、云气纹、升腾纹、祥瑞、仁德、进取、升腾、坚贞,青绿、浅金、朱砂、米白、深蓝,麒麟祥云纹、麒麟送子纹、瑞兽云火纹,https://wenyang.net/#/p/qilin-treading-clouds-pattern,第25批_481-500_动物瑞兽纹,patterns/481-500_动物瑞兽纹/495_麒麟踏云纹_卡片图.jpg
496,天马祥云纹,Celestial Horse and Auspicious Clouds Pattern,tiān mǎ xiáng yún wén,动物瑞兽纹,不限定单一时期。相关狮子、麒麟、天马、夔兽、兽面及复合神兽题材长期见于青铜器、建筑彩画、宫廷织绣、瓷器、石刻、木雕漆器和民间吉祥装饰；本批卡片为现代原创再设计，不对应或复制单一文物图案。,,以生翼天马腾跃于祥云之间为核心，配合火焰宝珠与花卉飘带，表现自由升腾、祥瑞远行与昂扬生命力。,祥瑞、升腾,祥瑞、升腾、自由、远行,,通常由生翼天马、层叠祥云、火焰宝珠、飘带、牡丹或瑞草组成。天马斜向腾跃，羽翼舒展，云气围绕身体和足部展开。,出行与旅行品牌、运动视觉、文博文创、游戏坐骑设计、服饰印花、数字插画,天马羽翼张开，轮廓轻盈有力、鬃毛与飘带顺势飞扬、祥云与宝珠建立纵向升腾节奏、米白、青绿、浅金与朱砂清雅华丽,天马祥云纹、天马纹、祥云纹、飞腾纹、祥瑞、升腾、自由、远行,米白、青绿、浅金、朱砂、深蓝,麒麟踏云纹、祥云纹,https://wenyang.net/#/p/celestial-horse-and-auspicious-clouds-pattern,第25批_481-500_动物瑞兽纹,patterns/481-500_动物瑞兽纹/496_天马祥云纹_卡片图.jpg
497,瑞兽云火纹,Auspicious Beast with Cloud and Flame Pattern,ruì shòu yún huǒ wén,动物瑞兽纹,不限定单一时期。相关狮子、麒麟、天马、夔兽、兽面及复合神兽题材长期见于青铜器、建筑彩画、宫廷织绣、瓷器、石刻、木雕漆器和民间吉祥装饰；本批卡片为现代原创再设计，不对应或复制单一文物图案。,,以瑞兽立于云火与宝珠之间为核心，融合山石、牡丹与瑞草，表现祥瑞护佑、昂扬自由与威仪升腾。,祥瑞、护佑、升腾,祥瑞、护佑、升腾、自由,,由一只复合瑞兽、祥云、火焰纹、宝珠、山石、牡丹和瑞草组成。瑞兽站立或迈步于山石之上，云火围绕头部和背部，宝珠置于上方形成视觉引导。,守护类品牌图形、游戏神兽设定、文博文创、礼赠包装、空间壁画、数字插画,复合瑞兽形态威严而富装饰性、云火围绕主体形成放射式节奏、山石与牡丹稳定画面重心、金青朱砂配色营造神圣华彩感,瑞兽云火纹、瑞兽纹、云火纹、护佑纹、祥瑞、护佑、升腾、自由,青绿、浅金、朱砂、米白、赭石,神兽团纹、麒麟祥云纹,https://wenyang.net/#/p/auspicious-beast-with-cloud-and-flame-pattern,第25批_481-500_动物瑞兽纹,patterns/481-500_动物瑞兽纹/497_瑞兽云火纹_卡片图.jpg
498,兽面云雷纹,Beast-Mask and Cloud-Thunder Pattern,shòu miàn yún léi wén,动物瑞兽纹,不限定单一时期。相关狮子、麒麟、天马、夔兽、兽面及复合神兽题材长期见于青铜器、建筑彩画、宫廷织绣、瓷器、石刻、木雕漆器和民间吉祥装饰；本批卡片为现代原创再设计，不对应或复制单一文物图案。,,以威严兽面与连续云雷回纹同构为核心，融合火焰宝珠与花卉边饰，表现镇守护佑、威仪秩序与古朴力量。,护佑、威仪、秩序,镇守、威仪、护佑、秩序,,通常由正面兽面、对称双角、火焰宝珠、云雷回纹、牡丹或瑞草边饰组成。兽面占据中心，云雷纹在四周连续展开，形成对称、严整的结构。,建筑入口图形、安防与守护品牌、文博文创、家具五金纹饰、包装边框、数字插画,正面兽面构图对称，威仪感强、云雷回纹连续折转，形成几何秩序、火焰宝珠提升神圣与守护意味、铜绿、青绿、浅金与朱砂古朴庄重,兽面云雷纹、兽面纹、云雷纹、镇守纹、镇守、威仪、护佑、秩序,青铜绿、青绿、浅金、朱砂、米白,夔兽纹、云雷纹,https://wenyang.net/#/p/beast-mask-and-cloud-thunder-pattern,第25批_481-500_动物瑞兽纹,patterns/481-500_动物瑞兽纹/498_兽面云雷纹_卡片图.jpg
499,夔兽纹,Kui Beast Pattern,kuí shòu wén,动物瑞兽纹,不限定单一时期。相关狮子、麒麟、天马、夔兽、兽面及复合神兽题材长期见于青铜器、建筑彩画、宫廷织绣、瓷器、石刻、木雕漆器和民间吉祥装饰；本批卡片为现代原创再设计，不对应或复制单一文物图案。,,以卷曲角饰、巨目獠牙与云旋身躯的夔兽为核心，融合云火、宝珠与花卉，表现威仪护佑、神秘力量与尊贵祥瑞。,祥瑞、威仪、护佑、富贵,祥瑞、威仪、护佑、尊贵,,通常由单只夔兽、卷曲角饰、云旋纹身、火焰宝珠、牡丹和瑞草组成。夔兽侧向或正侧结合呈现，身体纹样以旋涡和连续曲线组织。,文博品牌图形、游戏神兽设定、器物装饰纹样、首饰设计、空间壁画、数字插画,巨目獠牙和卷角强化威慑感、身躯以旋涡纹和曲线构成古朴节奏、利爪与昂首姿态突出力量、青绿、浅金与朱砂形成华丽青铜气质,夔兽纹、青铜兽纹、威仪纹、祥瑞、威仪、护佑、尊贵、富贵,青铜绿、青绿、浅金、朱砂、米白,兽面云雷纹、神兽团纹,https://wenyang.net/#/p/kui-beast-pattern,第25批_481-500_动物瑞兽纹,patterns/481-500_动物瑞兽纹/499_夔兽纹_卡片图.jpg
500,神兽团纹,Mythic Beast Medallion Pattern,shén shòu tuán wén,动物瑞兽纹,不限定单一时期。相关狮子、麒麟、天马、夔兽、兽面及复合神兽题材长期见于青铜器、建筑彩画、宫廷织绣、瓷器、石刻、木雕漆器和民间吉祥装饰；本批卡片为现代原创再设计，不对应或复制单一文物图案。,,以多种神兽环绕中央宝珠组成圆形团纹为核心，融合祥云、云火与花卉，表现祥瑞汇聚、护佑圆满与尊贵秩序。,祥瑞、威仪、护佑、圆满,祥瑞、威仪、护佑、圆满,,通常由圆形边框、中央火焰宝珠、龙、麒麟、狮兽或其他神兽、祥云、花卉与瑞草组成。多种神兽围绕中心排列，圆形边界保持整体秩序。,品牌徽章与章纹、文博文创、礼赠包装、空间穹顶装饰、游戏世界观图腾、数字插画,圆形团纹结构完整，视觉聚合度高、多种神兽同场但层级清晰、中央宝珠建立统一视觉中心、青绿浅金朱砂与米白呈现庄重华彩,神兽团纹、神兽纹、团花纹、复合祥瑞纹、祥瑞、威仪、护佑、圆满,青绿、浅金、朱砂、米白、墨黑,麒麟祥云纹、狮子滚绣球纹,https://wenyang.net/#/p/mythic-beast-medallion-pattern,第25批_481-500_动物瑞兽纹,patterns/481-500_动物瑞兽纹/500_神兽团纹_卡片图.jpg
